52565,GOOG,2022-01-15,lstm_pred_t3_close,0.4504789710044861
52566,GOOG,2022-01-15,ts_mixer_t3_close,0.4509616494178772
52567,GOOG,2022-01-15,mid_pred_t3_close,0.45072031021118164
52568,GOOG,2022-01-15,pct_pred_close,0.02146287191481817
52569,GOOG,2022-01-15,filtered_mid_price_t3,0.02146287191481817
52570,GOOG,2022-01-15,filtered_covariance_t3,0.0004761904761904762
52571,GOOG,2022-01-12,signal,1
52572,GOOG,2022-01-12,not_trust,1
52573,GOOG,2022-01-16,lstm_pred_t3_close,0.4574250280857086
52574,GOOG,2022-01-16,ts_mixer_t3_close,0.45494142174720764
52575,GOOG,2022-01-16,mid_pred_t3_close,0.45618322491645813
52576,GOOG,2022-01-16,pct_pred_close,0.06012563649847813
52577,GOOG,2022-01-16,filtered_mid_price_t3,0.06012563649847813
52578,GOOG,2022-01-16,filtered_covariance_t3,0.0008893709327548807
52579,GOOG,2022-01-13,signal,1
52580,GOOG,2022-01-13,not_trust,1
52581,GOOG,2022-01-17,lstm_pred_t3_close,0.46313560009002686
52582,GOOG,2022-01-17,ts_mixer_t3_close,0.4461973011493683
52583,GOOG,2022-01-17,mid_pred_t3_close,0.45466645061969757
52584,GOOG,2022-01-17,pct_pred_close,0.10825503206930778
52585,GOOG,2022-01-17,filtered_mid_price_t3,0.10825503206930778
52586,GOOG,2022-01-17,filtered_covariance_t3,0.0012198838205885155
52587,GOOG,2022-01-14,signal,1
52588,GOOG,2022-01-14,not_trust,1
52589,GOOG,2022-01-18,lstm_pred_t3_close,0.4631354510784149
52590,GOOG,2022-01-18,ts_mixer_t3_close,0.4461970627307892
52591,GOOG,2022-01-18,mid_pred_t3_close,0.45466625690460205
52592,GOOG,2022-01-18,pct_pred_close,0.4695908948511344
52593,GOOG,2022-01-18,filtered_mid_price_t3,0.15909060945087228
52594,GOOG,2022-01-18,filtered_covariance_t3,0.0014674922097496963
52595,GOOG,2022-01-15,signal,1
52596,GOOG,2022-02-15,lstm_pred_t3_close,0.454257994890213
52597,GOOG,2022-02-15,ts_mixer_t3_close,0.44223496317863464
52598,GOOG,2022-02-15,mid_pred_t3_close,0.44824647903442383
52599,GOOG,2022-02-15,pct_pred_close,0.021345070430210656
52600,GOOG,2022-02-15,filtered_mid_price_t3,0.021345070430210656
52601,GOOG,2022-02-15,filtered_covariance_t3,0.0004761904761904762
52602,GOOG,2022-02-12,signal,1
52603,GOOG,2022-02-12,not_trust,1
52604,GOOG,2022-02-16,lstm_pred_t3_close,0.454257994890213
52605,GOOG,2022-02-16,ts_mixer_t3_close,0.44223499298095703
52606,GOOG,2022-02-16,mid_pred_t3_close,0.448246493935585
52607,GOOG,2022-02-16,pct_pred_close,0.05931244215194677
52608,GOOG,2022-02-16,filtered_mid_price_t3,0.05931244215194677
52609,GOOG,2022-02-16,filtered_covariance_t3,0.0008893709327548807
52610,GOOG,2022-02-13,signal,1
52611,GOOG,2022-02-13,not_trust,1
52612,GOOG,2022-02-17,lstm_pred_t3_close,0.43868502974510193
52613,GOOG,2022-02-17,ts_mixer_t3_close,0.42795389890670776
52614,GOOG,2022-02-17,mid_pred_t3_close,0.43331946432590485
52615,GOOG,2022-02-17,pct_pred_close,0.10493695366559692
52616,GOOG,2022-02-17,filtered_mid_price_t3,0.10493695366559692
52617,GOOG,2022-02-17,filtered_covariance_t3,0.0012198838205885155
52618,GOOG,2022-02-14,signal,1
52619,GOOG,2022-02-14,not_trust,1
52620,GOOG,2022-02-18,lstm_pred_t3_close,0.42839956283569336
52621,GOOG,2022-02-18,ts_mixer_t3_close,0.4079053997993469
52622,GOOG,2022-02-18,mid_pred_t3_close,0.41815248131752014
52623,GOOG,2022-02-18,pct_pred_close,0.4380166669089511
52624,GOOG,2022-02-18,filtered_mid_price_t3,0.15090108834578073
52625,GOOG,2022-02-18,filtered_covariance_t3,0.0014674922097496963
52626,GOOG,2022-02-15,signal,1
52627,GOOG,2022-02-15,not_trust,1
52628,GOOG,2022-02-15,is_close,0
52629,GOOG,2022-02-15,final_signal,0
52630,GOOG,2022-02-19,lstm_pred_t3_close,0.4221160411834717
52631,GOOG,2022-02-19,ts_mixer_t3_close,0.3951770067214966
52632,GOOG,2022-02-19,mid_pred_t3_close,0.40864652395248413
52633,GOOG,2022-02-19,pct_pred_close,0.280807355189996
52634,GOOG,2022-02-19,filtered_mid_price_t3,0.19327522385945134
52635,GOOG,2022-02-19,filtered_covariance_t3,0.0016440304913228326
52636,GOOG,2022-02-16,signal,1
52637,GOOG,2022-02-16,not_trust,1
52638,GOOG,2022-02-16,is_close,0
52639,GOOG,2022-02-16,final_signal,0
52640,GOOG,2022-02-20,lstm_pred_t3_close,0.41214844584465027
52641,GOOG,2022-02-20,ts_mixer_t3_close,0.3769598603248596
52642,GOOG,2022-02-20,mid_pred_t3_close,0.39455415308475494
52643,GOOG,2022-02-20,pct_pred_close,0.18386126203985248
52644,GOOG,2022-02-20,filtered_mid_price_t3,0.22881105043928507
52645,GOOG,2022-02-20,filtered_covariance_t3,0.0017655015712080004
52646,GOOG,2022-02-17,signal,1
52647,GOOG,2022-02-17,not_trust,1
52648,GOOG,2022-02-17,is_close,0
52649,GOOG,2022-02-17,final_signal,0
52650,GOOG,2022-02-21,lstm_pred_t3_close,0.39914289116859436
52651,GOOG,2022-02-21,ts_mixer_t3_close,0.36265531182289124
52652,GOOG,2022-02-21,mid_pred_t3_close,0.3808991014957428
52653,GOOG,2022-02-21,pct_pred_close,0.12277138494452965
52654,GOOG,2022-02-21,filtered_mid_price_t3,0.2569024999923287
52655,GOOG,2022-02-21,filtered_covariance_t3,0.001847051714971063
52656,GOOG,2022-02-18,signal,1
52657,GOOG,2022-02-18,not_trust,1
52658,GOOG,2022-02-18,is_close,0
52659,GOOG,2022-02-18,final_signal,0
52660,GOOG,2022-02-22,lstm_pred_t3_close,0.39914295077323914
52661,GOOG,2022-02-22,ts_mixer_t3_close,0.3626554608345032
52662,GOOG,2022-02-22,mid_pred_t3_close,0.38089920580387115
52663,GOOG,2022-02-22,pct_pred_close,0.09174897239627254
52664,GOOG,2022-02-22,filtered_mid_price_t3,0.2804730403726583
52665,GOOG,2022-02-22,filtered_covariance_t3,0.0019009005300635558
52666,GOOG,2022-02-19,signal,1
52667,GOOG,2022-02-19,not_trust,1
52668,GOOG,2022-02-23,lstm_pred_t3_close,0.3991434574127197
52669,GOOG,2022-02-23,ts_mixer_t3_close,0.3626560866832733
52670,GOOG,2022-02-23,mid_pred_t3_close,0.3808997720479965
52671,GOOG,2022-02-23,pct_pred_close,0.06932328754981133
52672,GOOG,2022-02-23,filtered_mid_price_t3,0.29991635360038194
52673,GOOG,2022-02-23,filtered_covariance_t3,0.0019360695009552269
52674,GOOG,2022-02-20,signal,1
52675,GOOG,2022-02-20,not_trust,1
52676,GOOG,2022-02-24,lstm_pred_t3_close,0.3991442322731018
52677,GOOG,2022-02-24,ts_mixer_t3_close,0.3626573383808136
52678,GOOG,2022-02-24,mid_pred_t3_close,0.3809007853269577
52679,GOOG,2022-02-24,pct_pred_close,0.05289418450974774
52680,GOOG,2022-02-24,filtered_mid_price_t3,0.3157801845452113
52681,GOOG,2022-02-24,filtered_covariance_t3,0.0019588741448961105
52682,GOOG,2022-02-21,signal,1
52683,GOOG,2022-02-21,not_trust,1
52684,GOOG,2022-02-25,lstm_pred_t3_close,0.38651812076568604
52685,GOOG,2022-02-25,ts_mixer_t3_close,0.3560360074043274
52686,GOOG,2022-02-25,mid_pred_t3_close,0.3712770640850067
52687,GOOG,2022-02-25,pct_pred_close,0.034684959508312595
52688,GOOG,2022-02-25,filtered_mid_price_t3,0.3267330074596894
52689,GOOG,2022-02-25,filtered_covariance_t3,0.001973592570483915
52690,GOOG,2022-02-22,signal,1
52691,GOOG,2022-02-22,not_trust,1
52692,GOOG,2022-02-22,is_close,0
52693,GOOG,2022-02-22,final_signal,0
52694,GOOG,2022-02-26,lstm_pred_t3_close,0.37474116683006287
52695,GOOG,2022-02-26,ts_mixer_t3_close,0.3506004214286804
52696,GOOG,2022-02-26,mid_pred_t3_close,0.36267079412937164
52697,GOOG,2022-02-26,pct_pred_close,0.021811971895534268
52698,GOOG,2022-02-26,filtered_mid_price_t3,0.33385969863574355
52699,GOOG,2022-02-26,filtered_covariance_t3,0.0019830634650815373
52700,GOOG,2022-02-23,signal,1
52701,GOOG,2022-02-23,not_trust,1
52702,GOOG,2022-02-23,is_close,0
52703,GOOG,2022-02-23,final_signal,0
52704,GOOG,2022-02-27,lstm_pred_t3_close,0.37345314025878906
52705,GOOG,2022-02-27,ts_mixer_t3_close,0.36307400465011597
52706,GOOG,2022-02-27,mid_pred_t3_close,0.3682635724544525
52707,GOOG,2022-02-27,pct_pred_close,0.020497929284536368
52708,GOOG,2022-02-27,filtered_mid_price_t3,0.34070313112933565
52709,GOOG,2022-02-27,filtered_covariance_t3,0.0019891459111998663
52710,GOOG,2022-02-24,signal,1
52711,GOOG,2022-02-24,not_trust,1
52712,GOOG,2022-02-24,is_close,0
52713,GOOG,2022-02-24,final_signal,0
52714,GOOG,2022-02-28,lstm_pred_t3_close,0.382570743560791
52715,GOOG,2022-02-28,ts_mixer_t3_close,0.3934951424598694
52716,GOOG,2022-02-28,mid_pred_t3_close,0.3880329430103302
52717,GOOG,2022-02-28,pct_pred_close,0.027687023492546828
52718,GOOG,2022-02-28,filtered_mid_price_t3,0.3501361867248978
52719,GOOG,2022-02-28,filtered_covariance_t3,0.0019930473459899927
52720,GOOG,2022-02-25,signal,1
52721,GOOG,2022-02-25,not_trust,1
52722,GOOG,2022-02-25,is_close,0
52723,GOOG,2022-02-25,final_signal,0
52724,GOOG,2022-03-01,lstm_pred_t3_close,0.3825705349445343
52725,GOOG,2022-03-01,ts_mixer_t3_close,0.3934949040412903
52726,GOOG,2022-03-01,mid_pred_t3_close,0.3880327194929123
52727,GOOG,2022-03-01,pct_pred_close,0.021598551195357044
52728,GOOG,2022-03-01,filtered_mid_price_t3,0.3576986210792226
52729,GOOG,2022-03-01,filtered_covariance_t3,0.00199554782507905
52730,GOOG,2022-02-26,signal,1
52731,GOOG,2022-02-26,not_trust,1
52732,GOOG,2022-03-02,lstm_pred_t3_close,0.3825712203979492
52733,GOOG,2022-03-02,ts_mixer_t3_close,0.3934955596923828
52734,GOOG,2022-03-02,mid_pred_t3_close,0.388033390045166
52735,GOOG,2022-03-02,pct_pred_close,0.0169369038397527
52736,GOOG,2022-03-02,filtered_mid_price_t3,0.36375692822805356
52737,GOOG,2022-03-02,filtered_covariance_t3,0.0019971495928096795
52738,GOOG,2022-02-27,signal,1
52739,GOOG,2022-02-27,not_trust,1
52740,GOOG,2022-03-03,lstm_pred_t3_close,0.3971670866012573
52741,GOOG,2022-03-03,ts_mixer_t3_close,0.4125293493270874
52742,GOOG,2022-03-03,mid_pred_t3_close,0.40484821796417236
52743,GOOG,2022-03-03,pct_pred_close,0.022572106476091446
52744,GOOG,2022-03-03,filtered_mid_price_t3,0.37196768834343313
52745,GOOG,2022-03-03,filtered_covariance_t3,0.001998175323312471
52746,GOOG,2022-02-28,signal,1
52747,GOOG,2022-02-28,not_trust,1
52748,GOOG,2022-02-28,is_close,0
52749,GOOG,2022-02-28,final_signal,0
52750,GOOG,2022-03-04,lstm_pred_t3_close,0.409763902425766
52751,GOOG,2022-03-04,ts_mixer_t3_close,0.42188555002212524
52752,GOOG,2022-03-04,mid_pred_t3_close,0.4158247262239456
52753,GOOG,2022-03-04,pct_pred_close,0.023567329928250436
52754,GOOG,2022-03-04,filtered_mid_price_t3,0.38073397357727146
52755,GOOG,2022-03-04,filtered_covariance_t3,0.0019988320364275093
52756,GOOG,2022-03-01,signal,1
52757,GOOG,2022-03-01,not_trust,1
52758,GOOG,2022-03-01,is_close,0
52759,GOOG,2022-03-01,final_signal,0
52760,GOOG,2022-03-05,lstm_pred_t3_close,0.4188991189002991
52761,GOOG,2022-03-05,ts_mixer_t3_close,0.4335922300815582
52762,GOOG,2022-03-05,mid_pred_t3_close,0.42624567449092865
52763,GOOG,2022-03-05,pct_pred_close,0.023898413358746554
52764,GOOG,2022-03-05,filtered_mid_price_t3,0.3898329114575392
52765,GOOG,2022-03-05,filtered_covariance_t3,0.0019992524334631672
52766,GOOG,2022-03-02,signal,1
52767,GOOG,2022-03-02,not_trust,1
52768,GOOG,2022-03-02,is_close,0
52769,GOOG,2022-03-02,final_signal,0
52770,GOOG,2022-03-06,lstm_pred_t3_close,0.4233814477920532
52771,GOOG,2022-03-06,ts_mixer_t3_close,0.4464721381664276
52772,GOOG,2022-03-06,mid_pred_t3_close,0.4349267929792404
52773,GOOG,2022-03-06,pct_pred_close,0.023129444505528268
52774,GOOG,2022-03-06,filtered_mid_price_t3,0.39884953014952484
52775,GOOG,2022-03-06,filtered_covariance_t3,0.0019995215288013024
52776,GOOG,2022-03-03,signal,1
52777,GOOG,2022-03-03,not_trust,1
52778,GOOG,2022-03-03,is_close,0
52779,GOOG,2022-03-03,final_signal,0
52780,GOOG,2022-03-07,lstm_pred_t3_close,0.42227086424827576
52781,GOOG,2022-03-07,ts_mixer_t3_close,0.4354286789894104
52782,GOOG,2022-03-07,mid_pred_t3_close,0.4288497716188431
52783,GOOG,2022-03-07,pct_pred_close,0.015041084752820942
52784,GOOG,2022-03-07,filtered_mid_price_t3,0.40484865973612666
52785,GOOG,2022-03-07,filtered_covariance_t3,0.001999693766710929
52786,GOOG,2022-03-04,signal,1
52787,GOOG,2022-03-04,not_trust,1
52788,GOOG,2022-03-04,is_close,0
52789,GOOG,2022-03-04,final_signal,0
52790,GOOG,2022-03-08,lstm_pred_t3_close,0.42227086424827576
52791,GOOG,2022-03-08,ts_mixer_t3_close,0.4354286789894104
52792,GOOG,2022-03-08,mid_pred_t3_close,0.4288497716188431
52793,GOOG,2022-03-08,pct_pred_close,0.011855669652021573
52794,GOOG,2022-03-08,filtered_mid_price_t3,0.40964841170502186
52795,GOOG,2022-03-08,filtered_covariance_t3,0.001999804005893401
52796,GOOG,2022-03-05,signal,1
52797,GOOG,2022-03-05,not_trust,1
52798,GOOG,2022-03-09,lstm_pred_t3_close,0.42227086424827576
52799,GOOG,2022-03-09,ts_mixer_t3_close,0.4354286789894104
52800,GOOG,2022-03-09,mid_pred_t3_close,0.4288497716188431
52801,GOOG,2022-03-09,pct_pred_close,0.009373968053210401
52802,GOOG,2022-03-09,filtered_mid_price_t3,0.4134884428293931
52803,GOOG,2022-03-09,filtered_covariance_t3,0.001999874561804965
52804,GOOG,2022-03-06,signal,1
52805,GOOG,2022-03-06,not_trust,1
52806,GOOG,2022-03-10,lstm_pred_t3_close,0.4091606140136719
52807,GOOG,2022-03-10,ts_mixer_t3_close,0.40329650044441223
52808,GOOG,2022-03-10,mid_pred_t3_close,0.40622855722904205
52809,GOOG,2022-03-10,pct_pred_close,-0.00351138916209046
52810,GOOG,2022-03-10,filtered_mid_price_t3,0.41203652399259233
52811,GOOG,2022-03-10,filtered_covariance_t3,0.001999919718749551
52812,GOOG,2022-03-07,signal,1
52813,GOOG,2022-03-07,not_trust,1
52814,GOOG,2022-03-07,is_close,0
52815,GOOG,2022-03-07,final_signal,0
52816,GOOG,2022-03-11,lstm_pred_t3_close,0.39352235198020935
52817,GOOG,2022-03-11,ts_mixer_t3_close,0.3789312541484833
52818,GOOG,2022-03-11,mid_pred_t3_close,0.3862268030643463
52819,GOOG,2022-03-11,pct_pred_close,-0.012527558296126715
52820,GOOG,2022-03-11,filtered_mid_price_t3,0.4068747124181417
52821,GOOG,2022-03-11,filtered_covariance_t3,0.0019999486196697223
52822,GOOG,2022-03-08,signal,-1
52823,GOOG,2022-03-08,not_trust,1
52824,GOOG,2022-03-08,is_close,0
52825,GOOG,2022-03-08,final_signal,0
52826,GOOG,2022-03-12,lstm_pred_t3_close,0.3913537859916687
52827,GOOG,2022-03-12,ts_mixer_t3_close,0.3901752829551697
52828,GOOG,2022-03-12,mid_pred_t3_close,0.3907645344734192
52829,GOOG,2022-03-12,pct_pred_close,-0.007918856873205362
52830,GOOG,2022-03-12,filtered_mid_price_t3,0.40365272980517586
52831,GOOG,2022-03-12,filtered_covariance_t3,0.0019999671164534568
52832,GOOG,2022-03-09,signal,-1
52833,GOOG,2022-03-09,not_trust,1
52834,GOOG,2022-03-09,is_close,0
52835,GOOG,2022-03-09,final_signal,0
52836,GOOG,2022-03-13,lstm_pred_t3_close,0.3941330015659332
52837,GOOG,2022-03-13,ts_mixer_t3_close,0.38786476850509644
52838,GOOG,2022-03-13,mid_pred_t3_close,0.39099888503551483
52839,GOOG,2022-03-13,pct_pred_close,-0.006269602894727889
52840,GOOG,2022-03-13,filtered_mid_price_t3,0.4011219874819245
52841,GOOG,2022-03-13,filtered_covariance_t3,0.001999978954474848
52842,GOOG,2022-03-10,signal,-1
52843,GOOG,2022-03-10,not_trust,1
52844,GOOG,2022-03-10,is_close,0
52845,GOOG,2022-03-10,final_signal,0
52846,GOOG,2022-03-14,lstm_pred_t3_close,0.3936428725719452
52847,GOOG,2022-03-14,ts_mixer_t3_close,0.36536452174186707
52848,GOOG,2022-03-14,mid_pred_t3_close,0.37950369715690613
52849,GOOG,2022-03-14,pct_pred_close,-0.01077883806401915
52850,GOOG,2022-03-14,filtered_mid_price_t3,0.39679835853493933
52851,GOOG,2022-03-14,filtered_covariance_t3,0.0019999865308412256
52852,GOOG,2022-03-11,signal,-1
52853,GOOG,2022-03-11,not_trust,1
52854,GOOG,2022-03-11,is_close,0
52855,GOOG,2022-03-11,final_signal,0
52856,GOOG,2022-03-15,lstm_pred_t3_close,0.3936428725719452
52857,GOOG,2022-03-15,ts_mixer_t3_close,0.36536452174186707
52858,GOOG,2022-03-15,mid_pred_t3_close,0.37950369715690613
52859,GOOG,2022-03-15,pct_pred_close,-0.008717065715470752
52860,GOOG,2022-03-15,filtered_mid_price_t3,0.39333944116779934
52861,GOOG,2022-03-15,filtered_covariance_t3,0.001999991379729096
52862,GOOG,2022-03-12,signal,-1
52863,GOOG,2022-03-12,not_trust,1
52864,GOOG,2022-03-16,lstm_pred_t3_close,0.3936428725719452
52865,GOOG,2022-03-16,ts_mixer_t3_close,0.36536452174186707
52866,GOOG,2022-03-16,mid_pred_t3_close,0.37950369715690613
52867,GOOG,2022-03-16,pct_pred_close,-0.00703499542485442
52868,GOOG,2022-03-16,filtered_mid_price_t3,0.3905722999987691
52869,GOOG,2022-03-16,filtered_covariance_t3,0.001999994483022817
52870,GOOG,2022-03-13,signal,-1
52871,GOOG,2022-03-13,not_trust,1
52872,GOOG,2022-03-17,lstm_pred_t3_close,0.38476723432540894
52873,GOOG,2022-03-17,ts_mixer_t3_close,0.3397357761859894
52874,GOOG,2022-03-17,mid_pred_t3_close,0.36225150525569916
52875,GOOG,2022-03-17,pct_pred_close,-0.014502177827091161
52876,GOOG,2022-03-17,filtered_mid_price_t3,0.38490815104985093
52877,GOOG,2022-03-17,filtered_covariance_t3,0.0019999964691330445
52878,GOOG,2022-03-14,signal,-1
52879,GOOG,2022-03-14,not_trust,1
52880,GOOG,2022-03-14,is_close,0
52881,GOOG,2022-03-14,final_signal,0
52882,GOOG,2022-03-18,lstm_pred_t3_close,0.3779735863208771
52883,GOOG,2022-03-18,ts_mixer_t3_close,0.3519166111946106
52884,GOOG,2022-03-18,mid_pred_t3_close,0.36494509875774384
52885,GOOG,2022-03-18,pct_pred_close,-0.010372879702260708
52886,GOOG,2022-03-18,filtered_mid_price_t3,0.38091554510259124
52887,GOOG,2022-03-18,filtered_covariance_t3,0.00199999774024451
52888,GOOG,2022-03-15,signal,-1
52889,GOOG,2022-03-15,not_trust,1
52890,GOOG,2022-03-15,is_close,0
52891,GOOG,2022-03-15,final_signal,0
52892,GOOG,2022-03-19,lstm_pred_t3_close,0.3805968463420868
52893,GOOG,2022-03-19,ts_mixer_t3_close,0.3653331696987152
52894,GOOG,2022-03-19,mid_pred_t3_close,0.372965008020401
52895,GOOG,2022-03-19,pct_pred_close,-0.004174432592842327
52896,GOOG,2022-03-19,filtered_mid_price_t3,0.3793254388359947
52897,GOOG,2022-03-19,filtered_covariance_t3,0.001999998553756225
52898,GOOG,2022-03-16,signal,-1
52899,GOOG,2022-03-16,not_trust,1
52900,GOOG,2022-03-16,is_close,0
52901,GOOG,2022-03-16,final_signal,0
52902,GOOG,2022-03-20,lstm_pred_t3_close,0.389647901058197
52903,GOOG,2022-03-20,ts_mixer_t3_close,0.39570853114128113
52904,GOOG,2022-03-20,mid_pred_t3_close,0.3926782160997391
52905,GOOG,2022-03-20,pct_pred_close,0.0070402718705497615
52906,GOOG,2022-03-20,filtered_mid_price_t3,0.3819959930528157
52907,GOOG,2022-03-20,filtered_covariance_t3,0.001999999074403877
52908,GOOG,2022-03-17,signal,-1
52909,GOOG,2022-03-17,not_trust,1
52910,GOOG,2022-03-17,is_close,0
52911,GOOG,2022-03-17,final_signal,0
52912,GOOG,2022-03-21,lstm_pred_t3_close,0.4033757746219635
52913,GOOG,2022-03-21,ts_mixer_t3_close,0.41733840107917786
52914,GOOG,2022-03-21,mid_pred_t3_close,0.4103570878505707
52915,GOOG,2022-03-21,pct_pred_close,0.014848892089576881
52916,GOOG,2022-03-21,filtered_mid_price_t3,0.3876682103323077
52917,GOOG,2022-03-21,filtered_covariance_t3,0.0019999994076184374
52918,GOOG,2022-03-18,signal,1
52919,GOOG,2022-03-18,not_trust,1
52920,GOOG,2022-03-18,is_close,0
52921,GOOG,2022-03-18,final_signal,0
52922,GOOG,2022-03-22,lstm_pred_t3_close,0.4033757746219635
52923,GOOG,2022-03-22,ts_mixer_t3_close,0.41733840107917786
52924,GOOG,2022-03-22,mid_pred_t3_close,0.4103570878505707
52925,GOOG,2022-03-22,pct_pred_close,0.01170530500701235
52926,GOOG,2022-03-22,filtered_mid_price_t3,0.39220598497577
52927,GOOG,2022-03-22,filtered_covariance_t3,0.001999999620875782
52928,GOOG,2022-03-19,signal,1
52929,GOOG,2022-03-19,not_trust,1
52930,GOOG,2022-03-23,lstm_pred_t3_close,0.4033757746219635
52931,GOOG,2022-03-23,ts_mixer_t3_close,0.41733840107917786
52932,GOOG,2022-03-23,mid_pred_t3_close,0.4103570878505707
52933,GOOG,2022-03-23,pct_pred_close,0.009255901933181725
52934,GOOG,2022-03-23,filtered_mid_price_t3,0.39583620511031264
52935,GOOG,2022-03-23,filtered_covariance_t3,0.001999999757360493
52936,GOOG,2022-03-20,signal,1
52937,GOOG,2022-03-20,not_trust,1
52938,GOOG,2022-03-24,lstm_pred_t3_close,0.417701780796051
52939,GOOG,2022-03-24,ts_mixer_t3_close,0.4267594516277313
52940,GOOG,2022-03-24,mid_pred_t3_close,0.4222306162118912
52941,GOOG,2022-03-24,pct_pred_close,0.0133360257154033
52942,GOOG,2022-03-24,filtered_mid_price_t3,0.40111508692075143
52943,GOOG,2022-03-24,filtered_covariance_t3,0.0019999998447107125
52944,GOOG,2022-03-21,signal,1
52945,GOOG,2022-03-21,not_trust,1
52946,GOOG,2022-03-21,is_close,0
52947,GOOG,2022-03-21,final_signal,0
52948,GOOG,2022-03-25,lstm_pred_t3_close,0.43460097908973694
52949,GOOG,2022-03-25,ts_mixer_t3_close,0.4528077244758606
52950,GOOG,2022-03-25,mid_pred_t3_close,0.44370435178279877
52951,GOOG,2022-03-25,pct_pred_close,0.021235432988882638
52952,GOOG,2022-03-25,filtered_mid_price_t3,0.4096329394698869
52953,GOOG,2022-03-25,filtered_covariance_t3,0.001999999900614855
52954,GOOG,2022-03-22,signal,1
52955,GOOG,2022-03-22,not_trust,1
52956,GOOG,2022-03-22,is_close,0
52957,GOOG,2022-03-22,final_signal,0
52958,GOOG,2022-03-26,lstm_pred_t3_close,0.4454738199710846
52959,GOOG,2022-03-26,ts_mixer_t3_close,0.4742657542228699
52960,GOOG,2022-03-26,mid_pred_t3_close,0.45986978709697723
52961,GOOG,2022-03-26,pct_pred_close,0.024527737488302566
52962,GOOG,2022-03-26,filtered_mid_price_t3,0.419680308675766
52963,GOOG,2022-03-26,filtered_covariance_t3,0.0019999999363935067
52964,GOOG,2022-03-23,signal,1
52965,GOOG,2022-03-23,not_trust,1
52966,GOOG,2022-03-23,is_close,0
52967,GOOG,2022-03-23,final_signal,0
52968,GOOG,2022-03-27,lstm_pred_t3_close,0.45550739765167236
52969,GOOG,2022-03-27,ts_mixer_t3_close,0.4851546287536621
52970,GOOG,2022-03-27,mid_pred_t3_close,0.47033101320266724
52971,GOOG,2022-03-27,pct_pred_close,0.024137755548156607
52972,GOOG,2022-03-27,filtered_mid_price_t3,0.42981044937495655
52973,GOOG,2022-03-27,filtered_covariance_t3,0.001999999959291844
52974,GOOG,2022-03-24,signal,1
52975,GOOG,2022-03-24,not_trust,1
52976,GOOG,2022-03-24,is_close,0
52977,GOOG,2022-03-24,final_signal,0
52978,GOOG,2022-03-28,lstm_pred_t3_close,0.46502381563186646
52979,GOOG,2022-03-28,ts_mixer_t3_close,0.5032575130462646
52980,GOOG,2022-03-28,mid_pred_t3_close,0.48414066433906555
52981,GOOG,2022-03-28,pct_pred_close,0.025281011355298137
52982,GOOG,2022-03-28,filtered_mid_price_t3,0.4406764922262306
52983,GOOG,2022-03-28,filtered_covariance_t3,0.00199999997394678
52984,GOOG,2022-03-25,signal,1
52985,GOOG,2022-03-25,not_trust,1
52986,GOOG,2022-03-25,is_close,0
52987,GOOG,2022-03-25,final_signal,0
52988,GOOG,2022-03-29,lstm_pred_t3_close,0.46502381563186646
52989,GOOG,2022-03-29,ts_mixer_t3_close,0.5032575130462646
52990,GOOG,2022-03-29,mid_pred_t3_close,0.48414066433906555
52991,GOOG,2022-03-29,pct_pred_close,0.019726113154299812
52992,GOOG,2022-03-29,filtered_mid_price_t3,0.44936932657632517
52993,GOOG,2022-03-29,filtered_covariance_t3,0.0019999999833259395
52994,GOOG,2022-03-26,signal,1
52995,GOOG,2022-03-26,not_trust,1
52996,GOOG,2022-03-30,lstm_pred_t3_close,0.46502381563186646
52997,GOOG,2022-03-30,ts_mixer_t3_close,0.5032575130462646
52998,GOOG,2022-03-30,mid_pred_t3_close,0.48414066433906555
52999,GOOG,2022-03-30,pct_pred_close,0.015475616834877633
53000,GOOG,2022-03-30,filtered_mid_price_t3,0.45632359409176737
53001,GOOG,2022-03-30,filtered_covariance_t3,0.0019999999893286014
53002,GOOG,2022-03-27,signal,1
53003,GOOG,2022-03-27,not_trust,1
53004,GOOG,2022-03-31,lstm_pred_t3_close,0.47472530603408813
53005,GOOG,2022-03-31,ts_mixer_t3_close,0.5102338194847107
53006,GOOG,2022-03-31,mid_pred_t3_close,0.4924795627593994
53007,GOOG,2022-03-31,pct_pred_close,0.015846635594693265
53008,GOOG,2022-03-31,filtered_mid_price_t3,0.46355478780060033
53009,GOOG,2022-03-31,filtered_covariance_t3,0.001999999993170305
53010,GOOG,2022-03-28,signal,1
53011,GOOG,2022-03-28,not_trust,1
53012,GOOG,2022-03-28,is_close,0
53013,GOOG,2022-03-28,final_signal,0
53014,GOOG,2022-04-01,lstm_pred_t3_close,0.48394936323165894
53015,GOOG,2022-04-01,ts_mixer_t3_close,0.5070722699165344
53016,GOOG,2022-04-01,mid_pred_t3_close,0.4955108165740967
53017,GOOG,2022-04-01,pct_pred_close,0.013787379418634036
53018,GOOG,2022-04-01,filtered_mid_price_t3,0.4699459935413316
53019,GOOG,2022-04-01,filtered_covariance_t3,0.0019999999956289947
53020,GOOG,2022-03-29,signal,1
53021,GOOG,2022-03-29,not_trust,1
53022,GOOG,2022-03-29,is_close,0
53023,GOOG,2022-03-29,final_signal,0
53024,GOOG,2022-04-02,lstm_pred_t3_close,0.4890916645526886
53025,GOOG,2022-04-02,ts_mixer_t3_close,0.5001708269119263
53026,GOOG,2022-04-02,mid_pred_t3_close,0.49463124573230743
53027,GOOG,2022-04-02,pct_pred_close,0.010505569787042777
53028,GOOG,2022-04-02,filtered_mid_price_t3,0.4748830439726212
53029,GOOG,2022-04-02,filtered_covariance_t3,0.0019999999972025568
53030,GOOG,2022-03-30,signal,1
53031,GOOG,2022-03-30,not_trust,1
53032,GOOG,2022-03-30,is_close,0
53033,GOOG,2022-03-30,final_signal,0
53034,GOOG,2022-04-03,lstm_pred_t3_close,0.48434728384017944
53035,GOOG,2022-04-03,ts_mixer_t3_close,0.4683437645435333
53036,GOOG,2022-04-03,mid_pred_t3_close,0.4763455241918564
53037,GOOG,2022-04-03,pct_pred_close,0.0006159328013448412
53038,GOOG,2022-04-03,filtered_mid_price_t3,0.47517554001620643
53039,GOOG,2022-04-03,filtered_covariance_t3,0.001999999998209636
53040,GOOG,2022-03-31,signal,1
53041,GOOG,2022-03-31,not_trust,1
53042,GOOG,2022-03-31,is_close,0
53043,GOOG,2022-03-31,final_signal,0
53044,GOOG,2022-04-04,lstm_pred_t3_close,0.47615647315979004
53045,GOOG,2022-04-04,ts_mixer_t3_close,0.4465000033378601
53046,GOOG,2022-04-04,mid_pred_t3_close,0.4613282382488251
53047,GOOG,2022-04-04,pct_pred_close,-0.005828288955688195
53048,GOOG,2022-04-04,filtered_mid_price_t3,0.4724060796643168
53049,GOOG,2022-04-04,filtered_covariance_t3,0.0019999999988541675
53050,GOOG,2022-04-01,signal,1
53051,GOOG,2022-04-01,not_trust,1
53052,GOOG,2022-04-01,is_close,0
53053,GOOG,2022-04-01,final_signal,0
53054,GOOG,2022-04-05,lstm_pred_t3_close,0.4761556088924408
53055,GOOG,2022-04-05,ts_mixer_t3_close,0.4465002119541168
53056,GOOG,2022-04-05,mid_pred_t3_close,0.4613279104232788
53057,GOOG,2022-04-05,pct_pred_close,-0.004690104430852358
53058,GOOG,2022-04-05,filtered_mid_price_t3,0.4701904458169216
53059,GOOG,2022-04-05,filtered_covariance_t3,0.0019999999992666674
53060,GOOG,2022-04-02,signal,-1
53061,GOOG,2022-04-02,not_trust,1
53062,GOOG,2022-04-06,lstm_pred_t3_close,0.4761556088924408
53063,GOOG,2022-04-06,ts_mixer_t3_close,0.4465002119541168
53064,GOOG,2022-04-06,mid_pred_t3_close,0.4613279104232788
53065,GOOG,2022-04-06,pct_pred_close,-0.0037697641329844786
53066,GOOG,2022-04-06,filtered_mid_price_t3,0.468417938738609
53067,GOOG,2022-04-06,filtered_covariance_t3,0.001999999999530667
53068,GOOG,2022-04-03,signal,-1
53069,GOOG,2022-04-03,not_trust,1
53070,GOOG,2022-04-07,lstm_pred_t3_close,0.4737008512020111
53071,GOOG,2022-04-07,ts_mixer_t3_close,0.44309842586517334
53072,GOOG,2022-04-07,mid_pred_t3_close,0.4583996385335922
53073,GOOG,2022-04-07,pct_pred_close,-0.004277504926685794
53074,GOOG,2022-04-07,filtered_mid_price_t3,0.4664142786979066
53075,GOOG,2022-04-07,filtered_covariance_t3,0.001999999999699627
53076,GOOG,2022-04-04,signal,-1
53077,GOOG,2022-04-04,not_trust,1
53078,GOOG,2022-04-04,is_close,0
53079,GOOG,2022-04-04,final_signal,0
53080,GOOG,2022-04-08,lstm_pred_t3_close,0.4698733687400818
53081,GOOG,2022-04-08,ts_mixer_t3_close,0.442766010761261
53082,GOOG,2022-04-08,mid_pred_t3_close,0.4563196897506714
53083,GOOG,2022-04-08,pct_pred_close,-0.00432859344462875
53084,GOOG,2022-04-08,filtered_mid_price_t3,0.4643953609086536
53085,GOOG,2022-04-08,filtered_covariance_t3,0.0019999999998077615
53086,GOOG,2022-04-05,signal,-1
53087,GOOG,2022-04-05,not_trust,1
53088,GOOG,2022-04-05,is_close,0
53089,GOOG,2022-04-05,final_signal,0
53090,GOOG,2022-04-09,lstm_pred_t3_close,0.45937854051589966
53091,GOOG,2022-04-09,ts_mixer_t3_close,0.4344286024570465
53092,GOOG,2022-04-09,mid_pred_t3_close,0.4469035714864731
53093,GOOG,2022-04-09,pct_pred_close,-0.007533145631291086
53094,GOOG,2022-04-09,filtered_mid_price_t3,0.4608970030244327
53095,GOOG,2022-04-09,filtered_covariance_t3,0.0019999999998769674
53096,GOOG,2022-04-06,signal,-1
53097,GOOG,2022-04-06,not_trust,1
53098,GOOG,2022-04-06,is_close,0
53099,GOOG,2022-04-06,final_signal,0
53100,GOOG,2022-04-10,lstm_pred_t3_close,0.44530001282691956
53101,GOOG,2022-04-10,ts_mixer_t3_close,0.43001624941825867
53102,GOOG,2022-04-10,mid_pred_t3_close,0.4376581311225891
53103,GOOG,2022-04-10,pct_pred_close,-0.010084193105372233
53104,GOOG,2022-04-10,filtered_mid_price_t3,0.456249228644247
53105,GOOG,2022-04-10,filtered_covariance_t3,0.001999999999921259
53106,GOOG,2022-04-07,signal,-1
53107,GOOG,2022-04-07,not_trust,1
53108,GOOG,2022-04-07,is_close,0
53109,GOOG,2022-04-07,final_signal,0
53110,GOOG,2022-04-11,lstm_pred_t3_close,0.4292260706424713
53111,GOOG,2022-04-11,ts_mixer_t3_close,0.42656034231185913
53112,GOOG,2022-04-11,mid_pred_t3_close,0.4278932064771652
53113,GOOG,2022-04-11,pct_pred_close,-0.012430058128811629
53114,GOOG,2022-04-11,filtered_mid_price_t3,0.45057802421097354
53115,GOOG,2022-04-11,filtered_covariance_t3,0.001999999999949606
53116,GOOG,2022-04-08,signal,-1
53117,GOOG,2022-04-08,not_trust,1
53118,GOOG,2022-04-08,is_close,0
53119,GOOG,2022-04-08,final_signal,0
53120,GOOG,2022-04-12,lstm_pred_t3_close,0.4292256236076355
53121,GOOG,2022-04-12,ts_mixer_t3_close,0.42656007409095764
53122,GOOG,2022-04-12,mid_pred_t3_close,0.42789284884929657
53123,GOOG,2022-04-12,pct_pred_close,-0.010069366077511691
53124,GOOG,2022-04-12,filtered_mid_price_t3,0.4460409891387113
53125,GOOG,2022-04-12,filtered_covariance_t3,0.001999999999967748
53126,GOOG,2022-04-09,signal,-1
53127,GOOG,2022-04-09,not_trust,1
53128,GOOG,2022-04-13,lstm_pred_t3_close,0.4292256236076355
53129,GOOG,2022-04-13,ts_mixer_t3_close,0.42656007409095764
53130,GOOG,2022-04-13,mid_pred_t3_close,0.42789284884929657
53131,GOOG,2022-04-13,pct_pred_close,-0.008137431640204591
53132,GOOG,2022-04-13,filtered_mid_price_t3,0.4424113610808658
53133,GOOG,2022-04-13,filtered_covariance_t3,0.0019999999999793586
53134,GOOG,2022-04-10,signal,-1
53135,GOOG,2022-04-10,not_trust,1
53136,GOOG,2022-04-14,lstm_pred_t3_close,0.4096183776855469
53137,GOOG,2022-04-14,ts_mixer_t3_close,0.40186020731925964
53138,GOOG,2022-04-14,mid_pred_t3_close,0.40573929250240326
53139,GOOG,2022-04-14,pct_pred_close,-0.01657826710807155
53140,GOOG,2022-04-14,filtered_mid_price_t3,0.43507694736522173
53141,GOOG,2022-04-14,filtered_covariance_t3,0.0019999999999867893
53142,GOOG,2022-04-11,signal,-1
53143,GOOG,2022-04-11,not_trust,1
53144,GOOG,2022-04-11,is_close,0
53145,GOOG,2022-04-11,final_signal,0
53146,GOOG,2022-04-15,lstm_pred_t3_close,0.39017874002456665
53147,GOOG,2022-04-15,ts_mixer_t3_close,0.37786757946014404
53148,GOOG,2022-04-15,mid_pred_t3_close,0.38402315974235535
53149,GOOG,2022-04-15,pct_pred_close,-0.02346885438625358
53150,GOOG,2022-04-15,filtered_mid_price_t3,0.42486618984069163
53151,GOOG,2022-04-15,filtered_covariance_t3,0.001999999999991545
53152,GOOG,2022-04-12,signal,-1
53153,GOOG,2022-04-12,not_trust,1
53154,GOOG,2022-04-12,is_close,0
53155,GOOG,2022-04-12,final_signal,0
53156,GOOG,2022-04-16,lstm_pred_t3_close,0.37915706634521484
53157,GOOG,2022-04-16,ts_mixer_t3_close,0.38500404357910156
53158,GOOG,2022-04-16,mid_pred_t3_close,0.3820805549621582
53159,GOOG,2022-04-16,pct_pred_close,-0.020140757679240496
53160,GOOG,2022-04-16,filtered_mid_price_t3,0.4163090628650081
53161,GOOG,2022-04-16,filtered_covariance_t3,0.0019999999999945886
53162,GOOG,2022-04-13,signal,-1
53163,GOOG,2022-04-13,not_trust,1
53164,GOOG,2022-04-13,is_close,0
53165,GOOG,2022-04-13,final_signal,0
53166,GOOG,2022-04-17,lstm_pred_t3_close,0.3716599941253662
53167,GOOG,2022-04-17,ts_mixer_t3_close,0.37795618176460266
53168,GOOG,2022-04-17,mid_pred_t3_close,0.37480808794498444
53169,GOOG,2022-04-17,pct_pred_close,-0.019937579371606867
53170,GOOG,2022-04-17,filtered_mid_price_t3,0.4080088678810177
53171,GOOG,2022-04-17,filtered_covariance_t3,0.0019999999999965367
53172,GOOG,2022-04-14,signal,-1
53173,GOOG,2022-04-14,not_trust,1
53174,GOOG,2022-04-14,is_close,0
53175,GOOG,2022-04-14,final_signal,0
53176,GOOG,2022-04-18,lstm_pred_t3_close,0.3716600835323334
53177,GOOG,2022-04-18,ts_mixer_t3_close,0.3779561221599579
53178,GOOG,2022-04-18,mid_pred_t3_close,0.37480810284614563
53179,GOOG,2022-04-18,pct_pred_close,-0.01627453109402381
53180,GOOG,2022-04-18,filtered_mid_price_t3,0.4013687148740506
53181,GOOG,2022-04-18,filtered_covariance_t3,0.0019999999999977835
53182,GOOG,2022-04-15,signal,-1
53183,GOOG,2022-04-15,not_trust,1
53184,GOOG,2022-04-19,lstm_pred_t3_close,0.3716605305671692
53185,GOOG,2022-04-19,ts_mixer_t3_close,0.37795576453208923
53186,GOOG,2022-04-19,mid_pred_t3_close,0.3748081475496292
53187,GOOG,2022-04-19,pct_pred_close,-0.013234996321393584
53188,GOOG,2022-04-19,filtered_mid_price_t3,0.3960566014091701
53189,GOOG,2022-04-19,filtered_covariance_t3,0.0019999999999985815
53190,GOOG,2022-04-16,signal,-1
53191,GOOG,2022-04-16,not_trust,1
53192,GOOG,2022-04-20,lstm_pred_t3_close,0.3716605305671692
53193,GOOG,2022-04-20,ts_mixer_t3_close,0.37795576453208923
53194,GOOG,2022-04-20,mid_pred_t3_close,0.3748081475496292
53195,GOOG,2022-04-20,pct_pred_close,-0.0107300086825616
53196,GOOG,2022-04-20,filtered_mid_price_t3,0.39180691063726386
53197,GOOG,2022-04-20,filtered_covariance_t3,0.001999999999999092
53198,GOOG,2022-04-17,signal,-1
53199,GOOG,2022-04-17,not_trust,1
53200,GOOG,2022-04-21,lstm_pred_t3_close,0.3684743046760559
53201,GOOG,2022-04-21,ts_mixer_t3_close,0.3687855303287506
53202,GOOG,2022-04-21,mid_pred_t3_close,0.36862991750240326
53203,GOOG,2022-04-21,pct_pred_close,-0.011830824064413282
53204,GOOG,2022-04-21,filtered_mid_price_t3,0.3871715120102931
53205,GOOG,2022-04-21,filtered_covariance_t3,0.001999999999999419
53206,GOOG,2022-04-18,signal,-1
53207,GOOG,2022-04-18,not_trust,1
53208,GOOG,2022-04-18,is_close,0
53209,GOOG,2022-04-18,final_signal,0
53210,GOOG,2022-04-22,lstm_pred_t3_close,0.3714545667171478
53211,GOOG,2022-04-22,ts_mixer_t3_close,0.3730485141277313
53212,GOOG,2022-04-22,mid_pred_t3_close,0.3722515404224396
53213,GOOG,2022-04-22,pct_pred_close,-0.007707163944156088
53214,GOOG,2022-04-22,filtered_mid_price_t3,0.38418751769272297
53215,GOOG,2022-04-22,filtered_covariance_t3,0.001999999999999628
53216,GOOG,2022-04-19,signal,-1
53217,GOOG,2022-04-19,not_trust,0.000008992882612801623
53218,GOOG,2022-04-19,is_close,0
53219,GOOG,2022-04-19,final_signal,-1
53220,GOOG,2022-04-23,lstm_pred_t3_close,0.3742228150367737
53221,GOOG,2022-04-23,ts_mixer_t3_close,0.3735860288143158
53222,GOOG,2022-04-23,mid_pred_t3_close,0.37390442192554474
53223,GOOG,2022-04-23,pct_pred_close,-0.005353164948686119
53224,GOOG,2022-04-23,filtered_mid_price_t3,0.38213089853928756
53225,GOOG,2022-04-23,filtered_covariance_t3,0.001999999999999762
53226,GOOG,2022-04-20,signal,-1
53227,GOOG,2022-04-20,not_trust,0.0000031513816338701872
53228,GOOG,2022-04-20,is_close,0
53229,GOOG,2022-04-20,final_signal,0
53230,GOOG,2022-04-24,lstm_pred_t3_close,0.3713921904563904
53231,GOOG,2022-04-24,ts_mixer_t3_close,0.36386239528656006
53232,GOOG,2022-04-24,mid_pred_t3_close,0.3676272928714752
53233,GOOG,2022-04-24,pct_pred_close,-0.007590909671660689
53234,GOOG,2022-04-24,filtered_mid_price_t3,0.3792301774057253
53235,GOOG,2022-04-24,filtered_covariance_t3,0.0019999999999998474
53236,GOOG,2022-04-21,signal,-1
53237,GOOG,2022-04-21,not_trust,0.000002005493342949194
53238,GOOG,2022-04-21,is_close,0
53239,GOOG,2022-04-21,final_signal,0
53240,GOOG,2022-04-25,lstm_pred_t3_close,0.3582867681980133
53241,GOOG,2022-04-25,ts_mixer_t3_close,0.34037551283836365
53242,GOOG,2022-04-25,mid_pred_t3_close,0.3493311405181885
53243,GOOG,2022-04-25,pct_pred_close,-0.015768279355863325
53244,GOOG,2022-04-25,filtered_mid_price_t3,0.3732503700282182
53245,GOOG,2022-04-25,filtered_covariance_t3,0.0019999999999999025
53246,GOOG,2022-04-22,signal,-1
53247,GOOG,2022-04-22,not_trust,0.0000022386636828741757
53248,GOOG,2022-04-22,is_close,0
53249,GOOG,2022-04-22,final_signal,0
53250,GOOG,2022-04-26,lstm_pred_t3_close,0.3582868278026581
53251,GOOG,2022-04-26,ts_mixer_t3_close,0.34037548303604126
53252,GOOG,2022-04-26,mid_pred_t3_close,0.34933115541934967
53253,GOOG,2022-04-26,pct_pred_close,-0.012816713139257878
53254,GOOG,2022-04-26,filtered_mid_price_t3,0.3684665271064447
53255,GOOG,2022-04-26,filtered_covariance_t3,0.0019999999999999376
53256,GOOG,2022-04-23,signal,-1
53257,GOOG,2022-04-23,not_trust,0.000002238644356111763
53258,GOOG,2022-04-27,lstm_pred_t3_close,0.3582868278026581
53259,GOOG,2022-04-27,ts_mixer_t3_close,0.34037548303604126
53260,GOOG,2022-04-27,mid_pred_t3_close,0.34933115541934967
53261,GOOG,2022-04-27,pct_pred_close,-0.010386491189505865
53262,GOOG,2022-04-27,filtered_mid_price_t3,0.36463945276902576
53263,GOOG,2022-04-27,filtered_covariance_t3,0.00199999999999996
53264,GOOG,2022-04-24,signal,-1
53265,GOOG,2022-04-24,not_trust,0.000002238644356111763
53266,GOOG,2022-04-28,lstm_pred_t3_close,0.3481721878051758
53267,GOOG,2022-04-28,ts_mixer_t3_close,0.3309870660305023
53268,GOOG,2022-04-28,mid_pred_t3_close,0.33957962691783905
53269,GOOG,2022-04-28,pct_pred_close,-0.013744988733876841
53270,GOOG,2022-04-28,filtered_mid_price_t3,0.3596274875987885
53271,GOOG,2022-04-28,filtered_covariance_t3,0.0019999999999999745
53272,GOOG,2022-04-25,signal,-1
53273,GOOG,2022-04-25,not_trust,0.0000017469324120611418
53274,GOOG,2022-04-25,is_close,0
53275,GOOG,2022-04-25,final_signal,0
53276,GOOG,2022-04-29,lstm_pred_t3_close,0.3376199007034302
53277,GOOG,2022-04-29,ts_mixer_t3_close,0.3098747134208679
53278,GOOG,2022-04-29,mid_pred_t3_close,0.32374730706214905
53279,GOOG,2022-04-29,pct_pred_close,-0.019954081250134075
53280,GOOG,2022-04-29,filtered_mid_price_t3,0.3524514514914607
53281,GOOG,2022-04-29,filtered_covariance_t3,0.0019999999999999836
53282,GOOG,2022-04-26,signal,-1
53283,GOOG,2022-04-26,not_trust,0.0000017718299432090134
53284,GOOG,2022-04-26,is_close,0
53285,GOOG,2022-04-26,final_signal,0
53286,GOOG,2022-04-30,lstm_pred_t3_close,0.32799410820007324
53287,GOOG,2022-04-30,ts_mixer_t3_close,0.28469768166542053
53288,GOOG,2022-04-30,mid_pred_t3_close,0.3063458949327469
53289,GOOG,2022-04-30,pct_pred_close,-0.026162784328797418
53290,GOOG,2022-04-30,filtered_mid_price_t3,0.343230340179718
53291,GOOG,2022-04-30,filtered_covariance_t3,0.0019999999999999896
53292,GOOG,2022-04-27,signal,-1
53293,GOOG,2022-04-27,not_trust,0.0000013790781849820632
53294,GOOG,2022-04-27,is_close,0
53295,GOOG,2022-04-27,final_signal,0
53296,GOOG,2022-05-01,lstm_pred_t3_close,0.31248319149017334
53297,GOOG,2022-05-01,ts_mixer_t3_close,0.2525104880332947
53298,GOOG,2022-05-01,mid_pred_t3_close,0.282496839761734
53299,GOOG,2022-05-01,pct_pred_close,-0.03538935420812929
53300,GOOG,2022-05-01,filtered_mid_price_t3,0.33108364009612123
53301,GOOG,2022-05-01,filtered_covariance_t3,0.0019999999999999935
53302,GOOG,2022-04-28,signal,-1
53303,GOOG,2022-04-28,not_trust,0.000000964752075560682
53304,GOOG,2022-04-28,is_close,0
53305,GOOG,2022-04-28,final_signal,0
53306,GOOG,2022-05-02,lstm_pred_t3_close,0.30248409509658813
53307,GOOG,2022-05-02,ts_mixer_t3_close,0.23377768695354462
53308,GOOG,2022-05-02,mid_pred_t3_close,0.2681308910250664
53309,GOOG,2022-05-02,pct_pred_close,-0.0380283055078034
53310,GOOG,2022-05-02,filtered_mid_price_t3,0.3184930902819103
53311,GOOG,2022-05-02,filtered_covariance_t3,0.0019999999999999957
53312,GOOG,2022-04-29,signal,-1
53313,GOOG,2022-04-29,not_trust,0.0000006567836976500985
53314,GOOG,2022-04-29,is_close,0
53315,GOOG,2022-04-29,final_signal,0
53316,GOOG,2022-05-03,lstm_pred_t3_close,0.31257981061935425
53317,GOOG,2022-05-03,ts_mixer_t3_close,0.2458527386188507
53318,GOOG,2022-05-03,mid_pred_t3_close,0.2792162746191025
53319,GOOG,2022-05-03,pct_pred_close,-0.024664155588457186
53320,GOOG,2022-05-03,filtered_mid_price_t3,0.31063772714934873
53321,GOOG,2022-05-03,filtered_covariance_t3,0.0019999999999999974
53322,GOOG,2022-04-30,signal,-1
53323,GOOG,2022-04-30,not_trust,0.0000007170415301516186
53324,GOOG,2022-05-04,lstm_pred_t3_close,0.31257981061935425
53325,GOOG,2022-05-04,ts_mixer_t3_close,0.2458527386188507
53326,GOOG,2022-05-04,mid_pred_t3_close,0.2792162746191025
53327,GOOG,2022-05-04,pct_pred_close,-0.020230287427476124
53328,GOOG,2022-05-04,filtered_mid_price_t3,0.3043534366432995
53329,GOOG,2022-05-04,filtered_covariance_t3,0.0019999999999999983
53330,GOOG,2022-05-01,signal,-1
53331,GOOG,2022-05-01,not_trust,0.0000007170415301516186
53332,GOOG,2022-05-05,lstm_pred_t3_close,0.29620787501335144
53333,GOOG,2022-05-05,ts_mixer_t3_close,0.23427294194698334
53334,GOOG,2022-05-05,mid_pred_t3_close,0.2652404084801674
53335,GOOG,2022-05-05,pct_pred_close,-0.025702373263471585
53336,GOOG,2022-05-05,filtered_mid_price_t3,0.29653083101067307
53337,GOOG,2022-05-05,filtered_covariance_t3,0.001999999999999999
53338,GOOG,2022-05-02,signal,-1
53339,GOOG,2022-05-02,not_trust,0.00000047140991910055163
53340,GOOG,2022-05-02,is_close,0
53341,GOOG,2022-05-02,final_signal,0
53342,GOOG,2022-05-06,lstm_pred_t3_close,0.2938354015350342
53343,GOOG,2022-05-06,ts_mixer_t3_close,0.23104415833950043
53344,GOOG,2022-05-06,mid_pred_t3_close,0.2624397799372673
53345,GOOG,2022-05-06,pct_pred_close,-0.022993259053173273
53346,GOOG,2022-05-06,filtered_mid_price_t3,0.2897126207959919
53347,GOOG,2022-05-06,filtered_covariance_t3,0.0019999999999999996
53348,GOOG,2022-05-03,signal,-1
53349,GOOG,2022-05-03,not_trust,0.00000029381936883510207
53350,GOOG,2022-05-03,is_close,0
53351,GOOG,2022-05-03,final_signal,0
53352,GOOG,2022-05-07,lstm_pred_t3_close,0.2996367812156677
53353,GOOG,2022-05-07,ts_mixer_t3_close,0.2384311854839325
53354,GOOG,2022-05-07,mid_pred_t3_close,0.2690339833498001
53355,GOOG,2022-05-07,pct_pred_close,-0.01427527553986204
53356,GOOG,2022-05-07,filtered_mid_price_t3,0.28557689330675357
53357,GOOG,2022-05-07,filtered_covariance_t3,0.002
53358,GOOG,2022-05-04,signal,-1
53359,GOOG,2022-05-04,not_trust,0.0000001747222455605879
53360,GOOG,2022-05-04,is_close,0
53361,GOOG,2022-05-04,final_signal,0
53362,GOOG,2022-05-08,lstm_pred_t3_close,0.3003840744495392
53363,GOOG,2022-05-08,ts_mixer_t3_close,0.2436508983373642
53364,GOOG,2022-05-08,mid_pred_t3_close,0.2720174863934517
53365,GOOG,2022-05-08,pct_pred_close,-0.009496151286117525
53366,GOOG,2022-05-08,filtered_mid_price_t3,0.2828650119240932
53367,GOOG,2022-05-08,filtered_covariance_t3,0.002
53368,GOOG,2022-05-05,signal,-1
53369,GOOG,2022-05-05,not_trust,0.00000020842745129812101
53370,GOOG,2022-05-05,is_close,0
53371,GOOG,2022-05-05,final_signal,0
53372,GOOG,2022-05-09,lstm_pred_t3_close,0.29589933156967163
53373,GOOG,2022-05-09,ts_mixer_t3_close,0.24448393285274506
53374,GOOG,2022-05-09,mid_pred_t3_close,0.27019163221120834
53375,GOOG,2022-05-09,pct_pred_close,-0.008960726267754626
53376,GOOG,2022-05-09,filtered_mid_price_t3,0.28033033598151624
53377,GOOG,2022-05-09,filtered_covariance_t3,0.002
53378,GOOG,2022-05-06,signal,-1
53379,GOOG,2022-05-06,not_trust,0.0000006904611495883728
53380,GOOG,2022-05-06,is_close,0
53381,GOOG,2022-05-06,final_signal,0
53382,GOOG,2022-05-10,lstm_pred_t3_close,0.29589933156967163
53383,GOOG,2022-05-10,ts_mixer_t3_close,0.24448393285274506
53384,GOOG,2022-05-10,mid_pred_t3_close,0.27019163221120834
53385,GOOG,2022-05-10,pct_pred_close,-0.0072333975092702466
53386,GOOG,2022-05-10,filtered_mid_price_t3,0.27830259522745465
53387,GOOG,2022-05-10,filtered_covariance_t3,0.002
53388,GOOG,2022-05-07,signal,-1
53389,GOOG,2022-05-07,not_trust,0.0000006904611495883728
53390,GOOG,2022-05-11,lstm_pred_t3_close,0.29589933156967163
53391,GOOG,2022-05-11,ts_mixer_t3_close,0.24448393285274506
53392,GOOG,2022-05-11,mid_pred_t3_close,0.27019163221120834
53393,GOOG,2022-05-11,pct_pred_close,-0.005828880617959903
53394,GOOG,2022-05-11,filtered_mid_price_t3,0.2766804026242054
53395,GOOG,2022-05-11,filtered_covariance_t3,0.002
53396,GOOG,2022-05-08,signal,-1
53397,GOOG,2022-05-08,not_trust,0.0000006904611495883728
53398,GOOG,2022-05-12,lstm_pred_t3_close,0.28493499755859375
53399,GOOG,2022-05-12,ts_mixer_t3_close,0.2377958446741104
53400,GOOG,2022-05-12,mid_pred_t3_close,0.2613654211163521
53401,GOOG,2022-05-12,pct_pred_close,-0.011070521339853924
53402,GOOG,2022-05-12,filtered_mid_price_t3,0.27361740632263476
53403,GOOG,2022-05-12,filtered_covariance_t3,0.002
53404,GOOG,2022-05-09,signal,-1
53405,GOOG,2022-05-09,not_trust,0.00000039243911942321574
53406,GOOG,2022-05-09,is_close,0
53407,GOOG,2022-05-09,final_signal,0
53408,GOOG,2022-05-13,lstm_pred_t3_close,0.2749917507171631
53409,GOOG,2022-05-13,ts_mixer_t3_close,0.24763435125350952
53410,GOOG,2022-05-13,mid_pred_t3_close,0.2613130509853363
53411,GOOG,2022-05-13,pct_pred_close,-0.008993839611789737
53412,GOOG,2022-05-13,filtered_mid_price_t3,0.2711565352551751
53413,GOOG,2022-05-13,filtered_covariance_t3,0.002
53414,GOOG,2022-05-10,signal,-1
53415,GOOG,2022-05-10,not_trust,0.000000244722969000577
53416,GOOG,2022-05-10,is_close,0
53417,GOOG,2022-05-10,final_signal,0
53418,GOOG,2022-05-14,lstm_pred_t3_close,0.26742154359817505
53419,GOOG,2022-05-14,ts_mixer_t3_close,0.24234503507614136
53420,GOOG,2022-05-14,mid_pred_t3_close,0.2548832893371582
53421,GOOG,2022-05-14,pct_pred_close,-0.01200284249295532
53422,GOOG,2022-05-14,filtered_mid_price_t3,0.2679018860715717
53423,GOOG,2022-05-14,filtered_covariance_t3,0.002
53424,GOOG,2022-05-11,signal,-1
53425,GOOG,2022-05-11,not_trust,0.00000019463551836906845
53426,GOOG,2022-05-11,is_close,0
53427,GOOG,2022-05-11,final_signal,0
53428,GOOG,2022-05-15,lstm_pred_t3_close,0.2596691846847534
53429,GOOG,2022-05-15,ts_mixer_t3_close,0.23982451856136322
53430,GOOG,2022-05-15,mid_pred_t3_close,0.24974685162305832
53431,GOOG,2022-05-15,pct_pred_close,-0.013553495060996493
53432,GOOG,2022-05-15,filtered_mid_price_t3,0.26427087918186903
53433,GOOG,2022-05-15,filtered_covariance_t3,0.002
53434,GOOG,2022-05-12,signal,-1
53435,GOOG,2022-05-12,not_trust,0.00000014062335651487956
53436,GOOG,2022-05-12,is_close,0
53437,GOOG,2022-05-12,final_signal,0
53438,GOOG,2022-05-16,lstm_pred_t3_close,0.2584981322288513
53439,GOOG,2022-05-16,ts_mixer_t3_close,0.24610324203968048
53440,GOOG,2022-05-16,mid_pred_t3_close,0.2523006871342659
53441,GOOG,2022-05-16,pct_pred_close,-0.009059032220773252
53442,GOOG,2022-05-16,filtered_mid_price_t3,0.2618768407723484
53443,GOOG,2022-05-16,filtered_covariance_t3,0.002
53444,GOOG,2022-05-13,signal,-1
53445,GOOG,2022-05-13,not_trust,0.00000011666082144756729
53446,GOOG,2022-05-13,is_close,0
53447,GOOG,2022-05-13,final_signal,0
53448,GOOG,2022-05-17,lstm_pred_t3_close,0.2584981322288513
53449,GOOG,2022-05-17,ts_mixer_t3_close,0.24610324203968048
53450,GOOG,2022-05-17,mid_pred_t3_close,0.2523006871342659
53451,GOOG,2022-05-17,pct_pred_close,-0.0073134788168665804
53452,GOOG,2022-05-17,filtered_mid_price_t3,0.2599616100447319
53453,GOOG,2022-05-17,filtered_covariance_t3,0.002
53454,GOOG,2022-05-14,signal,-1
53455,GOOG,2022-05-14,not_trust,0.00000011666082144756729
53456,GOOG,2022-05-18,lstm_pred_t3_close,0.2584981322288513
53457,GOOG,2022-05-18,ts_mixer_t3_close,0.24610324203968048
53458,GOOG,2022-05-18,mid_pred_t3_close,0.2523006871342659
53459,GOOG,2022-05-18,pct_pred_close,-0.005893887877635295
53460,GOOG,2022-05-18,filtered_mid_price_t3,0.2584294254626387
53461,GOOG,2022-05-18,filtered_covariance_t3,0.002
53462,GOOG,2022-05-15,signal,-1
53463,GOOG,2022-05-15,not_trust,0.00000011666082144756729
53464,GOOG,2022-05-19,lstm_pred_t3_close,0.2578304409980774
53465,GOOG,2022-05-19,ts_mixer_t3_close,0.25486186146736145
53466,GOOG,2022-05-19,mid_pred_t3_close,0.2563461512327194
53467,GOOG,2022-05-19,pct_pred_close,-0.0016122577575597749
53468,GOOG,2022-05-19,filtered_mid_price_t3,0.25801277061665484
53469,GOOG,2022-05-19,filtered_covariance_t3,0.002
53470,GOOG,2022-05-16,signal,-1
53471,GOOG,2022-05-16,not_trust,0.00000012375373614759155
53472,GOOG,2022-05-16,is_close,0
53473,GOOG,2022-05-16,final_signal,0
53474,GOOG,2022-05-20,lstm_pred_t3_close,0.25910863280296326
53475,GOOG,2022-05-20,ts_mixer_t3_close,0.25773632526397705
53476,GOOG,2022-05-20,mid_pred_t3_close,0.25842247903347015
53477,GOOG,2022-05-20,pct_pred_close,0.00031758770376838567
53478,GOOG,2022-05-20,filtered_mid_price_t3,0.2580947123000179
53479,GOOG,2022-05-20,filtered_covariance_t3,0.002
53480,GOOG,2022-05-17,signal,-1
53481,GOOG,2022-05-17,not_trust,0.00000017065251256553893
53482,GOOG,2022-05-17,is_close,0
53483,GOOG,2022-05-17,final_signal,0
53484,GOOG,2022-05-21,lstm_pred_t3_close,0.2533653974533081
53485,GOOG,2022-05-21,ts_mixer_t3_close,0.2408798336982727
53486,GOOG,2022-05-21,mid_pred_t3_close,0.2471226155757904
53487,GOOG,2022-05-21,pct_pred_close,-0.008502380096398962
53488,GOOG,2022-05-21,filtered_mid_price_t3,0.2559002929551724
53489,GOOG,2022-05-21,filtered_covariance_t3,0.002
53490,GOOG,2022-05-18,signal,-1
53491,GOOG,2022-05-18,not_trust,0.00000030409853479795856
53492,GOOG,2022-05-18,is_close,0
53493,GOOG,2022-05-18,final_signal,0
53494,GOOG,2022-05-22,lstm_pred_t3_close,0.24296368658542633
53495,GOOG,2022-05-22,ts_mixer_t3_close,0.2364378720521927
53496,GOOG,2022-05-22,mid_pred_t3_close,0.2397007793188095
53497,GOOG,2022-05-22,pct_pred_close,-0.012660801165398217
53498,GOOG,2022-05-22,filtered_mid_price_t3,0.2526603902278998
53499,GOOG,2022-05-22,filtered_covariance_t3,0.002
53500,GOOG,2022-05-19,signal,-1
53501,GOOG,2022-05-19,not_trust,0.0000006515986115118722
53502,GOOG,2022-05-19,is_close,0
53503,GOOG,2022-05-19,final_signal,0
53504,GOOG,2022-05-23,lstm_pred_t3_close,0.23057420551776886
53505,GOOG,2022-05-23,ts_mixer_t3_close,0.2225157767534256
53506,GOOG,2022-05-23,mid_pred_t3_close,0.22654499113559723
53507,GOOG,2022-05-23,pct_pred_close,-0.02067233337900449
53508,GOOG,2022-05-23,filtered_mid_price_t3,0.2474373104094393
53509,GOOG,2022-05-23,filtered_covariance_t3,0.002
53510,GOOG,2022-05-20,signal,-1
53511,GOOG,2022-05-20,not_trust,0.0000017083534658013377
53512,GOOG,2022-05-20,is_close,0
53513,GOOG,2022-05-20,final_signal,0
53514,GOOG,2022-05-24,lstm_pred_t3_close,0.23057420551776886
53515,GOOG,2022-05-24,ts_mixer_t3_close,0.2225157767534256
53516,GOOG,2022-05-24,mid_pred_t3_close,0.22654499113559723
53517,GOOG,2022-05-24,pct_pred_close,-0.01688695956100651
53518,GOOG,2022-05-24,filtered_mid_price_t3,0.2432588465546709
53519,GOOG,2022-05-24,filtered_covariance_t3,0.002
53520,GOOG,2022-05-21,signal,-1
53521,GOOG,2022-05-21,not_trust,0.0000017083534658013377
53522,GOOG,2022-05-25,lstm_pred_t3_close,0.23057420551776886
53523,GOOG,2022-05-25,ts_mixer_t3_close,0.2225157767534256
53524,GOOG,2022-05-25,mid_pred_t3_close,0.22654499113559723
53525,GOOG,2022-05-25,pct_pred_close,-0.013741621861482685
53526,GOOG,2022-05-25,filtered_mid_price_t3,0.23991607547085617
53527,GOOG,2022-05-25,filtered_covariance_t3,0.002
53528,GOOG,2022-05-22,signal,-1
53529,GOOG,2022-05-22,not_trust,0.0000017083534658013377
53530,GOOG,2022-05-26,lstm_pred_t3_close,0.2237127721309662
53531,GOOG,2022-05-26,ts_mixer_t3_close,0.2245560735464096
53532,GOOG,2022-05-26,mid_pred_t3_close,0.2241344228386879
53533,GOOG,2022-05-26,pct_pred_close,-0.013155977648596853
53534,GOOG,2022-05-26,filtered_mid_price_t3,0.2367597449444225
53535,GOOG,2022-05-26,filtered_covariance_t3,0.002
53536,GOOG,2022-05-23,signal,-1
53537,GOOG,2022-05-23,not_trust,0.0000018850347487386898
53538,GOOG,2022-05-23,is_close,0
53539,GOOG,2022-05-23,final_signal,0
53540,GOOG,2022-05-27,lstm_pred_t3_close,0.2201673686504364
53541,GOOG,2022-05-27,ts_mixer_t3_close,0.21336154639720917
53542,GOOG,2022-05-27,mid_pred_t3_close,0.21676445752382278
53543,GOOG,2022-05-27,pct_pred_close,-0.016890783038555335
53544,GOOG,2022-05-27,filtered_mid_price_t3,0.23276068746030257
53545,GOOG,2022-05-27,filtered_covariance_t3,0.002
53546,GOOG,2022-05-24,signal,-1
53547,GOOG,2022-05-24,not_trust,0.0000014134539014776237
53548,GOOG,2022-05-24,is_close,0
53549,GOOG,2022-05-24,final_signal,0
53550,GOOG,2022-05-28,lstm_pred_t3_close,0.21865475177764893
53551,GOOG,2022-05-28,ts_mixer_t3_close,0.2166074812412262
53552,GOOG,2022-05-28,mid_pred_t3_close,0.21763111650943756
53553,GOOG,2022-05-28,pct_pred_close,-0.013000108494219316
53554,GOOG,2022-05-28,filtered_mid_price_t3,0.22973477327012956
53555,GOOG,2022-05-28,filtered_covariance_t3,0.002
53556,GOOG,2022-05-25,signal,-1
53557,GOOG,2022-05-25,not_trust,0.0000012111725027352804
53558,GOOG,2022-05-25,is_close,0
53559,GOOG,2022-05-25,final_signal,0
53560,GOOG,2022-05-29,lstm_pred_t3_close,0.1957973837852478
53561,GOOG,2022-05-29,ts_mixer_t3_close,0.190825954079628
53562,GOOG,2022-05-29,mid_pred_t3_close,0.1933116689324379
53563,GOOG,2022-05-29,pct_pred_close,-0.031708829986189534
53564,GOOG,2022-05-29,filtered_mid_price_t3,0.22245015240259122
53565,GOOG,2022-05-29,filtered_covariance_t3,0.002
53566,GOOG,2022-05-26,signal,-1
53567,GOOG,2022-05-26,not_trust,0.0000015768139292049455
53568,GOOG,2022-05-26,is_close,0
53569,GOOG,2022-05-26,final_signal,0
53570,GOOG,2022-05-30,lstm_pred_t3_close,0.19999462366104126
53571,GOOG,2022-05-30,ts_mixer_t3_close,0.20021624863147736
53572,GOOG,2022-05-30,mid_pred_t3_close,0.2001054361462593
53573,GOOG,2022-05-30,pct_pred_close,-0.020089638973042643
53574,GOOG,2022-05-30,filtered_mid_price_t3,0.21798120915132485
53575,GOOG,2022-05-30,filtered_covariance_t3,0.002
53576,GOOG,2022-05-27,signal,-1
53577,GOOG,2022-05-27,not_trust,0.0000008871682553035498
53578,GOOG,2022-05-27,is_close,0
53579,GOOG,2022-05-27,final_signal,0
53580,GOOG,2022-05-31,lstm_pred_t3_close,0.19999462366104126
53581,GOOG,2022-05-31,ts_mixer_t3_close,0.20021624863147736
53582,GOOG,2022-05-31,mid_pred_t3_close,0.2001054361462593
53583,GOOG,2022-05-31,pct_pred_close,-0.01640120547515262
53584,GOOG,2022-05-31,filtered_mid_price_t3,0.21440605455031175
53585,GOOG,2022-05-31,filtered_covariance_t3,0.002
53586,GOOG,2022-05-28,signal,-1
53587,GOOG,2022-05-28,not_trust,0.0000008871682553035498
53588,GOOG,2022-06-01,lstm_pred_t3_close,0.19999462366104126
53589,GOOG,2022-06-01,ts_mixer_t3_close,0.20021624863147736
53590,GOOG,2022-06-01,mid_pred_t3_close,0.2001054361462593
53591,GOOG,2022-06-01,pct_pred_close,-0.013339752400225887
53592,GOOG,2022-06-01,filtered_mid_price_t3,0.21154593086950127
53593,GOOG,2022-06-01,filtered_covariance_t3,0.002
53594,GOOG,2022-05-29,signal,-1
53595,GOOG,2022-05-29,not_trust,0.0000008871682553035498
53596,GOOG,2022-06-02,lstm_pred_t3_close,0.1999933421611786
53597,GOOG,2022-06-02,ts_mixer_t3_close,0.20021101832389832
53598,GOOG,2022-06-02,mid_pred_t3_close,0.20010218024253845
53599,GOOG,2022-06-02,pct_pred_close,-0.01081916402733575
53600,GOOG,2022-06-02,filtered_mid_price_t3,0.2092571807441087
53601,GOOG,2022-06-02,filtered_covariance_t3,0.002
53602,GOOG,2022-05-30,signal,-1
53603,GOOG,2022-05-30,not_trust,0.0000008875550179254788
53604,GOOG,2022-06-03,lstm_pred_t3_close,0.21019688248634338
53605,GOOG,2022-06-03,ts_mixer_t3_close,0.2050367146730423
53606,GOOG,2022-06-03,mid_pred_t3_close,0.20761679857969284
53607,GOOG,2022-06-03,pct_pred_close,-0.0015678144554779905
53608,GOOG,2022-06-03,filtered_mid_price_t3,0.20892910431122552
53609,GOOG,2022-06-03,filtered_covariance_t3,0.002
53610,GOOG,2022-05-31,signal,-1
53611,GOOG,2022-05-31,not_trust,0.0000010114961241924902
53612,GOOG,2022-05-31,is_close,0
53613,GOOG,2022-05-31,final_signal,0
53614,GOOG,2022-06-04,lstm_pred_t3_close,0.2206968367099762
53615,GOOG,2022-06-04,ts_mixer_t3_close,0.21003636717796326
53616,GOOG,2022-06-04,mid_pred_t3_close,0.21536660194396973
53617,GOOG,2022-06-04,pct_pred_close,0.0061623751788594345
53618,GOOG,2022-06-04,filtered_mid_price_t3,0.21021660383777435
53619,GOOG,2022-06-04,filtered_covariance_t3,0.002
53620,GOOG,2022-06-01,signal,-1
53621,GOOG,2022-06-01,not_trust,0.000004658668331103399
53622,GOOG,2022-06-01,is_close,0
53623,GOOG,2022-06-01,final_signal,0
53624,GOOG,2022-06-05,lstm_pred_t3_close,0.23489506542682648
53625,GOOG,2022-06-05,ts_mixer_t3_close,0.2171371430158615
53626,GOOG,2022-06-05,mid_pred_t3_close,0.226016104221344
53627,GOOG,2022-06-05,pct_pred_close,0.015031638885920027
53628,GOOG,2022-06-05,filtered_mid_price_t3,0.21337650391448829
53629,GOOG,2022-06-05,filtered_covariance_t3,0.002
53630,GOOG,2022-06-02,signal,1
53631,GOOG,2022-06-02,not_trust,0.00007789606024743989
53632,GOOG,2022-06-02,is_close,1
53633,GOOG,2022-06-02,final_signal,1
53634,GOOG,2022-06-06,lstm_pred_t3_close,0.24391767382621765
53635,GOOG,2022-06-06,ts_mixer_t3_close,0.22508113086223602
53636,GOOG,2022-06-06,mid_pred_t3_close,0.23449940234422684
53637,GOOG,2022-06-06,pct_pred_close,0.019798710769207948
53638,GOOG,2022-06-06,filtered_mid_price_t3,0.217601083600436
53639,GOOG,2022-06-06,filtered_covariance_t3,0.002
53640,GOOG,2022-06-03,signal,1
53641,GOOG,2022-06-03,not_trust,0.004735512658953667
53642,GOOG,2022-06-03,is_close,0
53643,GOOG,2022-06-03,final_signal,0
53644,GOOG,2022-06-07,lstm_pred_t3_close,0.24391812086105347
53645,GOOG,2022-06-07,ts_mixer_t3_close,0.2250833362340927
53646,GOOG,2022-06-07,mid_pred_t3_close,0.2345007285475731
53647,GOOG,2022-06-07,pct_pred_close,0.015532684550568263
53648,GOOG,2022-06-07,filtered_mid_price_t3,0.2209810125898634
53649,GOOG,2022-06-07,filtered_covariance_t3,0.002
53650,GOOG,2022-06-04,signal,1
53651,GOOG,2022-06-04,not_trust,0.004721586126834154
53652,GOOG,2022-06-08,lstm_pred_t3_close,0.24391812086105347
53653,GOOG,2022-06-08,ts_mixer_t3_close,0.2250833362340927
53654,GOOG,2022-06-08,mid_pred_t3_close,0.2345007285475731
53655,GOOG,2022-06-08,pct_pred_close,0.012236088340134467
53656,GOOG,2022-06-08,filtered_mid_price_t3,0.22368495578140535
53657,GOOG,2022-06-08,filtered_covariance_t3,0.002
53658,GOOG,2022-06-05,signal,1
53659,GOOG,2022-06-05,not_trust,0.004721586126834154
53660,GOOG,2022-06-09,lstm_pred_t3_close,0.2518046498298645
53661,GOOG,2022-06-09,ts_mixer_t3_close,0.23442931473255157
53662,GOOG,2022-06-09,mid_pred_t3_close,0.24311698228120804
53663,GOOG,2022-06-09,pct_pred_close,0.01737445992460263
53664,GOOG,2022-06-09,filtered_mid_price_t3,0.22757136108136589
53665,GOOG,2022-06-09,filtered_covariance_t3,0.002
53666,GOOG,2022-06-06,signal,1
53667,GOOG,2022-06-06,not_trust,0.015753988176584244
53668,GOOG,2022-06-06,is_close,0
53669,GOOG,2022-06-06,final_signal,0
53670,GOOG,2022-06-10,lstm_pred_t3_close,0.2574121952056885
53671,GOOG,2022-06-10,ts_mixer_t3_close,0.23271410167217255
53672,GOOG,2022-06-10,mid_pred_t3_close,0.2450631484389305
53673,GOOG,2022-06-10,pct_pred_close,0.015372573485914674
53674,GOOG,2022-06-10,filtered_mid_price_t3,0.2310697185528788
53675,GOOG,2022-06-10,filtered_covariance_t3,0.002
53676,GOOG,2022-06-07,signal,1
53677,GOOG,2022-06-07,not_trust,0.0008063310524448752
53678,GOOG,2022-06-07,is_close,0
53679,GOOG,2022-06-07,final_signal,0
53680,GOOG,2022-06-11,lstm_pred_t3_close,0.2624695599079132
53681,GOOG,2022-06-11,ts_mixer_t3_close,0.24281249940395355
53682,GOOG,2022-06-11,mid_pred_t3_close,0.2526410296559334
53683,GOOG,2022-06-11,pct_pred_close,0.01867082475206985
53684,GOOG,2022-06-11,filtered_mid_price_t3,0.2353839807734897
53685,GOOG,2022-06-11,filtered_covariance_t3,0.002
53686,GOOG,2022-06-08,signal,1
53687,GOOG,2022-06-08,not_trust,0.000289472023723647
53688,GOOG,2022-06-08,is_close,0
53689,GOOG,2022-06-08,final_signal,0
53690,GOOG,2022-06-12,lstm_pred_t3_close,0.26196980476379395
53691,GOOG,2022-06-12,ts_mixer_t3_close,0.2384011596441269
53692,GOOG,2022-06-12,mid_pred_t3_close,0.2501854822039604
53693,GOOG,2022-06-12,pct_pred_close,0.012576473030859512
53694,GOOG,2022-06-12,filtered_mid_price_t3,0.23834428105958386
53695,GOOG,2022-06-12,filtered_covariance_t3,0.002
53696,GOOG,2022-06-09,signal,1
53697,GOOG,2022-06-09,not_trust,0.0024902343284338713
53698,GOOG,2022-06-09,is_close,0
53699,GOOG,2022-06-09,final_signal,0
53700,GOOG,2022-06-13,lstm_pred_t3_close,0.2523115575313568
53701,GOOG,2022-06-13,ts_mixer_t3_close,0.22547318041324615
53702,GOOG,2022-06-13,mid_pred_t3_close,0.23889236897230148
53703,GOOG,2022-06-13,pct_pred_close,0.0004599127868988656
53704,GOOG,2022-06-13,filtered_mid_price_t3,0.23845389864212738
53705,GOOG,2022-06-13,filtered_covariance_t3,0.002
53706,GOOG,2022-06-10,signal,1
53707,GOOG,2022-06-10,not_trust,0.9953495860099792
53708,GOOG,2022-06-10,is_close,0
53709,GOOG,2022-06-10,final_signal,0
53710,GOOG,2022-06-14,lstm_pred_t3_close,0.2523108124732971
53711,GOOG,2022-06-14,ts_mixer_t3_close,0.22547085583209991
53712,GOOG,2022-06-14,mid_pred_t3_close,0.23889083415269852
53713,GOOG,2022-06-14,pct_pred_close,0.00036647378219376064
53714,GOOG,2022-06-14,filtered_mid_price_t3,0.2385412857442416
53715,GOOG,2022-06-14,filtered_covariance_t3,0.002
53716,GOOG,2022-06-11,signal,1
53717,GOOG,2022-06-11,not_trust,0.9953789710998535
53718,GOOG,2022-06-15,lstm_pred_t3_close,0.2523108124732971
53719,GOOG,2022-06-15,ts_mixer_t3_close,0.22547085583209991
53720,GOOG,2022-06-15,mid_pred_t3_close,0.23889083415269852
53721,GOOG,2022-06-15,pct_pred_close,0.00029307162268896474
53722,GOOG,2022-06-15,filtered_mid_price_t3,0.23861119542593298
53723,GOOG,2022-06-15,filtered_covariance_t3,0.002
53724,GOOG,2022-06-12,signal,1
53725,GOOG,2022-06-12,not_trust,0.9953789710998535
53726,GOOG,2022-06-16,lstm_pred_t3_close,0.23197835683822632
53727,GOOG,2022-06-16,ts_mixer_t3_close,0.21110856533050537
53728,GOOG,2022-06-16,mid_pred_t3_close,0.22154346108436584
53729,GOOG,2022-06-16,pct_pred_close,-0.014305895673587678
53730,GOOG,2022-06-16,filtered_mid_price_t3,0.23519764855761954
53731,GOOG,2022-06-16,filtered_covariance_t3,0.002
53732,GOOG,2022-06-13,signal,-1
53733,GOOG,2022-06-13,not_trust,0.09724908322095871
53734,GOOG,2022-06-13,is_close,1
53735,GOOG,2022-06-13,final_signal,-1
53736,GOOG,2022-06-17,lstm_pred_t3_close,0.21100547909736633
53737,GOOG,2022-06-17,ts_mixer_t3_close,0.20620331168174744
53738,GOOG,2022-06-17,mid_pred_t3_close,0.20860439538955688
53739,GOOG,2022-06-17,pct_pred_close,-0.02261353659881319
53740,GOOG,2022-06-17,filtered_mid_price_t3,0.229878997924007
53741,GOOG,2022-06-17,filtered_covariance_t3,0.002
53742,GOOG,2022-06-14,signal,-1
53743,GOOG,2022-06-14,not_trust,0.9749095439910889
53744,GOOG,2022-06-14,is_close,0
53745,GOOG,2022-06-14,final_signal,0
53746,GOOG,2022-06-18,lstm_pred_t3_close,0.19969451427459717
53747,GOOG,2022-06-18,ts_mixer_t3_close,0.20878727734088898
53748,GOOG,2022-06-18,mid_pred_t3_close,0.20424089580774307
53749,GOOG,2022-06-18,pct_pred_close,-0.022305736798747804
53750,GOOG,2022-06-18,filtered_mid_price_t3,0.22475137750075422
53751,GOOG,2022-06-18,filtered_covariance_t3,0.002
53752,GOOG,2022-06-15,signal,-1
53753,GOOG,2022-06-15,not_trust,0.2025282084941864
53754,GOOG,2022-06-15,is_close,0
53755,GOOG,2022-06-15,final_signal,0
53756,GOOG,2022-06-19,lstm_pred_t3_close,0.1905076503753662
53757,GOOG,2022-06-19,ts_mixer_t3_close,0.19719566404819489
53758,GOOG,2022-06-19,mid_pred_t3_close,0.19385165721178055
53759,GOOG,2022-06-19,pct_pred_close,-0.02749680169490394
53760,GOOG,2022-06-19,filtered_mid_price_t3,0.21857143344295948
53761,GOOG,2022-06-19,filtered_covariance_t3,0.002
53762,GOOG,2022-06-16,signal,-1
53763,GOOG,2022-06-16,not_trust,0.001065980177372694
53764,GOOG,2022-06-16,is_close,0
53765,GOOG,2022-06-16,final_signal,0
53766,GOOG,2022-06-20,lstm_pred_t3_close,0.18578070402145386
53767,GOOG,2022-06-20,ts_mixer_t3_close,0.1959012895822525
53768,GOOG,2022-06-20,mid_pred_t3_close,0.19084099680185318
53769,GOOG,2022-06-20,pct_pred_close,-0.025374255184489245
53770,GOOG,2022-06-20,filtered_mid_price_t3,0.21302534611473822
53771,GOOG,2022-06-20,filtered_covariance_t3,0.002
53772,GOOG,2022-06-17,signal,-1
53773,GOOG,2022-06-17,not_trust,0.000040795563108986244
53774,GOOG,2022-06-17,is_close,0
53775,GOOG,2022-06-17,final_signal,0
53776,GOOG,2022-06-21,lstm_pred_t3_close,0.18578055500984192
53777,GOOG,2022-06-21,ts_mixer_t3_close,0.19590094685554504
53778,GOOG,2022-06-21,mid_pred_t3_close,0.19084075093269348
53779,GOOG,2022-06-21,pct_pred_close,-0.02082812734414787
53780,GOOG,2022-06-21,filtered_mid_price_t3,0.20858842707832928
53781,GOOG,2022-06-21,filtered_covariance_t3,0.002
53782,GOOG,2022-06-18,signal,-1
53783,GOOG,2022-06-18,not_trust,0.00004078689016751014
53784,GOOG,2022-06-22,lstm_pred_t3_close,0.18578055500984192
53785,GOOG,2022-06-22,ts_mixer_t3_close,0.19590094685554504
53786,GOOG,2022-06-22,mid_pred_t3_close,0.19084075093269348
53787,GOOG,2022-06-22,pct_pred_close,-0.017016932716953804
53788,GOOG,2022-06-22,filtered_mid_price_t3,0.20503889184920213
53789,GOOG,2022-06-22,filtered_covariance_t3,0.002
53790,GOOG,2022-06-19,signal,-1
53791,GOOG,2022-06-19,not_trust,0.00004078689016751014
53792,GOOG,2022-06-23,lstm_pred_t3_close,0.18578055500984192
53793,GOOG,2022-06-23,ts_mixer_t3_close,0.19590094685554504
53794,GOOG,2022-06-23,mid_pred_t3_close,0.19084075093269348
53795,GOOG,2022-06-23,pct_pred_close,-0.01384921737379536
53796,GOOG,2022-06-23,filtered_mid_price_t3,0.2021992636659004
53797,GOOG,2022-06-23,filtered_covariance_t3,0.002
53798,GOOG,2022-06-20,signal,-1
53799,GOOG,2022-06-20,not_trust,0.00004078689016751014
53800,GOOG,2022-06-24,lstm_pred_t3_close,0.19009116291999817
53801,GOOG,2022-06-24,ts_mixer_t3_close,0.2048202008008957
53802,GOOG,2022-06-24,mid_pred_t3_close,0.19745568186044693
53803,GOOG,2022-06-24,pct_pred_close,-0.0046919872203802495
53804,GOOG,2022-06-24,filtered_mid_price_t3,0.2012505473048097
53805,GOOG,2022-06-24,filtered_covariance_t3,0.002
53806,GOOG,2022-06-21,signal,-1
53807,GOOG,2022-06-21,not_trust,0.00007371657557087019
53808,GOOG,2022-06-21,is_close,0
53809,GOOG,2022-06-21,final_signal,0
53810,GOOG,2022-06-25,lstm_pred_t3_close,0.19884684681892395
53811,GOOG,2022-06-25,ts_mixer_t3_close,0.20151464641094208
53812,GOOG,2022-06-25,mid_pred_t3_close,0.20018074661493301
53813,GOOG,2022-06-25,pct_pred_close,-0.001063153073821356
53814,GOOG,2022-06-25,filtered_mid_price_t3,0.20103658716683437
53815,GOOG,2022-06-25,filtered_covariance_t3,0.002
53816,GOOG,2022-06-22,signal,-1
53817,GOOG,2022-06-22,not_trust,0.37987375259399414
53818,GOOG,2022-06-22,is_close,0
53819,GOOG,2022-06-22,final_signal,0
53820,GOOG,2022-06-26,lstm_pred_t3_close,0.20886406302452087
53821,GOOG,2022-06-26,ts_mixer_t3_close,0.2010243982076645
53822,GOOG,2022-06-26,mid_pred_t3_close,0.20494423061609268
53823,GOOG,2022-06-26,pct_pred_close,0.0038874948130863556
53824,GOOG,2022-06-26,filtered_mid_price_t3,0.20181811585668602
53825,GOOG,2022-06-26,filtered_covariance_t3,0.002
53826,GOOG,2022-06-23,signal,-1
53827,GOOG,2022-06-23,not_trust,0.585231363773346
53828,GOOG,2022-06-23,is_close,0
53829,GOOG,2022-06-23,final_signal,0
53830,GOOG,2022-06-27,lstm_pred_t3_close,0.22641052305698395
53831,GOOG,2022-06-27,ts_mixer_t3_close,0.22995173931121826
53832,GOOG,2022-06-27,mid_pred_t3_close,0.2281811311841011
53833,GOOG,2022-06-27,pct_pred_close,0.02612551922359227
53834,GOOG,2022-06-27,filtered_mid_price_t3,0.20709071892216904
53835,GOOG,2022-06-27,filtered_covariance_t3,0.002
53836,GOOG,2022-06-24,signal,1
53837,GOOG,2022-06-24,not_trust,0.00820019468665123
53838,GOOG,2022-06-24,is_close,1
53839,GOOG,2022-06-24,final_signal,1
53840,GOOG,2022-06-28,lstm_pred_t3_close,0.22641052305698395
53841,GOOG,2022-06-28,ts_mixer_t3_close,0.22995173931121826
53842,GOOG,2022-06-28,mid_pred_t3_close,0.2281811311841011
53843,GOOG,2022-06-28,pct_pred_close,0.02036828339937195
53844,GOOG,2022-06-28,filtered_mid_price_t3,0.21130880137455546
53845,GOOG,2022-06-28,filtered_covariance_t3,0.002
53846,GOOG,2022-06-25,signal,1
53847,GOOG,2022-06-25,not_trust,0.00820019468665123
53848,GOOG,2022-06-29,lstm_pred_t3_close,0.22641052305698395
53849,GOOG,2022-06-29,ts_mixer_t3_close,0.22995173931121826
53850,GOOG,2022-06-29,mid_pred_t3_close,0.2281811311841011
53851,GOOG,2022-06-29,pct_pred_close,0.01596935830385843
53852,GOOG,2022-06-29,filtered_mid_price_t3,0.2146832673364646
53853,GOOG,2022-06-29,filtered_covariance_t3,0.002
53854,GOOG,2022-06-26,signal,1
53855,GOOG,2022-06-26,not_trust,0.00820019468665123
53856,GOOG,2022-06-30,lstm_pred_t3_close,0.242568701505661
53857,GOOG,2022-06-30,ts_mixer_t3_close,0.24022792279720306
53858,GOOG,2022-06-30,mid_pred_t3_close,0.24139831215143204
53859,GOOG,2022-06-30,pct_pred_close,0.024887868669427386
53860,GOOG,2022-06-30,filtered_mid_price_t3,0.2200262762994581
53861,GOOG,2022-06-30,filtered_covariance_t3,0.002
53862,GOOG,2022-06-27,signal,1
53863,GOOG,2022-06-27,not_trust,0.00022323941811919212
53864,GOOG,2022-06-27,is_close,0
53865,GOOG,2022-06-27,final_signal,0
53866,GOOG,2022-07-01,lstm_pred_t3_close,0.24906033277511597
53867,GOOG,2022-07-01,ts_mixer_t3_close,0.24475927650928497
53868,GOOG,2022-07-01,mid_pred_t3_close,0.24690980464220047
53869,GOOG,2022-07-01,pct_pred_close,0.024436652562490866
53870,GOOG,2022-07-01,filtered_mid_price_t3,0.22540298196800657
53871,GOOG,2022-07-01,filtered_covariance_t3,0.002
53872,GOOG,2022-06-28,signal,1
53873,GOOG,2022-06-28,not_trust,0.00000817381078377366
53874,GOOG,2022-06-28,is_close,0
53875,GOOG,2022-06-28,final_signal,0
53876,GOOG,2022-07-02,lstm_pred_t3_close,0.248365581035614
53877,GOOG,2022-07-02,ts_mixer_t3_close,0.25395044684410095
53878,GOOG,2022-07-02,mid_pred_t3_close,0.2511580139398575
53879,GOOG,2022-07-02,pct_pred_close,0.02285243233872264
53880,GOOG,2022-07-02,filtered_mid_price_t3,0.23055398836237675
53881,GOOG,2022-07-02,filtered_covariance_t3,0.002
53882,GOOG,2022-06-29,signal,1
53883,GOOG,2022-06-29,not_trust,0.000001345877308267518
53884,GOOG,2022-06-29,is_close,0
53885,GOOG,2022-06-29,final_signal,0
53886,GOOG,2022-07-03,lstm_pred_t3_close,0.23976148664951324
53887,GOOG,2022-07-03,ts_mixer_t3_close,0.23203670978546143
53888,GOOG,2022-07-03,mid_pred_t3_close,0.23589909821748734
53889,GOOG,2022-07-03,pct_pred_close,0.0046367533201892635
53890,GOOG,2022-07-03,filtered_mid_price_t3,0.23162301033339888
53891,GOOG,2022-07-03,filtered_covariance_t3,0.002
53892,GOOG,2022-06-30,signal,1
53893,GOOG,2022-06-30,not_trust,0.0000011216973234695615
53894,GOOG,2022-06-30,is_close,0
53895,GOOG,2022-06-30,final_signal,0
53896,GOOG,2022-07-04,lstm_pred_t3_close,0.22931747138500214
53897,GOOG,2022-07-04,ts_mixer_t3_close,0.2198430746793747
53898,GOOG,2022-07-04,mid_pred_t3_close,0.22458027303218842
53899,GOOG,2022-07-04,pct_pred_close,-0.006081206950098079
53900,GOOG,2022-07-04,filtered_mid_price_t3,0.23021446287315678
53901,GOOG,2022-07-04,filtered_covariance_t3,0.002
53902,GOOG,2022-07-01,signal,1
53903,GOOG,2022-07-01,not_trust,0.000005581707682722481
53904,GOOG,2022-07-01,is_close,0
53905,GOOG,2022-07-01,final_signal,0
53906,GOOG,2022-07-05,lstm_pred_t3_close,0.22931747138500214
53907,GOOG,2022-07-05,ts_mixer_t3_close,0.2198430746793747
53908,GOOG,2022-07-05,mid_pred_t3_close,0.22458027303218842
53909,GOOG,2022-07-05,pct_pred_close,-0.004894731434899236
53910,GOOG,2022-07-05,filtered_mid_price_t3,0.2290876249049631
53911,GOOG,2022-07-05,filtered_covariance_t3,0.002
53912,GOOG,2022-07-02,signal,-1
53913,GOOG,2022-07-02,not_trust,0.000005581707682722481
53914,GOOG,2022-07-06,lstm_pred_t3_close,0.22931747138500214
53915,GOOG,2022-07-06,ts_mixer_t3_close,0.2198430746793747
53916,GOOG,2022-07-06,mid_pred_t3_close,0.22458027303218842
53917,GOOG,2022-07-06,pct_pred_close,-0.003935046141968187
53918,GOOG,2022-07-06,filtered_mid_price_t3,0.22818615453040816
53919,GOOG,2022-07-06,filtered_covariance_t3,0.002
53920,GOOG,2022-07-03,signal,-1
53921,GOOG,2022-07-03,not_trust,0.000005581707682722481
53922,GOOG,2022-07-07,lstm_pred_t3_close,0.22931720316410065
53923,GOOG,2022-07-07,ts_mixer_t3_close,0.21984213590621948
53924,GOOG,2022-07-07,mid_pred_t3_close,0.22457966953516006
53925,GOOG,2022-07-07,pct_pred_close,-0.003161002474203625
53926,GOOG,2022-07-07,filtered_mid_price_t3,0.22746485753135853
53927,GOOG,2022-07-07,filtered_covariance_t3,0.002
53928,GOOG,2022-07-04,signal,-1
53929,GOOG,2022-07-04,not_trust,0.000005592364232143154
53930,GOOG,2022-07-08,lstm_pred_t3_close,0.226857528090477
53931,GOOG,2022-07-08,ts_mixer_t3_close,0.2222212553024292
53932,GOOG,2022-07-08,mid_pred_t3_close,0.2245393916964531
53933,GOOG,2022-07-08,pct_pred_close,-0.00257223543597461
53934,GOOG,2022-07-08,filtered_mid_price_t3,0.22687976436437746
53935,GOOG,2022-07-08,filtered_covariance_t3,0.002
53936,GOOG,2022-07-05,signal,-1
53937,GOOG,2022-07-05,not_trust,0.06191990152001381
53938,GOOG,2022-07-05,is_close,1
53939,GOOG,2022-07-05,final_signal,-1
53940,GOOG,2022-07-09,lstm_pred_t3_close,0.2302272468805313
53941,GOOG,2022-07-09,ts_mixer_t3_close,0.22683881223201752
53942,GOOG,2022-07-09,mid_pred_t3_close,0.22853302955627441
53943,GOOG,2022-07-09,pct_pred_close,0.0014573932554353144
53944,GOOG,2022-07-09,filtered_mid_price_t3,0.22721041740275685
53945,GOOG,2022-07-09,filtered_covariance_t3,0.002
53946,GOOG,2022-07-06,signal,-1
53947,GOOG,2022-07-06,not_trust,0.8673083186149597
53948,GOOG,2022-07-06,is_close,0
53949,GOOG,2022-07-06,final_signal,0
53950,GOOG,2022-07-10,lstm_pred_t3_close,0.24126173555850983
53951,GOOG,2022-07-10,ts_mixer_t3_close,0.22540591657161713
53952,GOOG,2022-07-10,mid_pred_t3_close,0.23333382606506348
53953,GOOG,2022-07-10,pct_pred_close,0.005390077384922138
53954,GOOG,2022-07-10,filtered_mid_price_t3,0.22843509913521817
53955,GOOG,2022-07-10,filtered_covariance_t3,0.002
53956,GOOG,2022-07-07,signal,1
53957,GOOG,2022-07-07,not_trust,0.03331330418586731
53958,GOOG,2022-07-07,is_close,1
53959,GOOG,2022-07-07,final_signal,1
53960,GOOG,2022-07-11,lstm_pred_t3_close,0.2550247311592102
53961,GOOG,2022-07-11,ts_mixer_t3_close,0.23139066994190216
53962,GOOG,2022-07-11,mid_pred_t3_close,0.24320770055055618
53963,GOOG,2022-07-11,pct_pred_close,0.01293374045517732
53964,GOOG,2022-07-11,filtered_mid_price_t3,0.23138961941828579
53965,GOOG,2022-07-11,filtered_covariance_t3,0.002
53966,GOOG,2022-07-08,signal,1
53967,GOOG,2022-07-08,not_trust,0.0004827003867831081
53968,GOOG,2022-07-08,is_close,0
53969,GOOG,2022-07-08,final_signal,0
53970,GOOG,2022-07-12,lstm_pred_t3_close,0.2550247311592102
53971,GOOG,2022-07-12,ts_mixer_t3_close,0.23139066994190216
53972,GOOG,2022-07-12,mid_pred_t3_close,0.24320770055055618
53973,GOOG,2022-07-12,pct_pred_close,0.010214875811612591
53974,GOOG,2022-07-12,filtered_mid_price_t3,0.23375323564473988
53975,GOOG,2022-07-12,filtered_covariance_t3,0.002
53976,GOOG,2022-07-09,signal,1
53977,GOOG,2022-07-09,not_trust,0.0004827003867831081
53978,GOOG,2022-07-13,lstm_pred_t3_close,0.2550247311592102
53979,GOOG,2022-07-13,ts_mixer_t3_close,0.23139066994190216
53980,GOOG,2022-07-13,mid_pred_t3_close,0.24320770055055618
53981,GOOG,2022-07-13,pct_pred_close,0.008089269763251798
53982,GOOG,2022-07-13,filtered_mid_price_t3,0.23564412862590314
53983,GOOG,2022-07-13,filtered_covariance_t3,0.002
53984,GOOG,2022-07-10,signal,1
53985,GOOG,2022-07-10,not_trust,0.0004827003867831081
53986,GOOG,2022-07-14,lstm_pred_t3_close,0.26013123989105225
53987,GOOG,2022-07-14,ts_mixer_t3_close,0.2231970578432083
53988,GOOG,2022-07-14,mid_pred_t3_close,0.24166414886713028
53989,GOOG,2022-07-14,pct_pred_close,0.005109416709282126
53990,GOOG,2022-07-14,filtered_mid_price_t3,0.23684813267414856
53991,GOOG,2022-07-14,filtered_covariance_t3,0.002
53992,GOOG,2022-07-11,signal,1
53993,GOOG,2022-07-11,not_trust,0.0001163418055512011
53994,GOOG,2022-07-11,is_close,0
53995,GOOG,2022-07-11,final_signal,0
53996,GOOG,2022-07-15,lstm_pred_t3_close,0.2571389377117157
53997,GOOG,2022-07-15,ts_mixer_t3_close,0.22376002371311188
53998,GOOG,2022-07-15,mid_pred_t3_close,0.2404494807124138
53999,GOOG,2022-07-15,pct_pred_close,0.003041060951255076
54000,GOOG,2022-07-15,filtered_mid_price_t3,0.2375684022818016
54001,GOOG,2022-07-15,filtered_covariance_t3,0.002
54002,GOOG,2022-07-12,signal,1
54003,GOOG,2022-07-12,not_trust,0.000029691569579881616
54004,GOOG,2022-07-12,is_close,0
54005,GOOG,2022-07-12,final_signal,0
54006,GOOG,2022-07-16,lstm_pred_t3_close,0.24785028398036957
54007,GOOG,2022-07-16,ts_mixer_t3_close,0.2156320959329605
54008,GOOG,2022-07-16,mid_pred_t3_close,0.23174118995666504
54009,GOOG,2022-07-16,pct_pred_close,-0.004905713275980503
54010,GOOG,2022-07-16,filtered_mid_price_t3,0.23640295981677428
54011,GOOG,2022-07-16,filtered_covariance_t3,0.002
54012,GOOG,2022-07-13,signal,1
54013,GOOG,2022-07-13,not_trust,0.00003505058339214884
54014,GOOG,2022-07-13,is_close,0
54015,GOOG,2022-07-13,final_signal,0
54016,GOOG,2022-07-17,lstm_pred_t3_close,0.23659467697143555
54017,GOOG,2022-07-17,ts_mixer_t3_close,0.2144632339477539
54018,GOOG,2022-07-17,mid_pred_t3_close,0.22552895545959473
54019,GOOG,2022-07-17,pct_pred_close,-0.00919955009497975
54020,GOOG,2022-07-17,filtered_mid_price_t3,0.23422815894533838
54021,GOOG,2022-07-17,filtered_covariance_t3,0.002
54022,GOOG,2022-07-14,signal,-1
54023,GOOG,2022-07-14,not_trust,0.00146159203723073
54024,GOOG,2022-07-14,is_close,1
54025,GOOG,2022-07-14,final_signal,-1
54026,GOOG,2022-07-18,lstm_pred_t3_close,0.22989507019519806
54027,GOOG,2022-07-18,ts_mixer_t3_close,0.21198774874210358
54028,GOOG,2022-07-18,mid_pred_t3_close,0.22094140946865082
54029,GOOG,2022-07-18,pct_pred_close,-0.011345134194380298
54030,GOOG,2022-07-18,filtered_mid_price_t3,0.23157080905000088
54031,GOOG,2022-07-18,filtered_covariance_t3,0.002
54032,GOOG,2022-07-15,signal,-1
54033,GOOG,2022-07-15,not_trust,0.14535188674926758
54034,GOOG,2022-07-15,is_close,0
54035,GOOG,2022-07-15,final_signal,0
54036,GOOG,2022-07-19,lstm_pred_t3_close,0.22989507019519806
54037,GOOG,2022-07-19,ts_mixer_t3_close,0.21198774874210358
54038,GOOG,2022-07-19,mid_pred_t3_close,0.22094140946865082
54039,GOOG,2022-07-19,pct_pred_close,-0.009180258621504322
54040,GOOG,2022-07-19,filtered_mid_price_t3,0.22944492913373088
54041,GOOG,2022-07-19,filtered_covariance_t3,0.002
54042,GOOG,2022-07-16,signal,-1
54043,GOOG,2022-07-16,not_trust,0.14535188674926758
54044,GOOG,2022-07-20,lstm_pred_t3_close,0.22989507019519806
54045,GOOG,2022-07-20,ts_mixer_t3_close,0.21198774874210358
54046,GOOG,2022-07-20,mid_pred_t3_close,0.22094140946865082
54047,GOOG,2022-07-20,pct_pred_close,-0.007412253299460701
54048,GOOG,2022-07-20,filtered_mid_price_t3,0.22774422520071486
54049,GOOG,2022-07-20,filtered_covariance_t3,0.002
54050,GOOG,2022-07-17,signal,-1
54051,GOOG,2022-07-17,not_trust,0.14535188674926758
54052,GOOG,2022-07-21,lstm_pred_t3_close,0.22375613451004028
54053,GOOG,2022-07-21,ts_mixer_t3_close,0.20506992936134338
54054,GOOG,2022-07-21,mid_pred_t3_close,0.21441303193569183
54055,GOOG,2022-07-21,pct_pred_close,-0.011707162500628978
54056,GOOG,2022-07-21,filtered_mid_price_t3,0.22507798654771025
54057,GOOG,2022-07-21,filtered_covariance_t3,0.002
54058,GOOG,2022-07-18,signal,-1
54059,GOOG,2022-07-18,not_trust,0.03905721381306648
54060,GOOG,2022-07-18,is_close,0
54061,GOOG,2022-07-18,final_signal,0
54062,GOOG,2022-07-22,lstm_pred_t3_close,0.22448323667049408
54063,GOOG,2022-07-22,ts_mixer_t3_close,0.2106734961271286
54064,GOOG,2022-07-22,mid_pred_t3_close,0.21757836639881134
54065,GOOG,2022-07-22,pct_pred_close,-0.0066640192263397275
54066,GOOG,2022-07-22,filtered_mid_price_t3,0.22357806251793047
54067,GOOG,2022-07-22,filtered_covariance_t3,0.002
54068,GOOG,2022-07-19,signal,-1
54069,GOOG,2022-07-19,not_trust,0.0002598250284790993
54070,GOOG,2022-07-19,is_close,0
54071,GOOG,2022-07-19,final_signal,0
54072,GOOG,2022-07-23,lstm_pred_t3_close,0.22846320271492004
54073,GOOG,2022-07-23,ts_mixer_t3_close,0.20538638532161713
54074,GOOG,2022-07-23,mid_pred_t3_close,0.21692479401826859
54075,GOOG,2022-07-23,pct_pred_close,-0.005951629086264496
54076,GOOG,2022-07-23,filtered_mid_price_t3,0.2222474088179981
54077,GOOG,2022-07-23,filtered_covariance_t3,0.002
54078,GOOG,2022-07-20,signal,-1
54079,GOOG,2022-07-20,not_trust,0.00004176730362814851
54080,GOOG,2022-07-20,is_close,0
54081,GOOG,2022-07-20,final_signal,0
54082,GOOG,2022-07-24,lstm_pred_t3_close,0.23224060237407684
54083,GOOG,2022-07-24,ts_mixer_t3_close,0.21822330355644226
54084,GOOG,2022-07-24,mid_pred_t3_close,0.22523195296525955
54085,GOOG,2022-07-24,pct_pred_close,0.0026857853264831977
54086,GOOG,2022-07-24,filtered_mid_price_t3,0.22284431764745039
54087,GOOG,2022-07-24,filtered_covariance_t3,0.002
54088,GOOG,2022-07-21,signal,-1
54089,GOOG,2022-07-21,not_trust,0.000004526818429440027
54090,GOOG,2022-07-21,is_close,0
54091,GOOG,2022-07-21,final_signal,0
54092,GOOG,2022-07-25,lstm_pred_t3_close,0.22605456411838531
54093,GOOG,2022-07-25,ts_mixer_t3_close,0.1942376345396042
54094,GOOG,2022-07-25,mid_pred_t3_close,0.21014609932899475
54095,GOOG,2022-07-25,pct_pred_close,-0.01139649280942836
54096,GOOG,2022-07-25,filtered_mid_price_t3,0.22030467398375925
54097,GOOG,2022-07-25,filtered_covariance_t3,0.002
54098,GOOG,2022-07-22,signal,-1
54099,GOOG,2022-07-22,not_trust,0.009024730883538723
54100,GOOG,2022-07-22,is_close,0
54101,GOOG,2022-07-22,final_signal,0
54102,GOOG,2022-07-26,lstm_pred_t3_close,0.22605456411838531
54103,GOOG,2022-07-26,ts_mixer_t3_close,0.1942376345396042
54104,GOOG,2022-07-26,mid_pred_t3_close,0.21014609932899475
54105,GOOG,2022-07-26,pct_pred_close,-0.00922229607848749
54106,GOOG,2022-07-26,filtered_mid_price_t3,0.21827295905280636
54107,GOOG,2022-07-26,filtered_covariance_t3,0.002
54108,GOOG,2022-07-23,signal,-1
54109,GOOG,2022-07-23,not_trust,0.009024730883538723
54110,GOOG,2022-07-27,lstm_pred_t3_close,0.22605456411838531
54111,GOOG,2022-07-27,ts_mixer_t3_close,0.1942376345396042
54112,GOOG,2022-07-27,mid_pred_t3_close,0.21014609932899475
54113,GOOG,2022-07-27,pct_pred_close,-0.007446510790047462
54114,GOOG,2022-07-27,filtered_mid_price_t3,0.21664758710804405
54115,GOOG,2022-07-27,filtered_covariance_t3,0.002
54116,GOOG,2022-07-24,signal,-1
54117,GOOG,2022-07-24,not_trust,0.009024730883538723
54118,GOOG,2022-07-28,lstm_pred_t3_close,0.21595251560211182
54119,GOOG,2022-07-28,ts_mixer_t3_close,0.18807773292064667
54120,GOOG,2022-07-28,mid_pred_t3_close,0.20201512426137924
54121,GOOG,2022-07-28,pct_pred_close,-0.013508078296175553
54122,GOOG,2022-07-28,filtered_mid_price_t3,0.21372109453871108
54123,GOOG,2022-07-28,filtered_covariance_t3,0.002
54124,GOOG,2022-07-25,signal,-1
54125,GOOG,2022-07-25,not_trust,0.9806962609291077
54126,GOOG,2022-07-25,is_close,0
54127,GOOG,2022-07-25,final_signal,0
54128,GOOG,2022-07-29,lstm_pred_t3_close,0.2033483386039734
54129,GOOG,2022-07-29,ts_mixer_t3_close,0.17725242674350739
54130,GOOG,2022-07-29,mid_pred_t3_close,0.1903003826737404
54131,GOOG,2022-07-29,pct_pred_close,-0.021917080216645176
54132,GOOG,2022-07-29,filtered_mid_price_t3,0.20903695216571694
54133,GOOG,2022-07-29,filtered_covariance_t3,0.002
54134,GOOG,2022-07-26,signal,-1
54135,GOOG,2022-07-26,not_trust,0.6800057291984558
54136,GOOG,2022-07-26,is_close,0
54137,GOOG,2022-07-26,final_signal,0
54138,GOOG,2022-07-30,lstm_pred_t3_close,0.20452666282653809
54139,GOOG,2022-07-30,ts_mixer_t3_close,0.21067452430725098
54140,GOOG,2022-07-30,mid_pred_t3_close,0.20760059356689453
54141,GOOG,2022-07-30,pct_pred_close,-0.0013742628601699915
54142,GOOG,2022-07-30,filtered_mid_price_t3,0.20874968044595246
54143,GOOG,2022-07-30,filtered_covariance_t3,0.002
54144,GOOG,2022-07-27,signal,-1
54145,GOOG,2022-07-27,not_trust,0.9906179308891296
54146,GOOG,2022-07-27,is_close,0
54147,GOOG,2022-07-27,final_signal,0
54148,GOOG,2022-07-31,lstm_pred_t3_close,0.21566684544086456
54149,GOOG,2022-07-31,ts_mixer_t3_close,0.20724602043628693
54150,GOOG,2022-07-31,mid_pred_t3_close,0.21145643293857574
54151,GOOG,2022-07-31,pct_pred_close,0.002593299771133415
54152,GOOG,2022-07-31,filtered_mid_price_t3,0.20929103094447712
54153,GOOG,2022-07-31,filtered_covariance_t3,0.002
54154,GOOG,2022-07-28,signal,-1
54155,GOOG,2022-07-28,not_trust,0.11583004146814346
54156,GOOG,2022-07-28,is_close,0
54157,GOOG,2022-07-28,final_signal,0
54158,GOOG,2022-08-01,lstm_pred_t3_close,0.23173858225345612
54159,GOOG,2022-08-01,ts_mixer_t3_close,0.19766448438167572
54160,GOOG,2022-08-01,mid_pred_t3_close,0.21470153331756592
54161,GOOG,2022-08-01,pct_pred_close,0.005170314608010293
54162,GOOG,2022-08-01,filtered_mid_price_t3,0.2103731314190949
54163,GOOG,2022-08-01,filtered_covariance_t3,0.002
54164,GOOG,2022-07-29,signal,1
54165,GOOG,2022-07-29,not_trust,0.00033184507628902793
54166,GOOG,2022-07-29,is_close,1
54167,GOOG,2022-07-29,final_signal,1
54168,GOOG,2022-08-02,lstm_pred_t3_close,0.23173858225345612
54169,GOOG,2022-08-02,ts_mixer_t3_close,0.19766448438167572
54170,GOOG,2022-08-02,mid_pred_t3_close,0.21470153331756592
54171,GOOG,2022-08-02,pct_pred_close,0.004114975966059253
54172,GOOG,2022-08-02,filtered_mid_price_t3,0.2112388117987891
54173,GOOG,2022-08-02,filtered_covariance_t3,0.002
54174,GOOG,2022-07-30,signal,1
54175,GOOG,2022-07-30,not_trust,0.00033184507628902793
54176,GOOG,2022-08-03,lstm_pred_t3_close,0.23173858225345612
54177,GOOG,2022-08-03,ts_mixer_t3_close,0.19766448438167572
54178,GOOG,2022-08-03,mid_pred_t3_close,0.21470153331756592
54179,GOOG,2022-08-03,pct_pred_close,0.0032784898658445366
54180,GOOG,2022-08-03,filtered_mid_price_t3,0.21193135610254446
54181,GOOG,2022-08-03,filtered_covariance_t3,0.002
54182,GOOG,2022-07-31,signal,1
54183,GOOG,2022-07-31,not_trust,0.00033184507628902793
54184,GOOG,2022-08-04,lstm_pred_t3_close,0.24517162144184113
54185,GOOG,2022-08-04,ts_mixer_t3_close,0.19884301722049713
54186,GOOG,2022-08-04,mid_pred_t3_close,0.22200731933116913
54187,GOOG,2022-08-04,pct_pred_close,0.00950870452954531
54188,GOOG,2022-08-04,filtered_mid_price_t3,0.2139465487482694
54189,GOOG,2022-08-04,filtered_covariance_t3,0.002
54190,GOOG,2022-08-01,signal,1
54191,GOOG,2022-08-01,not_trust,0.00041270212386734784
54192,GOOG,2022-08-01,is_close,0
54193,GOOG,2022-08-01,final_signal,0
54194,GOOG,2022-08-05,lstm_pred_t3_close,0.25371670722961426
54195,GOOG,2022-08-05,ts_mixer_t3_close,0.21113991737365723
54196,GOOG,2022-08-05,mid_pred_t3_close,0.23242831230163574
54197,GOOG,2022-08-05,pct_pred_close,0.017276991530358377
54198,GOOG,2022-08-05,filtered_mid_price_t3,0.21764290145894266
54199,GOOG,2022-08-05,filtered_covariance_t3,0.002
54200,GOOG,2022-08-02,signal,1
54201,GOOG,2022-08-02,not_trust,0.004540181253105402
54202,GOOG,2022-08-02,is_close,0
54203,GOOG,2022-08-02,final_signal,0
54204,GOOG,2022-08-06,lstm_pred_t3_close,0.26205766201019287
54205,GOOG,2022-08-06,ts_mixer_t3_close,0.23856395483016968
54206,GOOG,2022-08-06,mid_pred_t3_close,0.2503108084201813
54207,GOOG,2022-08-06,pct_pred_close,0.030019731167203943
54208,GOOG,2022-08-06,filtered_mid_price_t3,0.22417648285119038
54209,GOOG,2022-08-06,filtered_covariance_t3,0.002
54210,GOOG,2022-08-03,signal,1
54211,GOOG,2022-08-03,not_trust,0.00015275129408109933
54212,GOOG,2022-08-03,is_close,0
54213,GOOG,2022-08-03,final_signal,0
54214,GOOG,2022-08-07,lstm_pred_t3_close,0.26927417516708374
54215,GOOG,2022-08-07,ts_mixer_t3_close,0.26955461502075195
54216,GOOG,2022-08-07,mid_pred_t3_close,0.26941439509391785
54217,GOOG,2022-08-07,pct_pred_close,0.04035919527986948
54218,GOOG,2022-08-07,filtered_mid_price_t3,0.23322406529973588
54219,GOOG,2022-08-07,filtered_covariance_t3,0.002
54220,GOOG,2022-08-04,signal,1
54221,GOOG,2022-08-04,not_trust,0.00014623370952904224
54222,GOOG,2022-08-04,is_close,0
54223,GOOG,2022-08-04,final_signal,0
54224,GOOG,2022-08-08,lstm_pred_t3_close,0.275472491979599
54225,GOOG,2022-08-08,ts_mixer_t3_close,0.29484453797340393
54226,GOOG,2022-08-08,mid_pred_t3_close,0.28515851497650146
54227,GOOG,2022-08-08,pct_pred_close,0.04453609845966815
54228,GOOG,2022-08-08,filtered_mid_price_t3,0.243610955235089
54229,GOOG,2022-08-08,filtered_covariance_t3,0.002
54230,GOOG,2022-08-05,signal,1
54231,GOOG,2022-08-05,not_trust,0.00036100242868997157
54232,GOOG,2022-08-05,is_close,0
54233,GOOG,2022-08-05,final_signal,0
54234,GOOG,2022-08-09,lstm_pred_t3_close,0.275472491979599
54235,GOOG,2022-08-09,ts_mixer_t3_close,0.29484453797340393
54236,GOOG,2022-08-09,mid_pred_t3_close,0.28515851497650146
54237,GOOG,2022-08-09,pct_pred_close,0.03410976300414586
54238,GOOG,2022-08-09,filtered_mid_price_t3,0.25192046718337147
54239,GOOG,2022-08-09,filtered_covariance_t3,0.002
54240,GOOG,2022-08-06,signal,1
54241,GOOG,2022-08-06,not_trust,0.00036100242868997157
54242,GOOG,2022-08-10,lstm_pred_t3_close,0.275472491979599
54243,GOOG,2022-08-10,ts_mixer_t3_close,0.29484453797340393
54244,GOOG,2022-08-10,mid_pred_t3_close,0.28515851497650146
54245,GOOG,2022-08-10,pct_pred_close,0.026387731147653123
54246,GOOG,2022-08-10,filtered_mid_price_t3,0.25856807674199744
54247,GOOG,2022-08-10,filtered_covariance_t3,0.002
54248,GOOG,2022-08-07,signal,1
54249,GOOG,2022-08-07,not_trust,0.00036100242868997157
54250,GOOG,2022-08-11,lstm_pred_t3_close,0.2796212434768677
54251,GOOG,2022-08-11,ts_mixer_t3_close,0.2984130084514618
54252,GOOG,2022-08-11,mid_pred_t3_close,0.28901712596416473
54253,GOOG,2022-08-11,pct_pred_close,0.023552056081965447
54254,GOOG,2022-08-11,filtered_mid_price_t3,0.2646578865864309
54255,GOOG,2022-08-11,filtered_covariance_t3,0.002
54256,GOOG,2022-08-08,signal,1
54257,GOOG,2022-08-08,not_trust,0.00001582510958542116
54258,GOOG,2022-08-08,is_close,0
54259,GOOG,2022-08-08,final_signal,0
54260,GOOG,2022-08-12,lstm_pred_t3_close,0.2815832495689392
54261,GOOG,2022-08-12,ts_mixer_t3_close,0.29702773690223694
54262,GOOG,2022-08-12,mid_pred_t3_close,0.2893054932355881
54263,GOOG,2022-08-12,pct_pred_close,0.018626013354117708
54264,GOOG,2022-08-12,filtered_mid_price_t3,0.26958740791626234
54265,GOOG,2022-08-12,filtered_covariance_t3,0.002
54266,GOOG,2022-08-09,signal,1
54267,GOOG,2022-08-09,not_trust,0.0000017338732050120598
54268,GOOG,2022-08-09,is_close,0
54269,GOOG,2022-08-09,final_signal,0
54270,GOOG,2022-08-13,lstm_pred_t3_close,0.2849113345146179
54271,GOOG,2022-08-13,ts_mixer_t3_close,0.2934708595275879
54272,GOOG,2022-08-13,mid_pred_t3_close,0.2891910970211029
54273,GOOG,2022-08-13,pct_pred_close,0.014543475347283175
54274,GOOG,2022-08-13,filtered_mid_price_t3,0.2735081457372305
54275,GOOG,2022-08-13,filtered_covariance_t3,0.002
54276,GOOG,2022-08-10,signal,1
54277,GOOG,2022-08-10,not_trust,0.0000003696763712923712
54278,GOOG,2022-08-10,is_close,0
54279,GOOG,2022-08-10,final_signal,0
54280,GOOG,2022-08-14,lstm_pred_t3_close,0.28621870279312134
54281,GOOG,2022-08-14,ts_mixer_t3_close,0.287904292345047
54282,GOOG,2022-08-14,mid_pred_t3_close,0.28706149756908417
54283,GOOG,2022-08-14,pct_pred_close,0.009910748212139102
54284,GOOG,2022-08-14,filtered_mid_price_t3,0.2762188161036012
54285,GOOG,2022-08-14,filtered_covariance_t3,0.002
54286,GOOG,2022-08-11,signal,1
54287,GOOG,2022-08-11,not_trust,0.00000016263724944565183
54288,GOOG,2022-08-11,is_close,0
54289,GOOG,2022-08-11,final_signal,0
54290,GOOG,2022-08-15,lstm_pred_t3_close,0.28966277837753296
54291,GOOG,2022-08-15,ts_mixer_t3_close,0.2913721799850464
54292,GOOG,2022-08-15,mid_pred_t3_close,0.2905174791812897
54293,GOOG,2022-08-15,pct_pred_close,0.01035314196142627
54294,GOOG,2022-08-15,filtered_mid_price_t3,0.2790785487191389
54295,GOOG,2022-08-15,filtered_covariance_t3,0.002
54296,GOOG,2022-08-12,signal,1
54297,GOOG,2022-08-12,not_trust,0.00000011308750202942974
54298,GOOG,2022-08-12,is_close,0
54299,GOOG,2022-08-12,final_signal,0
54300,GOOG,2022-08-16,lstm_pred_t3_close,0.28966277837753296
54301,GOOG,2022-08-16,ts_mixer_t3_close,0.2913721799850464
54302,GOOG,2022-08-16,mid_pred_t3_close,0.2905174791812897
54303,GOOG,2022-08-16,pct_pred_close,0.008197642215534566
54304,GOOG,2022-08-16,filtered_mid_price_t3,0.28136633481156903
54305,GOOG,2022-08-16,filtered_covariance_t3,0.002
54306,GOOG,2022-08-13,signal,1
54307,GOOG,2022-08-13,not_trust,0.00000011308750202942974
54308,GOOG,2022-08-17,lstm_pred_t3_close,0.28966277837753296
54309,GOOG,2022-08-17,ts_mixer_t3_close,0.2913721799850464
54310,GOOG,2022-08-17,mid_pred_t3_close,0.2905174791812897
54311,GOOG,2022-08-17,pct_pred_close,0.006504789832692075
54312,GOOG,2022-08-17,filtered_mid_price_t3,0.28319656368551316
54313,GOOG,2022-08-17,filtered_covariance_t3,0.002
54314,GOOG,2022-08-14,signal,1
54315,GOOG,2022-08-14,not_trust,0.00000011308750202942974
54316,GOOG,2022-08-18,lstm_pred_t3_close,0.29504266381263733
54317,GOOG,2022-08-18,ts_mixer_t3_close,0.30282825231552124
54318,GOOG,2022-08-18,mid_pred_t3_close,0.2989354580640793
54319,GOOG,2022-08-18,pct_pred_close,0.011115173273107896
54320,GOOG,2022-08-18,filtered_mid_price_t3,0.2863443425612264
54321,GOOG,2022-08-18,filtered_covariance_t3,0.002
54322,GOOG,2022-08-15,signal,1
54323,GOOG,2022-08-15,not_trust,0.00000014424260541545664
54324,GOOG,2022-08-15,is_close,0
54325,GOOG,2022-08-15,final_signal,0
54326,GOOG,2022-08-19,lstm_pred_t3_close,0.29933467507362366
54327,GOOG,2022-08-19,ts_mixer_t3_close,0.2973059415817261
54328,GOOG,2022-08-19,mid_pred_t3_close,0.29832030832767487
54329,GOOG,2022-08-19,pct_pred_close,0.008364730142267554
54330,GOOG,2022-08-19,filtered_mid_price_t3,0.28873953571451605
54331,GOOG,2022-08-19,filtered_covariance_t3,0.002
54332,GOOG,2022-08-16,signal,1
54333,GOOG,2022-08-16,not_trust,0.0000002646949326390313
54334,GOOG,2022-08-16,is_close,0
54335,GOOG,2022-08-16,final_signal,0
54336,GOOG,2022-08-20,lstm_pred_t3_close,0.29634881019592285
54337,GOOG,2022-08-20,ts_mixer_t3_close,0.2902318239212036
54338,GOOG,2022-08-20,mid_pred_t3_close,0.29329031705856323
54339,GOOG,2022-08-20,pct_pred_close,0.00315217057670034
54340,GOOG,2022-08-20,filtered_mid_price_t3,0.28964969198332546
54341,GOOG,2022-08-20,filtered_covariance_t3,0.002
54342,GOOG,2022-08-17,signal,1
54343,GOOG,2022-08-17,not_trust,0.0000006596473554054683
54344,GOOG,2022-08-17,is_close,0
54345,GOOG,2022-08-17,final_signal,0
54346,GOOG,2022-08-21,lstm_pred_t3_close,0.2910044193267822
54347,GOOG,2022-08-21,ts_mixer_t3_close,0.29061129689216614
54348,GOOG,2022-08-21,mid_pred_t3_close,0.2908078581094742
54349,GOOG,2022-08-21,pct_pred_close,0.0007997012654964856
54350,GOOG,2022-08-21,filtered_mid_price_t3,0.2898813252085552
54351,GOOG,2022-08-21,filtered_covariance_t3,0.002
54352,GOOG,2022-08-18,signal,1
54353,GOOG,2022-08-18,not_trust,0.0000010508289278732263
54354,GOOG,2022-08-18,is_close,0
54355,GOOG,2022-08-18,final_signal,0
54356,GOOG,2022-08-22,lstm_pred_t3_close,0.281516432762146
54357,GOOG,2022-08-22,ts_mixer_t3_close,0.2778852581977844
54358,GOOG,2022-08-22,mid_pred_t3_close,0.2797008454799652
54359,GOOG,2022-08-22,pct_pred_close,-0.00702389484473741
54360,GOOG,2022-08-22,filtered_mid_price_t3,0.2878452292628372
54361,GOOG,2022-08-22,filtered_covariance_t3,0.002
54362,GOOG,2022-08-19,signal,-1
54363,GOOG,2022-08-19,not_trust,0.000002993607267853804
54364,GOOG,2022-08-19,is_close,1
54365,GOOG,2022-08-19,final_signal,-1
54366,GOOG,2022-08-23,lstm_pred_t3_close,0.281516432762146
54367,GOOG,2022-08-23,ts_mixer_t3_close,0.2778852581977844
54368,GOOG,2022-08-23,mid_pred_t3_close,0.2797008454799652
54369,GOOG,2022-08-23,pct_pred_close,-0.005658863135393695
54370,GOOG,2022-08-23,filtered_mid_price_t3,0.28621635250626276
54371,GOOG,2022-08-23,filtered_covariance_t3,0.002
54372,GOOG,2022-08-20,signal,-1
54373,GOOG,2022-08-20,not_trust,0.000002993607267853804
54374,GOOG,2022-08-24,lstm_pred_t3_close,0.281516432762146
54375,GOOG,2022-08-24,ts_mixer_t3_close,0.2778852581977844
54376,GOOG,2022-08-24,mid_pred_t3_close,0.2797008454799652
54377,GOOG,2022-08-24,pct_pred_close,-0.004552854488742071
54378,GOOG,2022-08-24,filtered_mid_price_t3,0.28491325110100324
54379,GOOG,2022-08-24,filtered_covariance_t3,0.002
54380,GOOG,2022-08-21,signal,-1
54381,GOOG,2022-08-21,not_trust,0.000002993607267853804
54382,GOOG,2022-08-25,lstm_pred_t3_close,0.2671792209148407
54383,GOOG,2022-08-25,ts_mixer_t3_close,0.2539910078048706
54384,GOOG,2022-08-25,mid_pred_t3_close,0.26058511435985565
54385,GOOG,2022-08-25,pct_pred_close,-0.017077574768555252
54386,GOOG,2022-08-25,filtered_mid_price_t3,0.2800476237527737
54387,GOOG,2022-08-25,filtered_covariance_t3,0.002
54388,GOOG,2022-08-22,signal,-1
54389,GOOG,2022-08-22,not_trust,0.000018232845832244493
54390,GOOG,2022-08-22,is_close,0
54391,GOOG,2022-08-22,final_signal,0
54392,GOOG,2022-08-26,lstm_pred_t3_close,0.25392594933509827
54393,GOOG,2022-08-26,ts_mixer_t3_close,0.24438656866550446
54394,GOOG,2022-08-26,mid_pred_t3_close,0.24915625900030136
54395,GOOG,2022-08-26,pct_pred_close,-0.02206150820957735
54396,GOOG,2022-08-26,filtered_mid_price_t3,0.27386935080227925
54397,GOOG,2022-08-26,filtered_covariance_t3,0.002
54398,GOOG,2022-08-23,signal,-1
54399,GOOG,2022-08-23,not_trust,0.0003407686890568584
54400,GOOG,2022-08-23,is_close,0
54401,GOOG,2022-08-23,final_signal,0
54402,GOOG,2022-08-27,lstm_pred_t3_close,0.2433222085237503
54403,GOOG,2022-08-27,ts_mixer_t3_close,0.25632211565971375
54404,GOOG,2022-08-27,mid_pred_t3_close,0.24982216209173203
54405,GOOG,2022-08-27,pct_pred_close,-0.01756106599011747
54406,GOOG,2022-08-27,filtered_mid_price_t3,0.2690599130601698
54407,GOOG,2022-08-27,filtered_covariance_t3,0.002
54408,GOOG,2022-08-24,signal,-1
54409,GOOG,2022-08-24,not_trust,0.0013261548010632396
54410,GOOG,2022-08-24,is_close,0
54411,GOOG,2022-08-24,final_signal,0
54412,GOOG,2022-08-28,lstm_pred_t3_close,0.24252799153327942
54413,GOOG,2022-08-28,ts_mixer_t3_close,0.26629558205604553
54414,GOOG,2022-08-28,mid_pred_t3_close,0.2544117867946625
54415,GOOG,2022-08-28,pct_pred_close,-0.010888375082639398
54416,GOOG,2022-08-28,filtered_mid_price_t3,0.2661302878070683
54417,GOOG,2022-08-28,filtered_covariance_t3,0.002
54418,GOOG,2022-08-25,signal,-1
54419,GOOG,2022-08-25,not_trust,0.00006683981337118894
54420,GOOG,2022-08-25,is_close,0
54421,GOOG,2022-08-25,final_signal,0
54422,GOOG,2022-08-29,lstm_pred_t3_close,0.23729492723941803
54423,GOOG,2022-08-29,ts_mixer_t3_close,0.24419786036014557
54424,GOOG,2022-08-29,mid_pred_t3_close,0.2407463937997818
54425,GOOG,2022-08-29,pct_pred_close,-0.01907629095241393
54426,GOOG,2022-08-29,filtered_mid_price_t3,0.26105350900561103
54427,GOOG,2022-08-29,filtered_covariance_t3,0.002
54428,GOOG,2022-08-26,signal,-1
54429,GOOG,2022-08-26,not_trust,0.000025898187232087366
54430,GOOG,2022-08-26,is_close,0
54431,GOOG,2022-08-26,final_signal,0
54432,GOOG,2022-08-30,lstm_pred_t3_close,0.23729492723941803
54433,GOOG,2022-08-30,ts_mixer_t3_close,0.24419786036014557
54434,GOOG,2022-08-30,mid_pred_t3_close,0.2407463937997818
54435,GOOG,2022-08-30,pct_pred_close,-0.015557818229053421
54436,GOOG,2022-08-30,filtered_mid_price_t3,0.25699208596444517
54437,GOOG,2022-08-30,filtered_covariance_t3,0.002
54438,GOOG,2022-08-27,signal,-1
54439,GOOG,2022-08-27,not_trust,0.000025898187232087366
54440,GOOG,2022-08-31,lstm_pred_t3_close,0.23729492723941803
54441,GOOG,2022-08-31,ts_mixer_t3_close,0.24419786036014557
54442,GOOG,2022-08-31,mid_pred_t3_close,0.2407463937997818
54443,GOOG,2022-08-31,pct_pred_close,-0.01264295132178581
54444,GOOG,2022-08-31,filtered_mid_price_t3,0.2537429475315125
54445,GOOG,2022-08-31,filtered_covariance_t3,0.002
54446,GOOG,2022-08-28,signal,-1
54447,GOOG,2022-08-28,not_trust,0.000025898187232087366
54448,GOOG,2022-09-01,lstm_pred_t3_close,0.22872373461723328
54449,GOOG,2022-09-01,ts_mixer_t3_close,0.2367682009935379
54450,GOOG,2022-09-01,mid_pred_t3_close,0.2327459678053856
54451,GOOG,2022-09-01,pct_pred_close,-0.016549803594852096
54452,GOOG,2022-09-01,filtered_mid_price_t3,0.2495435515862871
54453,GOOG,2022-09-01,filtered_covariance_t3,0.002
54454,GOOG,2022-08-29,signal,-1
54455,GOOG,2022-08-29,not_trust,0.00004401625119498931
54456,GOOG,2022-08-29,is_close,0
54457,GOOG,2022-08-29,final_signal,0
54458,GOOG,2022-09-02,lstm_pred_t3_close,0.22038519382476807
54459,GOOG,2022-09-02,ts_mixer_t3_close,0.23842518031597137
54460,GOOG,2022-09-02,mid_pred_t3_close,0.22940518707036972
54461,GOOG,2022-09-02,pct_pred_close,-0.016140160214842478
54462,GOOG,2022-09-02,filtered_mid_price_t3,0.24551587868310362
54463,GOOG,2022-09-02,filtered_covariance_t3,0.002
54464,GOOG,2022-08-30,signal,-1
54465,GOOG,2022-08-30,not_trust,0.00007425241346936673
54466,GOOG,2022-08-30,is_close,0
54467,GOOG,2022-08-30,final_signal,0
54468,GOOG,2022-09-03,lstm_pred_t3_close,0.21373046934604645
54469,GOOG,2022-09-03,ts_mixer_t3_close,0.24217231571674347
54470,GOOG,2022-09-03,mid_pred_t3_close,0.22795139253139496
54471,GOOG,2022-09-03,pct_pred_close,-0.014308228246515812
54472,GOOG,2022-09-03,filtered_mid_price_t3,0.2420029814527619
54473,GOOG,2022-09-03,filtered_covariance_t3,0.002
54474,GOOG,2022-08-31,signal,-1
54475,GOOG,2022-08-31,not_trust,0.0029432913288474083
54476,GOOG,2022-08-31,is_close,0
54477,GOOG,2022-08-31,final_signal,0
54478,GOOG,2022-09-04,lstm_pred_t3_close,0.2116304188966751
54479,GOOG,2022-09-04,ts_mixer_t3_close,0.23971092700958252
54480,GOOG,2022-09-04,mid_pred_t3_close,0.22567067295312881
54481,GOOG,2022-09-04,pct_pred_close,-0.013497609328272745
54482,GOOG,2022-09-04,filtered_mid_price_t3,0.23873651975283527
54483,GOOG,2022-09-04,filtered_covariance_t3,0.002
54484,GOOG,2022-09-01,signal,-1
54485,GOOG,2022-09-01,not_trust,0.0002107971959048882
54486,GOOG,2022-09-01,is_close,0
54487,GOOG,2022-09-01,final_signal,0
54488,GOOG,2022-09-05,lstm_pred_t3_close,0.21043355762958527
54489,GOOG,2022-09-05,ts_mixer_t3_close,0.2324124276638031
54490,GOOG,2022-09-05,mid_pred_t3_close,0.22142299264669418
54491,GOOG,2022-09-05,pct_pred_close,-0.014504297142360876
54492,GOOG,2022-09-05,filtered_mid_price_t3,0.23527381433160705
54493,GOOG,2022-09-05,filtered_covariance_t3,0.002
54494,GOOG,2022-09-02,signal,-1
54495,GOOG,2022-09-02,not_trust,0.00004977748903911561
54496,GOOG,2022-09-02,is_close,0
54497,GOOG,2022-09-02,final_signal,0
54498,GOOG,2022-09-06,lstm_pred_t3_close,0.21043342351913452
54499,GOOG,2022-09-06,ts_mixer_t3_close,0.2324126660823822
54500,GOOG,2022-09-06,mid_pred_t3_close,0.22142304480075836
54501,GOOG,2022-09-06,pct_pred_close,-0.011774170083651342
54502,GOOG,2022-09-06,filtered_mid_price_t3,0.2325036604254373
54503,GOOG,2022-09-06,filtered_covariance_t3,0.002
54504,GOOG,2022-09-03,signal,-1
54505,GOOG,2022-09-03,not_trust,0.0000497870278195478
54506,GOOG,2022-09-07,lstm_pred_t3_close,0.2104327529668808
54507,GOOG,2022-09-07,ts_mixer_t3_close,0.23241382837295532
54508,GOOG,2022-09-07,mid_pred_t3_close,0.22142329066991806
54509,GOOG,2022-09-07,pct_pred_close,-0.009531350805612503
54510,GOOG,2022-09-07,filtered_mid_price_t3,0.23028758647433345
54511,GOOG,2022-09-07,filtered_covariance_t3,0.002
54512,GOOG,2022-09-04,signal,-1
54513,GOOG,2022-09-04,not_trust,0.00004983795224688947
54514,GOOG,2022-09-08,lstm_pred_t3_close,0.21043084561824799
54515,GOOG,2022-09-08,ts_mixer_t3_close,0.23241721093654633
54516,GOOG,2022-09-08,mid_pred_t3_close,0.22142402827739716
54517,GOOG,2022-09-08,pct_pred_close,-0.007697816745258322
54518,GOOG,2022-09-08,filtered_mid_price_t3,0.2285148748349462
54519,GOOG,2022-09-08,filtered_covariance_t3,0.002
54520,GOOG,2022-09-05,signal,-1
54521,GOOG,2022-09-05,not_trust,0.000049980262701865286
54522,GOOG,2022-09-09,lstm_pred_t3_close,0.20834121108055115
54523,GOOG,2022-09-09,ts_mixer_t3_close,0.2107342630624771
54524,GOOG,2022-09-09,mid_pred_t3_close,0.20953773707151413
54525,GOOG,2022-09-09,pct_pred_close,-0.01660910501090054
54526,GOOG,2022-09-09,filtered_mid_price_t3,0.2247194472822598
54527,GOOG,2022-09-09,filtered_covariance_t3,0.002
54528,GOOG,2022-09-06,signal,-1
54529,GOOG,2022-09-06,not_trust,0.000008301451998704579
54530,GOOG,2022-09-06,is_close,0
54531,GOOG,2022-09-06,final_signal,0
54532,GOOG,2022-09-10,lstm_pred_t3_close,0.21083766222000122
54533,GOOG,2022-09-10,ts_mixer_t3_close,0.21509380638599396
54534,GOOG,2022-09-10,mid_pred_t3_close,0.2129657343029976
54535,GOOG,2022-09-10,pct_pred_close,-0.010460788437681496
54536,GOOG,2022-09-10,filtered_mid_price_t3,0.22236870468640735
54537,GOOG,2022-09-10,filtered_covariance_t3,0.002
54538,GOOG,2022-09-07,signal,-1
54539,GOOG,2022-09-07,not_trust,0.0000030603050618083216
54540,GOOG,2022-09-07,is_close,0
54541,GOOG,2022-09-07,final_signal,0
54542,GOOG,2022-09-11,lstm_pred_t3_close,0.21379482746124268
54543,GOOG,2022-09-11,ts_mixer_t3_close,0.19765439629554749
54544,GOOG,2022-09-11,mid_pred_t3_close,0.20572461187839508
54545,GOOG,2022-09-11,pct_pred_close,-0.014969815857392642
54546,GOOG,2022-09-11,filtered_mid_price_t3,0.2190398861248049
54547,GOOG,2022-09-11,filtered_covariance_t3,0.002
54548,GOOG,2022-09-08,signal,-1
54549,GOOG,2022-09-08,not_trust,0.0000021143137018952984
54550,GOOG,2022-09-08,is_close,0
54551,GOOG,2022-09-08,final_signal,0
54552,GOOG,2022-09-12,lstm_pred_t3_close,0.21838736534118652
54553,GOOG,2022-09-12,ts_mixer_t3_close,0.20181812345981598
54554,GOOG,2022-09-12,mid_pred_t3_close,0.21010274440050125
54555,GOOG,2022-09-12,pct_pred_close,-0.008160287043987446
54556,GOOG,2022-09-12,filtered_mid_price_t3,0.21725245777994417
54557,GOOG,2022-09-12,filtered_covariance_t3,0.002
54558,GOOG,2022-09-09,signal,-1
54559,GOOG,2022-09-09,not_trust,0.00000278204038295371
54560,GOOG,2022-09-09,is_close,0
54561,GOOG,2022-09-09,final_signal,0
54562,GOOG,2022-09-13,lstm_pred_t3_close,0.21838700771331787
54563,GOOG,2022-09-13,ts_mixer_t3_close,0.20181891322135925
54564,GOOG,2022-09-13,mid_pred_t3_close,0.21010296046733856
54565,GOOG,2022-09-13,pct_pred_close,-0.006581741247638577
54566,GOOG,2022-09-13,filtered_mid_price_t3,0.21582255831742306
54567,GOOG,2022-09-13,filtered_covariance_t3,0.002
54568,GOOG,2022-09-10,signal,-1
54569,GOOG,2022-09-10,not_trust,0.0000027811199743155157
54570,GOOG,2022-09-14,lstm_pred_t3_close,0.21838635206222534
54571,GOOG,2022-09-14,ts_mixer_t3_close,0.201820507645607
54572,GOOG,2022-09-14,mid_pred_t3_close,0.21010342985391617
54573,GOOG,2022-09-14,pct_pred_close,-0.005299843082293052
54574,GOOG,2022-09-14,filtered_mid_price_t3,0.21467873262472167
54575,GOOG,2022-09-14,filtered_covariance_t3,0.002
54576,GOOG,2022-09-11,signal,-1
54577,GOOG,2022-09-11,not_trust,0.000002779409896902507
54578,GOOG,2022-09-15,lstm_pred_t3_close,0.22459791600704193
54579,GOOG,2022-09-15,ts_mixer_t3_close,0.2079840749502182
54580,GOOG,2022-09-15,mid_pred_t3_close,0.21629099547863007
54581,GOOG,2022-09-15,pct_pred_close,0.0015020238234094187
54582,GOOG,2022-09-15,filtered_mid_price_t3,0.21500118519550335
54583,GOOG,2022-09-15,filtered_covariance_t3,0.002
54584,GOOG,2022-09-12,signal,-1
54585,GOOG,2022-09-12,not_trust,0.0000015133431361391558
54586,GOOG,2022-09-12,is_close,0
54587,GOOG,2022-09-12,final_signal,0
54588,GOOG,2022-09-16,lstm_pred_t3_close,0.21997922658920288
54589,GOOG,2022-09-16,ts_mixer_t3_close,0.16433964669704437
54590,GOOG,2022-09-16,mid_pred_t3_close,0.19215943664312363
54591,GOOG,2022-09-16,pct_pred_close,-0.02124802105775322
54592,GOOG,2022-09-16,filtered_mid_price_t3,0.2104328354850274
54593,GOOG,2022-09-16,filtered_covariance_t3,0.002
54594,GOOG,2022-09-13,signal,-1
54595,GOOG,2022-09-13,not_trust,0.0000012012818615403376
54596,GOOG,2022-09-13,is_close,0
54597,GOOG,2022-09-13,final_signal,0
54598,GOOG,2022-09-17,lstm_pred_t3_close,0.21057310700416565
54599,GOOG,2022-09-17,ts_mixer_t3_close,0.14596439898014069
54600,GOOG,2022-09-17,mid_pred_t3_close,0.17826875299215317
54601,GOOG,2022-09-17,pct_pred_close,-0.030569452166283054
54602,GOOG,2022-09-17,filtered_mid_price_t3,0.20400001898645254
54603,GOOG,2022-09-17,filtered_covariance_t3,0.002
54604,GOOG,2022-09-14,signal,-1
54605,GOOG,2022-09-14,not_trust,0.0000008697110729372071
54606,GOOG,2022-09-14,is_close,0
54607,GOOG,2022-09-14,final_signal,0
54608,GOOG,2022-09-18,lstm_pred_t3_close,0.19839757680892944
54609,GOOG,2022-09-18,ts_mixer_t3_close,0.12753553688526154
54610,GOOG,2022-09-18,mid_pred_t3_close,0.1629665568470955
54611,GOOG,2022-09-18,pct_pred_close,-0.04022888070621415
54612,GOOG,2022-09-18,filtered_mid_price_t3,0.19579332655858112
54613,GOOG,2022-09-18,filtered_covariance_t3,0.002
54614,GOOG,2022-09-15,signal,-1
54615,GOOG,2022-09-15,not_trust,0.0000006792245130782248
54616,GOOG,2022-09-15,is_close,0
54617,GOOG,2022-09-15,final_signal,0
54618,GOOG,2022-09-19,lstm_pred_t3_close,0.18584683537483215
54619,GOOG,2022-09-19,ts_mixer_t3_close,0.11603789776563644
54620,GOOG,2022-09-19,mid_pred_t3_close,0.1509423665702343
54621,GOOG,2022-09-19,pct_pred_close,-0.04581459519247446
54622,GOOG,2022-09-19,filtered_mid_price_t3,0.18682313456091176
54623,GOOG,2022-09-19,filtered_covariance_t3,0.002
54624,GOOG,2022-09-16,signal,-1
54625,GOOG,2022-09-16,not_trust,0.0000005957110715826275
54626,GOOG,2022-09-16,is_close,0
54627,GOOG,2022-09-16,final_signal,0
54628,GOOG,2022-09-20,lstm_pred_t3_close,0.18584799766540527
54629,GOOG,2022-09-20,ts_mixer_t3_close,0.1160343736410141
54630,GOOG,2022-09-20,mid_pred_t3_close,0.1509411856532097
54631,GOOG,2022-09-20,pct_pred_close,-0.03841274689243924
54632,GOOG,2022-09-20,filtered_mid_price_t3,0.17964674477937134
54633,GOOG,2022-09-20,filtered_covariance_t3,0.002
54634,GOOG,2022-09-17,signal,-1
54635,GOOG,2022-09-17,not_trust,0.0000005958179372100858
54636,GOOG,2022-09-21,lstm_pred_t3_close,0.18584850430488586
54637,GOOG,2022-09-21,ts_mixer_t3_close,0.11603280901908875
54638,GOOG,2022-09-21,mid_pred_t3_close,0.1509406566619873
54639,GOOG,2022-09-21,pct_pred_close,-0.03195837269708255
54640,GOOG,2022-09-21,filtered_mid_price_t3,0.17390552715589452
54641,GOOG,2022-09-21,filtered_covariance_t3,0.002
54642,GOOG,2022-09-18,signal,-1
54643,GOOG,2022-09-18,not_trust,0.00000059586562883851
54644,GOOG,2022-09-22,lstm_pred_t3_close,0.17655575275421143
54645,GOOG,2022-09-22,ts_mixer_t3_close,0.1159108430147171
54646,GOOG,2022-09-22,mid_pred_t3_close,0.14623329788446426
54647,GOOG,2022-09-22,pct_pred_close,-0.031824439077918446
54648,GOOG,2022-09-22,filtered_mid_price_t3,0.16837108130160847
54649,GOOG,2022-09-22,filtered_covariance_t3,0.002
54650,GOOG,2022-09-19,signal,-1
54651,GOOG,2022-09-19,not_trust,0.0000003055677950669633
54652,GOOG,2022-09-19,is_close,0
54653,GOOG,2022-09-19,final_signal,0
54654,GOOG,2022-09-23,lstm_pred_t3_close,0.16823390126228333
54655,GOOG,2022-09-23,ts_mixer_t3_close,0.10666994750499725
54656,GOOG,2022-09-23,mid_pred_t3_close,0.1374519243836403
54657,GOOG,2022-09-23,pct_pred_close,-0.0367273960337425
54658,GOOG,2022-09-23,filtered_mid_price_t3,0.16218724991801484
54659,GOOG,2022-09-23,filtered_covariance_t3,0.002
54660,GOOG,2022-09-20,signal,-1
54661,GOOG,2022-09-20,not_trust,0.0000002200941366936604
54662,GOOG,2022-09-20,is_close,0
54663,GOOG,2022-09-20,final_signal,0
54664,GOOG,2022-09-24,lstm_pred_t3_close,0.1582264006137848
54665,GOOG,2022-09-24,ts_mixer_t3_close,0.10829199105501175
54666,GOOG,2022-09-24,mid_pred_t3_close,0.13325919583439827
54667,GOOG,2022-09-24,pct_pred_close,-0.035672414568025126
54668,GOOG,2022-09-24,filtered_mid_price_t3,0.1564016391012915
54669,GOOG,2022-09-24,filtered_covariance_t3,0.002
54670,GOOG,2022-09-21,signal,-1
54671,GOOG,2022-09-21,not_trust,0.0000003664967493932636
54672,GOOG,2022-09-21,is_close,0
54673,GOOG,2022-09-21,final_signal,0
54674,GOOG,2022-09-25,lstm_pred_t3_close,0.15004365146160126
54675,GOOG,2022-09-25,ts_mixer_t3_close,0.10161341726779938
54676,GOOG,2022-09-25,mid_pred_t3_close,0.12582853436470032
54677,GOOG,2022-09-25,pct_pred_close,-0.03909563213310177
54678,GOOG,2022-09-25,filtered_mid_price_t3,0.15028701815397327
54679,GOOG,2022-09-25,filtered_covariance_t3,0.002
54680,GOOG,2022-09-22,signal,-1
54681,GOOG,2022-09-22,not_trust,0.000002946959511973546
54682,GOOG,2022-09-22,is_close,0
54683,GOOG,2022-09-22,final_signal,0
54684,GOOG,2022-09-26,lstm_pred_t3_close,0.14177656173706055
54685,GOOG,2022-09-26,ts_mixer_t3_close,0.10526707768440247
54686,GOOG,2022-09-26,mid_pred_t3_close,0.1235218197107315
54687,GOOG,2022-09-26,pct_pred_close,-0.03561877635474825
54688,GOOG,2022-09-26,filtered_mid_price_t3,0.1449339784653249
54689,GOOG,2022-09-26,filtered_covariance_t3,0.002
54690,GOOG,2022-09-23,signal,-1
54691,GOOG,2022-09-23,not_trust,0.000005085167231300147
54692,GOOG,2022-09-23,is_close,0
54693,GOOG,2022-09-23,final_signal,0
54694,GOOG,2022-09-27,lstm_pred_t3_close,0.14177684485912323
54695,GOOG,2022-09-27,ts_mixer_t3_close,0.10526715219020844
54696,GOOG,2022-09-27,mid_pred_t3_close,0.12352199852466583
54697,GOOG,2022-09-27,pct_pred_close,-0.029547218902545847
54698,GOOG,2022-09-27,filtered_mid_price_t3,0.1406515824771931
54699,GOOG,2022-09-27,filtered_covariance_t3,0.002
54700,GOOG,2022-09-24,signal,-1
54701,GOOG,2022-09-24,not_trust,0.000005086889359517954
54702,GOOG,2022-09-28,lstm_pred_t3_close,0.14177672564983368
54703,GOOG,2022-09-28,ts_mixer_t3_close,0.10526710748672485
54704,GOOG,2022-09-28,mid_pred_t3_close,0.12352191656827927
54705,GOOG,2022-09-28,pct_pred_close,-0.02435758717708204
54706,GOOG,2022-09-28,filtered_mid_price_t3,0.1372256492954103
54707,GOOG,2022-09-28,filtered_covariance_t3,0.002
54708,GOOG,2022-09-25,signal,-1
54709,GOOG,2022-09-25,not_trust,0.000005086142209620448
54710,GOOG,2022-09-29,lstm_pred_t3_close,0.1344904601573944
54711,GOOG,2022-09-29,ts_mixer_t3_close,0.10416532307863235
54712,GOOG,2022-09-29,mid_pred_t3_close,0.11932789161801338
54713,GOOG,2022-09-29,pct_pred_close,-0.026085149196660568
54714,GOOG,2022-09-29,filtered_mid_price_t3,0.13364609775993092
54715,GOOG,2022-09-29,filtered_covariance_t3,0.002
54716,GOOG,2022-09-26,signal,-1
54717,GOOG,2022-09-26,not_trust,0.000011102850294264499
54718,GOOG,2022-09-26,is_close,0
54719,GOOG,2022-09-26,final_signal,0
54720,GOOG,2022-09-30,lstm_pred_t3_close,0.1288558542728424
54721,GOOG,2022-09-30,ts_mixer_t3_close,0.1075306087732315
54722,GOOG,2022-09-30,mid_pred_t3_close,0.11819323152303696
54723,GOOG,2022-09-30,pct_pred_close,-0.023125054148085997
54724,GOOG,2022-09-30,filtered_mid_price_t3,0.13055552451255212
54725,GOOG,2022-09-30,filtered_covariance_t3,0.002
54726,GOOG,2022-09-27,signal,-1
54727,GOOG,2022-09-27,not_trust,0.000008685600732860621
54728,GOOG,2022-09-27,is_close,0
54729,GOOG,2022-09-27,final_signal,0
54730,GOOG,2022-10-01,lstm_pred_t3_close,0.12922458350658417
54731,GOOG,2022-10-01,ts_mixer_t3_close,0.11965158581733704
54732,GOOG,2022-10-01,mid_pred_t3_close,0.1244380846619606
54733,GOOG,2022-10-01,pct_pred_close,-0.009371399446223231
54734,GOOG,2022-10-01,filtered_mid_price_t3,0.1293320365424338
54735,GOOG,2022-10-01,filtered_covariance_t3,0.002
54736,GOOG,2022-09-28,signal,-1
54737,GOOG,2022-09-28,not_trust,0.000003443517016421538
54738,GOOG,2022-09-28,is_close,0
54739,GOOG,2022-09-28,final_signal,0
54740,GOOG,2022-10-02,lstm_pred_t3_close,0.129640132188797
54741,GOOG,2022-10-02,ts_mixer_t3_close,0.11794084310531616
54742,GOOG,2022-10-02,mid_pred_t3_close,0.12379048764705658
54743,GOOG,2022-10-02,pct_pred_close,-0.00856949143232434
54744,GOOG,2022-10-02,filtered_mid_price_t3,0.12822372676335836
54745,GOOG,2022-10-02,filtered_covariance_t3,0.002
54746,GOOG,2022-09-29,signal,-1
54747,GOOG,2022-09-29,not_trust,0.000002261447662021965
54748,GOOG,2022-09-29,is_close,0
54749,GOOG,2022-09-29,final_signal,0
54750,GOOG,2022-10-03,lstm_pred_t3_close,0.12914302945137024
54751,GOOG,2022-10-03,ts_mixer_t3_close,0.11929073929786682
54752,GOOG,2022-10-03,mid_pred_t3_close,0.12421688437461853
54753,GOOG,2022-10-03,pct_pred_close,-0.0062497674804518205
54754,GOOG,2022-10-03,filtered_mid_price_t3,0.12742235828561038
54755,GOOG,2022-10-03,filtered_covariance_t3,0.002
54756,GOOG,2022-09-30,signal,-1
54757,GOOG,2022-09-30,not_trust,0.000004727646683022613
54758,GOOG,2022-09-30,is_close,0
54759,GOOG,2022-09-30,final_signal,0
54760,GOOG,2022-10-04,lstm_pred_t3_close,0.1291424036026001
54761,GOOG,2022-10-04,ts_mixer_t3_close,0.11929045617580414
54762,GOOG,2022-10-04,mid_pred_t3_close,0.12421642988920212
54763,GOOG,2022-10-04,pct_pred_close,-0.005031971530808306
54764,GOOG,2022-10-04,filtered_mid_price_t3,0.12678117260632873
54765,GOOG,2022-10-04,filtered_covariance_t3,0.002
54766,GOOG,2022-10-01,signal,-1
54767,GOOG,2022-10-01,not_trust,0.0000047286971494031604
54768,GOOG,2022-10-05,lstm_pred_t3_close,0.129141703248024
54769,GOOG,2022-10-05,ts_mixer_t3_close,0.11929016560316086
54770,GOOG,2022-10-05,mid_pred_t3_close,0.12421593442559242
54771,GOOG,2022-10-05,pct_pred_close,-0.004046717865122915
54772,GOOG,2022-10-05,filtered_mid_price_t3,0.12626812497018147
54773,GOOG,2022-10-05,filtered_covariance_t3,0.002
54774,GOOG,2022-10-02,signal,-1
54775,GOOG,2022-10-02,not_trust,0.000004729892680188641
54776,GOOG,2022-10-06,lstm_pred_t3_close,0.12963545322418213
54777,GOOG,2022-10-06,ts_mixer_t3_close,0.11580251157283783
54778,GOOG,2022-10-06,mid_pred_t3_close,0.12271898239850998
54779,GOOG,2022-10-06,pct_pred_close,-0.00562159701430524
54780,GOOG,2022-10-06,filtered_mid_price_t3,0.12555829645584718
54781,GOOG,2022-10-06,filtered_covariance_t3,0.002
54782,GOOG,2022-10-03,signal,-1
54783,GOOG,2022-10-03,not_trust,0.00004147304207435809
54784,GOOG,2022-10-03,is_close,0
54785,GOOG,2022-10-03,final_signal,0
54786,GOOG,2022-10-07,lstm_pred_t3_close,0.13772369921207428
54787,GOOG,2022-10-07,ts_mixer_t3_close,0.11137202382087708
54788,GOOG,2022-10-07,mid_pred_t3_close,0.12454786151647568
54789,GOOG,2022-10-07,pct_pred_close,-0.0016095072454679618
54790,GOOG,2022-10-07,filtered_mid_price_t3,0.12535620946797288
54791,GOOG,2022-10-07,filtered_covariance_t3,0.002
54792,GOOG,2022-10-04,signal,-1
54793,GOOG,2022-10-04,not_trust,0.0004532001621555537
54794,GOOG,2022-10-04,is_close,0
54795,GOOG,2022-10-04,final_signal,0
54796,GOOG,2022-10-08,lstm_pred_t3_close,0.14467568695545197
54797,GOOG,2022-10-08,ts_mixer_t3_close,0.11320020258426666
54798,GOOG,2022-10-08,mid_pred_t3_close,0.12893794476985931
54799,GOOG,2022-10-08,pct_pred_close,0.005714492033681916
54800,GOOG,2022-10-08,filtered_mid_price_t3,0.12607255652835017
54801,GOOG,2022-10-08,filtered_covariance_t3,0.002
54802,GOOG,2022-10-05,signal,-1
54803,GOOG,2022-10-05,not_trust,0.002380370395258069
54804,GOOG,2022-10-05,is_close,0
54805,GOOG,2022-10-05,final_signal,0
54806,GOOG,2022-10-09,lstm_pred_t3_close,0.15000781416893005
54807,GOOG,2022-10-09,ts_mixer_t3_close,0.11792069673538208
54808,GOOG,2022-10-09,mid_pred_t3_close,0.13396425545215607
54809,GOOG,2022-10-09,pct_pred_close,0.012519297047857203
54810,GOOG,2022-10-09,filtered_mid_price_t3,0.12765089631311136
54811,GOOG,2022-10-09,filtered_covariance_t3,0.002
54812,GOOG,2022-10-06,signal,1
54813,GOOG,2022-10-06,not_trust,0.00008273516141343862
54814,GOOG,2022-10-06,is_close,1
54815,GOOG,2022-10-06,final_signal,1
54816,GOOG,2022-10-10,lstm_pred_t3_close,0.14889752864837646
54817,GOOG,2022-10-10,ts_mixer_t3_close,0.10544159263372421
54818,GOOG,2022-10-10,mid_pred_t3_close,0.12716956064105034
54819,GOOG,2022-10-10,pct_pred_close,-0.0007541438187483116
54820,GOOG,2022-10-10,filtered_mid_price_t3,0.12755462917869914
54821,GOOG,2022-10-10,filtered_covariance_t3,0.002
54822,GOOG,2022-10-07,signal,1
54823,GOOG,2022-10-07,not_trust,0.000002527758852011175
54824,GOOG,2022-10-07,is_close,0
54825,GOOG,2022-10-07,final_signal,0
54826,GOOG,2022-10-11,lstm_pred_t3_close,0.1488974243402481
54827,GOOG,2022-10-11,ts_mixer_t3_close,0.105441153049469
54828,GOOG,2022-10-11,mid_pred_t3_close,0.12716928869485855
54829,GOOG,2022-10-11,pct_pred_close,-0.0006041967842667439
54830,GOOG,2022-10-11,filtered_mid_price_t3,0.12747756108193103
54831,GOOG,2022-10-11,filtered_covariance_t3,0.002
54832,GOOG,2022-10-08,signal,1
54833,GOOG,2022-10-08,not_trust,0.000002527558763176785
54834,GOOG,2022-10-12,lstm_pred_t3_close,0.14889734983444214
54835,GOOG,2022-10-12,ts_mixer_t3_close,0.10544097423553467
54836,GOOG,2022-10-12,mid_pred_t3_close,0.1271691620349884
54837,GOOG,2022-10-12,pct_pred_close,-0.0004838483640967617
54838,GOOG,2022-10-12,filtered_mid_price_t3,0.1274158812725425
54839,GOOG,2022-10-12,filtered_covariance_t3,0.002
54840,GOOG,2022-10-09,signal,-1
54841,GOOG,2022-10-09,not_trust,0.0000025274719064327655
54842,GOOG,2022-10-13,lstm_pred_t3_close,0.14354783296585083
54843,GOOG,2022-10-13,ts_mixer_t3_close,0.10507230460643768
54844,GOOG,2022-10-13,mid_pred_t3_close,0.12431006878614426
54845,GOOG,2022-10-13,pct_pred_close,-0.0048750790802205915
54846,GOOG,2022-10-13,filtered_mid_price_t3,0.12679471877526285
54847,GOOG,2022-10-13,filtered_covariance_t3,0.002
54848,GOOG,2022-10-10,signal,-1
54849,GOOG,2022-10-10,not_trust,0.0000006252429898268019
54850,GOOG,2022-10-10,is_close,1
54851,GOOG,2022-10-10,final_signal,-1
54852,GOOG,2022-10-14,lstm_pred_t3_close,0.13597144186496735
54853,GOOG,2022-10-14,ts_mixer_t3_close,0.10987412929534912
54854,GOOG,2022-10-14,mid_pred_t3_close,0.12292278558015823
54855,GOOG,2022-10-14,pct_pred_close,-0.006107404523633953
54856,GOOG,2022-10-14,filtered_mid_price_t3,0.12602033213624192
54857,GOOG,2022-10-14,filtered_covariance_t3,0.002
54858,GOOG,2022-10-11,signal,-1
54859,GOOG,2022-10-11,not_trust,0.0000005403638283496548
54860,GOOG,2022-10-11,is_close,0
54861,GOOG,2022-10-11,final_signal,0
54862,GOOG,2022-10-15,lstm_pred_t3_close,0.12824468314647675
54863,GOOG,2022-10-15,ts_mixer_t3_close,0.11183014512062073
54864,GOOG,2022-10-15,mid_pred_t3_close,0.12003741413354874
54865,GOOG,2022-10-15,pct_pred_close,-0.009495163044364893
54866,GOOG,2022-10-15,filtered_mid_price_t3,0.12482374853570329
54867,GOOG,2022-10-15,filtered_covariance_t3,0.002
54868,GOOG,2022-10-12,signal,-1
54869,GOOG,2022-10-12,not_trust,0.000001966623131011147
54870,GOOG,2022-10-12,is_close,0
54871,GOOG,2022-10-12,final_signal,0
54872,GOOG,2022-10-16,lstm_pred_t3_close,0.12415456026792526
54873,GOOG,2022-10-16,ts_mixer_t3_close,0.11452977359294891
54874,GOOG,2022-10-16,mid_pred_t3_close,0.11934216693043709
54875,GOOG,2022-10-16,pct_pred_close,-0.008782914580871288
54876,GOOG,2022-10-16,filtered_mid_price_t3,0.12372743221465005
54877,GOOG,2022-10-16,filtered_covariance_t3,0.002
54878,GOOG,2022-10-13,signal,-1
54879,GOOG,2022-10-13,not_trust,0.00000324467032442044
54880,GOOG,2022-10-13,is_close,0
54881,GOOG,2022-10-13,final_signal,0
54882,GOOG,2022-10-17,lstm_pred_t3_close,0.11992926150560379
54883,GOOG,2022-10-17,ts_mixer_t3_close,0.1092689260840416
54884,GOOG,2022-10-17,mid_pred_t3_close,0.11459909379482269
54885,GOOG,2022-10-17,pct_pred_close,-0.014755561085258674
54886,GOOG,2022-10-17,filtered_mid_price_t3,0.12190176453068458
54887,GOOG,2022-10-17,filtered_covariance_t3,0.002
54888,GOOG,2022-10-14,signal,-1
54889,GOOG,2022-10-14,not_trust,0.000004469218310987344
54890,GOOG,2022-10-14,is_close,0
54891,GOOG,2022-10-14,final_signal,0
54892,GOOG,2022-10-18,lstm_pred_t3_close,0.11992941796779633
54893,GOOG,2022-10-18,ts_mixer_t3_close,0.10926933586597443
54894,GOOG,2022-10-18,mid_pred_t3_close,0.11459937691688538
54895,GOOG,2022-10-18,pct_pred_close,-0.011980774260180722
54896,GOOG,2022-10-18,filtered_mid_price_t3,0.12044128700792474
54897,GOOG,2022-10-18,filtered_covariance_t3,0.002
54898,GOOG,2022-10-15,signal,-1
54899,GOOG,2022-10-15,not_trust,0.000004470215571927838
54900,GOOG,2022-10-19,lstm_pred_t3_close,0.11992941796779633
54901,GOOG,2022-10-19,ts_mixer_t3_close,0.10926933586597443
54902,GOOG,2022-10-19,mid_pred_t3_close,0.11459937691688538
54903,GOOG,2022-10-19,pct_pred_close,-0.009700843018482513
54904,GOOG,2022-10-19,filtered_mid_price_t3,0.11927290498971686
54905,GOOG,2022-10-19,filtered_covariance_t3,0.002
54906,GOOG,2022-10-16,signal,-1
54907,GOOG,2022-10-16,not_trust,0.000004470215571927838
54908,GOOG,2022-10-20,lstm_pred_t3_close,0.11979865282773972
54909,GOOG,2022-10-20,ts_mixer_t3_close,0.11940557509660721
54910,GOOG,2022-10-20,mid_pred_t3_close,0.11960211396217346
54911,GOOG,2022-10-20,pct_pred_close,0.0005520264178775016
54912,GOOG,2022-10-20,filtered_mid_price_t3,0.11933874678420818
54913,GOOG,2022-10-20,filtered_covariance_t3,0.002
54914,GOOG,2022-10-17,signal,-1
54915,GOOG,2022-10-17,not_trust,0.000004040519797854358
54916,GOOG,2022-10-17,is_close,0
54917,GOOG,2022-10-17,final_signal,0
54918,GOOG,2022-10-21,lstm_pred_t3_close,0.12170461565256119
54919,GOOG,2022-10-21,ts_mixer_t3_close,0.12254681438207626
54920,GOOG,2022-10-21,mid_pred_t3_close,0.12212571501731873
54921,GOOG,2022-10-21,pct_pred_close,0.004670684598607373
54922,GOOG,2022-10-21,filtered_mid_price_t3,0.11989614043083029
54923,GOOG,2022-10-21,filtered_covariance_t3,0.002
54924,GOOG,2022-10-18,signal,-1
54925,GOOG,2022-10-18,not_trust,0.0000072072080001817085
54926,GOOG,2022-10-18,is_close,0
54927,GOOG,2022-10-18,final_signal,0
54928,GOOG,2022-10-22,lstm_pred_t3_close,0.12229157984256744
54929,GOOG,2022-10-22,ts_mixer_t3_close,0.1203978955745697
54930,GOOG,2022-10-22,mid_pred_t3_close,0.12134473770856857
54931,GOOG,2022-10-22,pct_pred_close,0.0024164201992374055
54932,GOOG,2022-10-22,filtered_mid_price_t3,0.12018585988637795
54933,GOOG,2022-10-22,filtered_covariance_t3,0.002
54934,GOOG,2022-10-19,signal,1
54935,GOOG,2022-10-19,not_trust,0.00003966604344896041
54936,GOOG,2022-10-19,is_close,1
54937,GOOG,2022-10-19,final_signal,1
54938,GOOG,2022-10-23,lstm_pred_t3_close,0.12211577594280243
54939,GOOG,2022-10-23,ts_mixer_t3_close,0.12170282751321793
54940,GOOG,2022-10-23,mid_pred_t3_close,0.12190930172801018
54941,GOOG,2022-10-23,pct_pred_close,0.0028679610783856942
54942,GOOG,2022-10-23,filtered_mid_price_t3,0.1205305482547044
54943,GOOG,2022-10-23,filtered_covariance_t3,0.002
54944,GOOG,2022-10-20,signal,1
54945,GOOG,2022-10-20,not_trust,0.06083444133400917
54946,GOOG,2022-10-20,is_close,0
54947,GOOG,2022-10-20,final_signal,0
54948,GOOG,2022-10-24,lstm_pred_t3_close,0.12377040833234787
54949,GOOG,2022-10-24,ts_mixer_t3_close,0.11058200150728226
54950,GOOG,2022-10-24,mid_pred_t3_close,0.11717620491981506
54951,GOOG,2022-10-24,pct_pred_close,-0.005565963788368334
54952,GOOG,2022-10-24,filtered_mid_price_t3,0.11985967958772653
54953,GOOG,2022-10-24,filtered_covariance_t3,0.002
54954,GOOG,2022-10-21,signal,-1
54955,GOOG,2022-10-21,not_trust,0.9978733062744141
54956,GOOG,2022-10-21,is_close,1
54957,GOOG,2022-10-21,final_signal,0
54958,GOOG,2022-10-25,lstm_pred_t3_close,0.12376868724822998
54959,GOOG,2022-10-25,ts_mixer_t3_close,0.11057732999324799
54960,GOOG,2022-10-25,mid_pred_t3_close,0.11717300862073898
54961,GOOG,2022-10-25,pct_pred_close,-0.004483027113419124
54962,GOOG,2022-10-25,filtered_mid_price_t3,0.11932234539432902
54963,GOOG,2022-10-25,filtered_covariance_t3,0.002
54964,GOOG,2022-10-22,signal,-1
54965,GOOG,2022-10-22,not_trust,0.9978744983673096
54966,GOOG,2022-10-26,lstm_pred_t3_close,0.12376993894577026
54967,GOOG,2022-10-26,ts_mixer_t3_close,0.11058075726032257
54968,GOOG,2022-10-26,mid_pred_t3_close,0.11717534810304642
54969,GOOG,2022-10-26,pct_pred_close,-0.0035986508380930196
54970,GOOG,2022-10-26,filtered_mid_price_t3,0.1188929459360725
54971,GOOG,2022-10-26,filtered_covariance_t3,0.002
54972,GOOG,2022-10-23,signal,-1
54973,GOOG,2022-10-23,not_trust,0.9978736639022827
54974,GOOG,2022-10-27,lstm_pred_t3_close,0.12887310981750488
54975,GOOG,2022-10-27,ts_mixer_t3_close,0.11595375090837479
54976,GOOG,2022-10-27,mid_pred_t3_close,0.12241343036293983
54977,GOOG,2022-10-27,pct_pred_close,0.005922108160664602
54978,GOOG,2022-10-27,filtered_mid_price_t3,0.11959704282144597
54979,GOOG,2022-10-27,filtered_covariance_t3,0.002
54980,GOOG,2022-10-24,signal,-1
54981,GOOG,2022-10-24,not_trust,0.006202641408890486
54982,GOOG,2022-10-24,is_close,0
54983,GOOG,2022-10-24,final_signal,-1
54984,GOOG,2022-10-28,lstm_pred_t3_close,0.13723166286945343
54985,GOOG,2022-10-28,ts_mixer_t3_close,0.1262531578540802
54986,GOOG,2022-10-28,mid_pred_t3_close,0.13174241036176682
54987,GOOG,2022-10-28,pct_pred_close,0.020310481352709384
54988,GOOG,2022-10-28,filtered_mid_price_t3,0.12202611632951013
54989,GOOG,2022-10-28,filtered_covariance_t3,0.002
54990,GOOG,2022-10-25,signal,1
54991,GOOG,2022-10-25,not_trust,0.9379772543907166
54992,GOOG,2022-10-25,is_close,1
54993,GOOG,2022-10-25,final_signal,0
54994,GOOG,2022-10-29,lstm_pred_t3_close,0.13184715807437897
54995,GOOG,2022-10-29,ts_mixer_t3_close,0.07627137005329132
54996,GOOG,2022-10-29,mid_pred_t3_close,0.10405926406383514
54997,GOOG,2022-10-29,pct_pred_close,-0.02944755238650498
54998,GOOG,2022-10-29,filtered_mid_price_t3,0.11843274587637513
54999,GOOG,2022-10-29,filtered_covariance_t3,0.002
55000,GOOG,2022-10-26,signal,-1
55001,GOOG,2022-10-26,not_trust,0.09411518275737762
55002,GOOG,2022-10-26,is_close,0
55003,GOOG,2022-10-26,final_signal,-1
55004,GOOG,2022-10-30,lstm_pred_t3_close,0.11638141423463821
55005,GOOG,2022-10-30,ts_mixer_t3_close,0.06327652186155319
55006,GOOG,2022-10-30,mid_pred_t3_close,0.0898289680480957
55007,GOOG,2022-10-30,pct_pred_close,-0.04830383289117898
55008,GOOG,2022-10-30,filtered_mid_price_t3,0.11271199031071924
55009,GOOG,2022-10-30,filtered_covariance_t3,0.002
55010,GOOG,2022-10-27,signal,-1
55011,GOOG,2022-10-27,not_trust,0.0007940911455079913
55012,GOOG,2022-10-27,is_close,0
55013,GOOG,2022-10-27,final_signal,0
55014,GOOG,2022-10-31,lstm_pred_t3_close,0.10522729903459549
55015,GOOG,2022-10-31,ts_mixer_t3_close,0.07422920316457748
55016,GOOG,2022-10-31,mid_pred_t3_close,0.08972825109958649
55017,GOOG,2022-10-31,pct_pred_close,-0.04078313078807718
55018,GOOG,2022-10-31,filtered_mid_price_t3,0.10811524246849269
55019,GOOG,2022-10-31,filtered_covariance_t3,0.002
55020,GOOG,2022-10-28,signal,-1
55021,GOOG,2022-10-28,not_trust,0.00026061595417559147
55022,GOOG,2022-10-28,is_close,0
55023,GOOG,2022-10-28,final_signal,0
55024,GOOG,2022-11-01,lstm_pred_t3_close,0.10522589832544327
55025,GOOG,2022-11-01,ts_mixer_t3_close,0.0742231160402298
55026,GOOG,2022-11-01,mid_pred_t3_close,0.08972450718283653
55027,GOOG,2022-11-01,pct_pred_close,-0.034020615161670056
55028,GOOG,2022-11-01,filtered_mid_price_t3,0.10443709541136145
55029,GOOG,2022-11-01,filtered_covariance_t3,0.002
55030,GOOG,2022-10-29,signal,-1
55031,GOOG,2022-10-29,not_trust,0.0002612605458125472
55032,GOOG,2022-11-02,lstm_pred_t3_close,0.10522664338350296
55033,GOOG,2022-11-02,ts_mixer_t3_close,0.07422634214162827
55034,GOOG,2022-11-02,mid_pred_t3_close,0.08972649276256561
55035,GOOG,2022-11-02,pct_pred_close,-0.02817122132869187
55036,GOOG,2022-11-02,filtered_mid_price_t3,0.10149497488160228
55037,GOOG,2022-11-02,filtered_covariance_t3,0.002
55038,GOOG,2022-10-30,signal,-1
55039,GOOG,2022-10-30,not_trust,0.00026091604377143085
55040,GOOG,2022-11-03,lstm_pred_t3_close,0.09721841663122177
55041,GOOG,2022-11-03,ts_mixer_t3_close,0.07468865811824799
55042,GOOG,2022-11-03,mid_pred_t3_close,0.08595353737473488
55043,GOOG,2022-11-03,pct_pred_close,-0.030625038382436374
55044,GOOG,2022-11-03,filtered_mid_price_t3,0.0983866873802288
55045,GOOG,2022-11-03,filtered_covariance_t3,0.002
55046,GOOG,2022-10-31,signal,-1
55047,GOOG,2022-10-31,not_trust,0.0001476007018936798
55048,GOOG,2022-10-31,is_close,0
55049,GOOG,2022-10-31,final_signal,0
55050,GOOG,2022-11-04,lstm_pred_t3_close,0.0876472145318985
55051,GOOG,2022-11-04,ts_mixer_t3_close,0.06282851099967957
55052,GOOG,2022-11-04,mid_pred_t3_close,0.07523786276578903
55053,GOOG,2022-11-04,pct_pred_close,-0.04705682289104415
55054,GOOG,2022-11-04,filtered_mid_price_t3,0.09375692245734084
55055,GOOG,2022-11-04,filtered_covariance_t3,0.002
55056,GOOG,2022-11-01,signal,-1
55057,GOOG,2022-11-01,not_trust,0.00003497212310321629
55058,GOOG,2022-11-01,is_close,0
55059,GOOG,2022-11-01,final_signal,0
55060,GOOG,2022-11-05,lstm_pred_t3_close,0.07572083175182343
55061,GOOG,2022-11-05,ts_mixer_t3_close,0.051011644303798676
55062,GOOG,2022-11-05,mid_pred_t3_close,0.06336623802781105
55063,GOOG,2022-11-05,pct_pred_close,-0.06482867319660043
55064,GOOG,2022-11-05,filtered_mid_price_t3,0.08767878557143488
55065,GOOG,2022-11-05,filtered_covariance_t3,0.002
55066,GOOG,2022-11-02,signal,-1
55067,GOOG,2022-11-02,not_trust,0.000022556045223609544
55068,GOOG,2022-11-02,is_close,0
55069,GOOG,2022-11-02,final_signal,0
55070,GOOG,2022-11-06,lstm_pred_t3_close,0.06513076275587082
55071,GOOG,2022-11-06,ts_mixer_t3_close,0.04888313263654709
55072,GOOG,2022-11-06,mid_pred_t3_close,0.057006947696208954
55073,GOOG,2022-11-06,pct_pred_close,-0.069964102890628
55074,GOOG,2022-11-06,filtered_mid_price_t3,0.0815444179963897
55075,GOOG,2022-11-06,filtered_covariance_t3,0.002
55076,GOOG,2022-11-03,signal,-1
55077,GOOG,2022-11-03,not_trust,0.0004604630230460316
55078,GOOG,2022-11-03,is_close,0
55079,GOOG,2022-11-03,final_signal,0
55080,GOOG,2022-11-07,lstm_pred_t3_close,0.05759945884346962
55081,GOOG,2022-11-07,ts_mixer_t3_close,0.05044488608837128
55082,GOOG,2022-11-07,mid_pred_t3_close,0.05402217246592045
55083,GOOG,2022-11-07,pct_pred_close,-0.06750246358172002
55084,GOOG,2022-11-07,filtered_mid_price_t3,0.07603996889029585
55085,GOOG,2022-11-07,filtered_covariance_t3,0.002
55086,GOOG,2022-11-04,signal,-1
55087,GOOG,2022-11-04,not_trust,0.9564257264137268
55088,GOOG,2022-11-04,is_close,0
55089,GOOG,2022-11-04,final_signal,0
55090,GOOG,2022-11-08,lstm_pred_t3_close,0.05759786069393158
55091,GOOG,2022-11-08,ts_mixer_t3_close,0.05044016242027283
55092,GOOG,2022-11-08,mid_pred_t3_close,0.0540190115571022
55093,GOOG,2022-11-08,pct_pred_close,-0.0579194275183454
55094,GOOG,2022-11-08,filtered_mid_price_t3,0.07163577742365712
55095,GOOG,2022-11-08,filtered_covariance_t3,0.002
55096,GOOG,2022-11-05,signal,-1
55097,GOOG,2022-11-05,not_trust,0.9566658735275269
55098,GOOG,2022-11-09,lstm_pred_t3_close,0.0575975626707077
55099,GOOG,2022-11-09,ts_mixer_t3_close,0.05043920874595642
55100,GOOG,2022-11-09,mid_pred_t3_close,0.05401838570833206
55101,GOOG,2022-11-09,pct_pred_close,-0.04918601388558977
55102,GOOG,2022-11-09,filtered_mid_price_t3,0.0681122990805921
55103,GOOG,2022-11-09,filtered_covariance_t3,0.002
55104,GOOG,2022-11-06,signal,-1
55105,GOOG,2022-11-06,not_trust,0.9567139744758606
55106,GOOG,2022-11-10,lstm_pred_t3_close,0.05291753262281418
55107,GOOG,2022-11-10,ts_mixer_t3_close,0.05624835193157196
55108,GOOG,2022-11-10,mid_pred_t3_close,0.05458294227719307
55109,GOOG,2022-11-10,pct_pred_close,-0.03972661908649056
55110,GOOG,2022-11-10,filtered_mid_price_t3,0.0654064277199123
55111,GOOG,2022-11-10,filtered_covariance_t3,0.002
55112,GOOG,2022-11-07,signal,-1
55113,GOOG,2022-11-07,not_trust,0.022330177947878838
55114,GOOG,2022-11-07,is_close,0
55115,GOOG,2022-11-07,final_signal,0
55116,GOOG,2022-11-11,lstm_pred_t3_close,0.055721718817949295
55117,GOOG,2022-11-11,ts_mixer_t3_close,0.05556463450193405
55118,GOOG,2022-11-11,mid_pred_t3_close,0.05564317665994167
55119,GOOG,2022-11-11,pct_pred_close,-0.029854102724519643
55120,GOOG,2022-11-11,filtered_mid_price_t3,0.06345377750791817
55121,GOOG,2022-11-11,filtered_covariance_t3,0.002
55122,GOOG,2022-11-08,signal,-1
55123,GOOG,2022-11-08,not_trust,0.0006132067646831274
55124,GOOG,2022-11-08,is_close,0
55125,GOOG,2022-11-08,final_signal,0
55126,GOOG,2022-11-12,lstm_pred_t3_close,0.05871666222810745
55127,GOOG,2022-11-12,ts_mixer_t3_close,0.045653849840164185
55128,GOOG,2022-11-12,mid_pred_t3_close,0.05218525603413582
55129,GOOG,2022-11-12,pct_pred_close,-0.03551725970097273
55130,GOOG,2022-11-12,filtered_mid_price_t3,0.0612000732131617
55131,GOOG,2022-11-12,filtered_covariance_t3,0.002
55132,GOOG,2022-11-09,signal,-1
55133,GOOG,2022-11-09,not_trust,0.00020977425447199494
55134,GOOG,2022-11-09,is_close,0
55135,GOOG,2022-11-09,final_signal,0
55136,GOOG,2022-11-13,lstm_pred_t3_close,0.06849470734596252
55137,GOOG,2022-11-13,ts_mixer_t3_close,0.05412479490041733
55138,GOOG,2022-11-13,mid_pred_t3_close,0.061309751123189926
55139,GOOG,2022-11-13,pct_pred_close,0.00035842411379547666
55140,GOOG,2022-11-13,filtered_mid_price_t3,0.06122200879516734
55141,GOOG,2022-11-13,filtered_covariance_t3,0.002
55142,GOOG,2022-11-10,signal,-1
55143,GOOG,2022-11-10,not_trust,0.00004303595778765157
55144,GOOG,2022-11-10,is_close,0
55145,GOOG,2022-11-10,final_signal,0
55146,GOOG,2022-11-14,lstm_pred_t3_close,0.08262746781110764
55147,GOOG,2022-11-14,ts_mixer_t3_close,0.05996441841125488
55148,GOOG,2022-11-14,mid_pred_t3_close,0.07129594311118126
55149,GOOG,2022-11-14,pct_pred_close,0.03290951902515518
55150,GOOG,2022-11-14,filtered_mid_price_t3,0.06323679565837012
55151,GOOG,2022-11-14,filtered_covariance_t3,0.002
55152,GOOG,2022-11-11,signal,-1
55153,GOOG,2022-11-11,not_trust,0.00002218685949628707
55154,GOOG,2022-11-11,is_close,0
55155,GOOG,2022-11-11,final_signal,0
55156,GOOG,2022-11-15,lstm_pred_t3_close,0.08262725174427032
55157,GOOG,2022-11-15,ts_mixer_t3_close,0.05996350198984146
55158,GOOG,2022-11-15,mid_pred_t3_close,0.07129537686705589
55159,GOOG,2022-11-15,pct_pred_close,0.025487000486936088
55160,GOOG,2022-11-15,filtered_mid_price_t3,0.06484851190010728
55161,GOOG,2022-11-15,filtered_covariance_t3,0.002
55162,GOOG,2022-11-12,signal,1
55163,GOOG,2022-11-12,not_trust,0.0000221575319301337
55164,GOOG,2022-11-16,lstm_pred_t3_close,0.08262822777032852
55165,GOOG,2022-11-16,ts_mixer_t3_close,0.05996765196323395
55166,GOOG,2022-11-16,mid_pred_t3_close,0.07129793986678123
55167,GOOG,2022-11-16,pct_pred_close,0.019890750852104823
55168,GOOG,2022-11-16,filtered_mid_price_t3,0.06613839749344207
55169,GOOG,2022-11-16,filtered_covariance_t3,0.002
55170,GOOG,2022-11-13,signal,1
55171,GOOG,2022-11-13,not_trust,0.000022290269043878652
55172,GOOG,2022-11-17,lstm_pred_t3_close,0.09497158229351044
55173,GOOG,2022-11-17,ts_mixer_t3_close,0.0485805943608284
55174,GOOG,2022-11-17,mid_pred_t3_close,0.07177608832716942
55175,GOOG,2022-11-17,pct_pred_close,0.017048162784066196
55176,GOOG,2022-11-17,filtered_mid_price_t3,0.06726593566018754
55177,GOOG,2022-11-17,filtered_covariance_t3,0.002
55178,GOOG,2022-11-14,signal,1
55179,GOOG,2022-11-14,not_trust,0.00007566987915197387
55180,GOOG,2022-11-14,is_close,1
55181,GOOG,2022-11-14,final_signal,1
55182,GOOG,2022-11-18,lstm_pred_t3_close,0.10706095397472382
55183,GOOG,2022-11-18,ts_mixer_t3_close,0.06709537655115128
55184,GOOG,2022-11-18,mid_pred_t3_close,0.08707816526293755
55185,GOOG,2022-11-18,pct_pred_close,0.05890717019930261
55186,GOOG,2022-11-18,filtered_mid_price_t3,0.07122838158073755
55187,GOOG,2022-11-18,filtered_covariance_t3,0.002
55188,GOOG,2022-11-15,signal,1
55189,GOOG,2022-11-15,not_trust,0.00010427575034555048
55190,GOOG,2022-11-15,is_close,0
55191,GOOG,2022-11-15,final_signal,0
55192,GOOG,2022-11-19,lstm_pred_t3_close,0.11764759570360184
55193,GOOG,2022-11-19,ts_mixer_t3_close,0.07531808316707611
55194,GOOG,2022-11-19,mid_pred_t3_close,0.09648283943533897
55195,GOOG,2022-11-19,pct_pred_close,0.07091122188695369
55196,GOOG,2022-11-19,filtered_mid_price_t3,0.07627927315165783
55197,GOOG,2022-11-19,filtered_covariance_t3,0.002
55198,GOOG,2022-11-16,signal,1
55199,GOOG,2022-11-16,not_trust,0.000004956902557751164
55200,GOOG,2022-11-16,is_close,0
55201,GOOG,2022-11-16,final_signal,0
55202,GOOG,2022-11-20,lstm_pred_t3_close,0.12474489957094193
55203,GOOG,2022-11-20,ts_mixer_t3_close,0.09322971105575562
55204,GOOG,2022-11-20,mid_pred_t3_close,0.10898730531334877
55205,GOOG,2022-11-20,pct_pred_close,0.08575863615444022
55206,GOOG,2022-11-20,filtered_mid_price_t3,0.08282087958399602
55207,GOOG,2022-11-20,filtered_covariance_t3,0.002
55208,GOOG,2022-11-17,signal,1
55209,GOOG,2022-11-17,not_trust,0.00000012602522758697887
55210,GOOG,2022-11-17,is_close,0
55211,GOOG,2022-11-17,final_signal,0
55212,GOOG,2022-11-21,lstm_pred_t3_close,0.12655892968177795
55213,GOOG,2022-11-21,ts_mixer_t3_close,0.12387028336524963
55214,GOOG,2022-11-21,mid_pred_t3_close,0.1252146065235138
55215,GOOG,2022-11-21,pct_pred_close,0.10237449095556275
55216,GOOG,2022-11-21,filtered_mid_price_t3,0.09129962497189957
55217,GOOG,2022-11-21,filtered_covariance_t3,0.002
55218,GOOG,2022-11-18,signal,1
55219,GOOG,2022-11-18,not_trust,0.00000008171826237912683
55220,GOOG,2022-11-18,is_close,0
55221,GOOG,2022-11-18,final_signal,0
55222,GOOG,2022-11-22,lstm_pred_t3_close,0.12655846774578094
55223,GOOG,2022-11-22,ts_mixer_t3_close,0.12386959791183472
55224,GOOG,2022-11-22,mid_pred_t3_close,0.12521403282880783
55225,GOOG,2022-11-22,pct_pred_close,0.07429254581789692
55226,GOOG,2022-11-22,filtered_mid_price_t3,0.09808250654328123
55227,GOOG,2022-11-22,filtered_covariance_t3,0.002
55228,GOOG,2022-11-19,signal,1
55229,GOOG,2022-11-19,not_trust,0.00000008161187281530147
55230,GOOG,2022-11-23,lstm_pred_t3_close,0.12655800580978394
55231,GOOG,2022-11-23,ts_mixer_t3_close,0.12386895716190338
55232,GOOG,2022-11-23,mid_pred_t3_close,0.12521348148584366
55233,GOOG,2022-11-23,pct_pred_close,0.05532276019188042
55234,GOOG,2022-11-23,filtered_mid_price_t3,0.10350870153179371
55235,GOOG,2022-11-23,filtered_covariance_t3,0.002
55236,GOOG,2022-11-20,signal,1
55237,GOOG,2022-11-20,not_trust,0.0000000815130931641761
55238,GOOG,2022-11-24,lstm_pred_t3_close,0.12158596515655518
55239,GOOG,2022-11-24,ts_mixer_t3_close,0.11218389123678207
55240,GOOG,2022-11-24,mid_pred_t3_close,0.11688492819666862
55241,GOOG,2022-11-24,pct_pred_close,0.02584560808303889
55242,GOOG,2022-11-24,filtered_mid_price_t3,0.1061839468647687
55243,GOOG,2022-11-24,filtered_covariance_t3,0.002
55244,GOOG,2022-11-21,signal,1
55245,GOOG,2022-11-21,not_trust,0.00000006888025438911427
55246,GOOG,2022-11-21,is_close,0
55247,GOOG,2022-11-21,final_signal,0
55248,GOOG,2022-11-25,lstm_pred_t3_close,0.11541934311389923
55249,GOOG,2022-11-25,ts_mixer_t3_close,0.10867813229560852
55250,GOOG,2022-11-25,mid_pred_t3_close,0.11204873770475388
55251,GOOG,2022-11-25,pct_pred_close,0.011046473620827672
55252,GOOG,2022-11-25,filtered_mid_price_t3,0.10735690503276574
55253,GOOG,2022-11-25,filtered_covariance_t3,0.002
55254,GOOG,2022-11-22,signal,1
55255,GOOG,2022-11-22,not_trust,0.00000006019507736709784
55256,GOOG,2022-11-22,is_close,0
55257,GOOG,2022-11-22,final_signal,0
55258,GOOG,2022-11-26,lstm_pred_t3_close,0.1124485582113266
55259,GOOG,2022-11-26,ts_mixer_t3_close,0.12111292779445648
55260,GOOG,2022-11-26,mid_pred_t3_close,0.11678074300289154
55261,GOOG,2022-11-26,pct_pred_close,0.017556090998058483
55262,GOOG,2022-11-26,filtered_mid_price_t3,0.1092416726267909
55263,GOOG,2022-11-26,filtered_covariance_t3,0.002
55264,GOOG,2022-11-23,signal,1
55265,GOOG,2022-11-23,not_trust,0.00000006438924771146048
55266,GOOG,2022-11-23,is_close,0
55267,GOOG,2022-11-23,final_signal,0
55268,GOOG,2022-11-27,lstm_pred_t3_close,0.1124468594789505
55269,GOOG,2022-11-27,ts_mixer_t3_close,0.12111140787601471
55270,GOOG,2022-11-27,mid_pred_t3_close,0.1167791336774826
55271,GOOG,2022-11-27,pct_pred_close,0.013799607548013985
55272,GOOG,2022-11-27,filtered_mid_price_t3,0.11074916483692923
55273,GOOG,2022-11-27,filtered_covariance_t3,0.002
55274,GOOG,2022-11-24,signal,1
55275,GOOG,2022-11-24,not_trust,0.00000006435929122972084
55276,GOOG,2022-11-28,lstm_pred_t3_close,0.10931370407342911
55277,GOOG,2022-11-28,ts_mixer_t3_close,0.11762043833732605
55278,GOOG,2022-11-28,mid_pred_t3_close,0.11346707120537758
55279,GOOG,2022-11-28,pct_pred_close,0.004908220070914816
55280,GOOG,2022-11-28,filtered_mid_price_t3,0.1112927461106189
55281,GOOG,2022-11-28,filtered_covariance_t3,0.002
55282,GOOG,2022-11-25,signal,1
55283,GOOG,2022-11-25,not_trust,0.00000007498560705698765
55284,GOOG,2022-11-25,is_close,0
55285,GOOG,2022-11-25,final_signal,0
55286,GOOG,2022-11-29,lstm_pred_t3_close,0.10931450128555298
55287,GOOG,2022-11-29,ts_mixer_t3_close,0.11762134730815887
55288,GOOG,2022-11-29,mid_pred_t3_close,0.11346792429685593
55289,GOOG,2022-11-29,pct_pred_close,0.00390893074751706
55290,GOOG,2022-11-29,filtered_mid_price_t3,0.11172778174786631
55291,GOOG,2022-11-29,filtered_covariance_t3,0.002
55292,GOOG,2022-11-26,signal,1
55293,GOOG,2022-11-26,not_trust,0.00000007497716580928682
55294,GOOG,2022-11-30,lstm_pred_t3_close,0.10931606590747833
55295,GOOG,2022-11-30,ts_mixer_t3_close,0.11762315034866333
55296,GOOG,2022-11-30,mid_pred_t3_close,0.11346960812807083
55297,GOOG,2022-11-30,pct_pred_close,0.0031179825696982886
55298,GOOG,2022-11-30,filtered_mid_price_t3,0.11207614702390721
55299,GOOG,2022-11-30,filtered_covariance_t3,0.002
55300,GOOG,2022-11-27,signal,1
55301,GOOG,2022-11-27,not_trust,0.00000007496058174183418
55302,GOOG,2022-12-01,lstm_pred_t3_close,0.10303284227848053
55303,GOOG,2022-12-01,ts_mixer_t3_close,0.11209788918495178
55304,GOOG,2022-12-01,mid_pred_t3_close,0.10756536573171616
55305,GOOG,2022-12-01,pct_pred_close,-0.008049493869964815
55306,GOOG,2022-12-01,filtered_mid_price_t3,0.111173990765469
55307,GOOG,2022-12-01,filtered_covariance_t3,0.002
55308,GOOG,2022-11-28,signal,-1
55309,GOOG,2022-11-28,not_trust,0.00000010936696526187006
55310,GOOG,2022-11-28,is_close,1
55311,GOOG,2022-11-28,final_signal,-1
55312,GOOG,2022-12-02,lstm_pred_t3_close,0.0953134298324585
55313,GOOG,2022-12-02,ts_mixer_t3_close,0.09934684634208679
55314,GOOG,2022-12-02,mid_pred_t3_close,0.09733013808727264
55315,GOOG,2022-12-02,pct_pred_close,-0.02490484075074925
55316,GOOG,2022-12-02,filtered_mid_price_t3,0.10840522022982972
55317,GOOG,2022-12-02,filtered_covariance_t3,0.002
55318,GOOG,2022-11-29,signal,-1
55319,GOOG,2022-11-29,not_trust,0.0000001465469381400908
55320,GOOG,2022-11-29,is_close,0
55321,GOOG,2022-11-29,final_signal,0
55322,GOOG,2022-12-03,lstm_pred_t3_close,0.09553998708724976
55323,GOOG,2022-12-03,ts_mixer_t3_close,0.10554912686347961
55324,GOOG,2022-12-03,mid_pred_t3_close,0.10054455697536469
55325,GOOG,2022-12-03,pct_pred_close,-0.01450237034305114
55326,GOOG,2022-12-03,filtered_mid_price_t3,0.10683308757893671
55327,GOOG,2022-12-03,filtered_covariance_t3,0.002
55328,GOOG,2022-11-30,signal,-1
55329,GOOG,2022-11-30,not_trust,0.00000017468993007696554
55330,GOOG,2022-11-30,is_close,0
55331,GOOG,2022-11-30,final_signal,0
55332,GOOG,2022-12-04,lstm_pred_t3_close,0.10067256540060043
55333,GOOG,2022-12-04,ts_mixer_t3_close,0.10170599818229675
55334,GOOG,2022-12-04,mid_pred_t3_close,0.1011892817914486
55335,GOOG,2022-12-04,pct_pred_close,-0.010565651363989646
55336,GOOG,2022-12-04,filtered_mid_price_t3,0.1057043264214391
55337,GOOG,2022-12-04,filtered_covariance_t3,0.002
55338,GOOG,2022-12-01,signal,-1
55339,GOOG,2022-12-01,not_trust,0.0000001497608792533356
55340,GOOG,2022-12-01,is_close,0
55341,GOOG,2022-12-01,final_signal,0
55342,GOOG,2022-12-05,lstm_pred_t3_close,0.10663871467113495
55343,GOOG,2022-12-05,ts_mixer_t3_close,0.09947182983160019
55344,GOOG,2022-12-05,mid_pred_t3_close,0.10305527225136757
55345,GOOG,2022-12-05,pct_pred_close,-0.005012196302183245
55346,GOOG,2022-12-05,filtered_mid_price_t3,0.10517451558742479
55347,GOOG,2022-12-05,filtered_covariance_t3,0.002
55348,GOOG,2022-12-02,signal,-1
55349,GOOG,2022-12-02,not_trust,0.0000001566259868468478
55350,GOOG,2022-12-02,is_close,0
55351,GOOG,2022-12-02,final_signal,0
55352,GOOG,2022-12-06,lstm_pred_t3_close,0.10663767904043198
55353,GOOG,2022-12-06,ts_mixer_t3_close,0.09947028011083603
55354,GOOG,2022-12-06,mid_pred_t3_close,0.103053979575634
55355,GOOG,2022-12-06,pct_pred_close,-0.004032414126078081
55356,GOOG,2022-12-06,filtered_mid_price_t3,0.10475040838506663
55357,GOOG,2022-12-06,filtered_covariance_t3,0.002
55358,GOOG,2022-12-03,signal,-1
55359,GOOG,2022-12-03,not_trust,0.00000015663314911762427
55360,GOOG,2022-12-07,lstm_pred_t3_close,0.10663854330778122
55361,GOOG,2022-12-07,ts_mixer_t3_close,0.0994715765118599
55362,GOOG,2022-12-07,mid_pred_t3_close,0.10305505990982056
55363,GOOG,2022-12-07,pct_pred_close,-0.003236929576472642
55364,GOOG,2022-12-07,filtered_mid_price_t3,0.10441133869001742
55365,GOOG,2022-12-07,filtered_covariance_t3,0.002
55366,GOOG,2022-12-04,signal,-1
55367,GOOG,2022-12-04,not_trust,0.00000015662732266719104
55368,GOOG,2022-12-08,lstm_pred_t3_close,0.110572949051857
55369,GOOG,2022-12-08,ts_mixer_t3_close,0.09669803082942963
55370,GOOG,2022-12-08,mid_pred_t3_close,0.10363548994064331
55371,GOOG,2022-12-08,pct_pred_close,-0.001486138879374995
55372,GOOG,2022-12-08,filtered_mid_price_t3,0.1042561689401426
55373,GOOG,2022-12-08,filtered_covariance_t3,0.002
55374,GOOG,2022-12-05,signal,-1
55375,GOOG,2022-12-05,not_trust,0.00000018854379391086695
55376,GOOG,2022-12-05,is_close,0
55377,GOOG,2022-12-05,final_signal,0
55378,GOOG,2022-12-09,lstm_pred_t3_close,0.10977711528539658
55379,GOOG,2022-12-09,ts_mixer_t3_close,0.07018782198429108
55380,GOOG,2022-12-09,mid_pred_t3_close,0.08998246863484383
55381,GOOG,2022-12-09,pct_pred_close,-0.02738197739357527
55382,GOOG,2022-12-09,filtered_mid_price_t3,0.10140142887908285
55383,GOOG,2022-12-09,filtered_covariance_t3,0.002
55384,GOOG,2022-12-06,signal,-1
55385,GOOG,2022-12-06,not_trust,0.0000002656323374594649
55386,GOOG,2022-12-06,is_close,0
55387,GOOG,2022-12-06,final_signal,0
55388,GOOG,2022-12-10,lstm_pred_t3_close,0.1036258339881897
55389,GOOG,2022-12-10,ts_mixer_t3_close,0.05723530426621437
55390,GOOG,2022-12-10,mid_pred_t3_close,0.08043056912720203
55391,GOOG,2022-12-10,pct_pred_close,-0.04136205965477612
55392,GOOG,2022-12-10,filtered_mid_price_t3,0.09720725692870669
55393,GOOG,2022-12-10,filtered_covariance_t3,0.002
55394,GOOG,2022-12-07,signal,-1
55395,GOOG,2022-12-07,not_trust,0.0000004333680294621445
55396,GOOG,2022-12-07,is_close,0
55397,GOOG,2022-12-07,final_signal,0
55398,GOOG,2022-12-11,lstm_pred_t3_close,0.09458588808774948
55399,GOOG,2022-12-11,ts_mixer_t3_close,0.07327338308095932
55400,GOOG,2022-12-11,mid_pred_t3_close,0.0839296355843544
55401,GOOG,2022-12-11,pct_pred_close,-0.027318168959525962
55402,GOOG,2022-12-11,filtered_mid_price_t3,0.09455173265983623
55403,GOOG,2022-12-11,filtered_covariance_t3,0.002
55404,GOOG,2022-12-08,signal,-1
55405,GOOG,2022-12-08,not_trust,0.0000006261595899559325
55406,GOOG,2022-12-08,is_close,0
55407,GOOG,2022-12-08,final_signal,0
55408,GOOG,2022-12-12,lstm_pred_t3_close,0.08644837141036987
55409,GOOG,2022-12-12,ts_mixer_t3_close,0.07247735559940338
55410,GOOG,2022-12-12,mid_pred_t3_close,0.07946286350488663
55411,GOOG,2022-12-12,pct_pred_close,-0.031916642308891394
55412,GOOG,2022-12-12,filtered_mid_price_t3,0.09153395882884631
55413,GOOG,2022-12-12,filtered_covariance_t3,0.002
55414,GOOG,2022-12-09,signal,-1
55415,GOOG,2022-12-09,not_trust,0.0000009090022672353371
55416,GOOG,2022-12-09,is_close,0
55417,GOOG,2022-12-09,final_signal,0
55418,GOOG,2022-12-13,lstm_pred_t3_close,0.08644725382328033
55419,GOOG,2022-12-13,ts_mixer_t3_close,0.07247582823038101
55420,GOOG,2022-12-13,mid_pred_t3_close,0.07946154102683067
55421,GOOG,2022-12-13,pct_pred_close,-0.026378008678918992
55422,GOOG,2022-12-13,filtered_mid_price_t3,0.08911947526844319
55423,GOOG,2022-12-13,filtered_covariance_t3,0.002
55424,GOOG,2022-12-10,signal,-1
55425,GOOG,2022-12-10,not_trust,0.0000009095599580177804
55426,GOOG,2022-12-14,lstm_pred_t3_close,0.08644567430019379
55427,GOOG,2022-12-14,ts_mixer_t3_close,0.07247374951839447
55428,GOOG,2022-12-14,mid_pred_t3_close,0.07945971190929413
55429,GOOG,2022-12-14,pct_pred_close,-0.02167823212614797
55430,GOOG,2022-12-14,filtered_mid_price_t3,0.08718752259661337
55431,GOOG,2022-12-14,filtered_covariance_t3,0.002
55432,GOOG,2022-12-11,signal,-1
55433,GOOG,2022-12-11,not_trust,0.0000009103451930059236
55434,GOOG,2022-12-15,lstm_pred_t3_close,0.08163721859455109
55435,GOOG,2022-12-15,ts_mixer_t3_close,0.07452482730150223
55436,GOOG,2022-12-15,mid_pred_t3_close,0.07808102294802666
55437,GOOG,2022-12-15,pct_pred_close,-0.020889456145506857
55438,GOOG,2022-12-15,filtered_mid_price_t3,0.08536622266689603
55439,GOOG,2022-12-15,filtered_covariance_t3,0.002
55440,GOOG,2022-12-12,signal,-1
55441,GOOG,2022-12-12,not_trust,0.000001126345296142972
55442,GOOG,2022-12-12,is_close,0
55443,GOOG,2022-12-12,final_signal,0
55444,GOOG,2022-12-16,lstm_pred_t3_close,0.08293122053146362
55445,GOOG,2022-12-16,ts_mixer_t3_close,0.0844806581735611
55446,GOOG,2022-12-16,mid_pred_t3_close,0.08370593935251236
55447,GOOG,2022-12-16,pct_pred_close,-0.0038897898079951515
55448,GOOG,2022-12-16,filtered_mid_price_t3,0.0850341660040193
55449,GOOG,2022-12-16,filtered_covariance_t3,0.002
55450,GOOG,2022-12-13,signal,-1
55451,GOOG,2022-12-13,not_trust,0.0000009366808626509737
55452,GOOG,2022-12-13,is_close,0
55453,GOOG,2022-12-13,final_signal,0
55454,GOOG,2022-12-17,lstm_pred_t3_close,0.08427342027425766
55455,GOOG,2022-12-17,ts_mixer_t3_close,0.06996382772922516
55456,GOOG,2022-12-17,mid_pred_t3_close,0.07711862400174141
55457,GOOG,2022-12-17,pct_pred_close,-0.018617321423258774
55458,GOOG,2022-12-17,filtered_mid_price_t3,0.08345105760356372
55459,GOOG,2022-12-17,filtered_covariance_t3,0.002
55460,GOOG,2022-12-14,signal,-1
55461,GOOG,2022-12-14,not_trust,0.0000010784079904624377
55462,GOOG,2022-12-14,is_close,0
55463,GOOG,2022-12-14,final_signal,0
55464,GOOG,2022-12-18,lstm_pred_t3_close,0.08029482513666153
55465,GOOG,2022-12-18,ts_mixer_t3_close,0.054776038974523544
55466,GOOG,2022-12-18,mid_pred_t3_close,0.06753543205559254
55467,GOOG,2022-12-18,pct_pred_close,-0.03814361616261048
55468,GOOG,2022-12-18,filtered_mid_price_t3,0.08026793249396949
55469,GOOG,2022-12-18,filtered_covariance_t3,0.002
55470,GOOG,2022-12-15,signal,-1
55471,GOOG,2022-12-15,not_trust,0.00000886988163983915
55472,GOOG,2022-12-15,is_close,0
55473,GOOG,2022-12-15,final_signal,0
55474,GOOG,2022-12-19,lstm_pred_t3_close,0.0737806111574173
55475,GOOG,2022-12-19,ts_mixer_t3_close,0.04536231607198715
55476,GOOG,2022-12-19,mid_pred_t3_close,0.059571463614702225
55477,GOOG,2022-12-19,pct_pred_close,-0.05156846136736407
55478,GOOG,2022-12-19,filtered_mid_price_t3,0.07612863871811604
55479,GOOG,2022-12-19,filtered_covariance_t3,0.002
55480,GOOG,2022-12-16,signal,-1
55481,GOOG,2022-12-16,not_trust,0.06002023071050644
55482,GOOG,2022-12-16,is_close,0
55483,GOOG,2022-12-16,final_signal,0
55484,GOOG,2022-12-20,lstm_pred_t3_close,0.07378099113702774
55485,GOOG,2022-12-20,ts_mixer_t3_close,0.04536270350217819
55486,GOOG,2022-12-20,mid_pred_t3_close,0.059571847319602966
55487,GOOG,2022-12-20,pct_pred_close,-0.04349688022090716
55488,GOOG,2022-12-20,filtered_mid_price_t3,0.07281728043841343
55489,GOOG,2022-12-20,filtered_covariance_t3,0.002
55490,GOOG,2022-12-17,signal,-1
55491,GOOG,2022-12-17,not_trust,0.060039687901735306
55492,GOOG,2022-12-21,lstm_pred_t3_close,0.07378238439559937
55493,GOOG,2022-12-21,ts_mixer_t3_close,0.045364245772361755
55494,GOOG,2022-12-21,mid_pred_t3_close,0.05957331508398056
55495,GOOG,2022-12-21,pct_pred_close,-0.03637588570925602
55496,GOOG,2022-12-21,filtered_mid_price_t3,0.07016848736752686
55497,GOOG,2022-12-21,filtered_covariance_t3,0.002
55498,GOOG,2022-12-18,signal,-1
55499,GOOG,2022-12-18,not_trust,0.06010962650179863
55500,GOOG,2022-12-22,lstm_pred_t3_close,0.06652657687664032
55501,GOOG,2022-12-22,ts_mixer_t3_close,0.04228202998638153
55502,GOOG,2022-12-22,mid_pred_t3_close,0.054404303431510925
55503,GOOG,2022-12-22,pct_pred_close,-0.044932374994623
55504,GOOG,2022-12-22,filtered_mid_price_t3,0.06701565058032367
55505,GOOG,2022-12-22,filtered_covariance_t3,0.002
55506,GOOG,2022-12-19,signal,-1
55507,GOOG,2022-12-19,not_trust,0.9962173104286194
55508,GOOG,2022-12-19,is_close,0
55509,GOOG,2022-12-19,final_signal,0
55510,GOOG,2022-12-23,lstm_pred_t3_close,0.06167200580239296
55511,GOOG,2022-12-23,ts_mixer_t3_close,0.04579053074121475
55512,GOOG,2022-12-23,mid_pred_t3_close,0.053731268271803856
55513,GOOG,2022-12-23,pct_pred_close,-0.03964561171452761
55514,GOOG,2022-12-23,filtered_mid_price_t3,0.0643587741186197
55515,GOOG,2022-12-23,filtered_covariance_t3,0.002
55516,GOOG,2022-12-20,signal,-1
55517,GOOG,2022-12-20,not_trust,0.016165198758244514
55518,GOOG,2022-12-20,is_close,0
55519,GOOG,2022-12-20,final_signal,0
55520,GOOG,2022-12-24,lstm_pred_t3_close,0.06066447123885155
55521,GOOG,2022-12-24,ts_mixer_t3_close,0.04183873534202576
55522,GOOG,2022-12-24,mid_pred_t3_close,0.05125160329043865
55523,GOOG,2022-12-24,pct_pred_close,-0.04073157392346605
55524,GOOG,2022-12-24,filtered_mid_price_t3,0.06173733995298349
55525,GOOG,2022-12-24,filtered_covariance_t3,0.002
55526,GOOG,2022-12-21,signal,-1
55527,GOOG,2022-12-21,not_trust,0.00021232095605228096
55528,GOOG,2022-12-21,is_close,0
55529,GOOG,2022-12-21,final_signal,0
55530,GOOG,2022-12-25,lstm_pred_t3_close,0.059713225811719894
55531,GOOG,2022-12-25,ts_mixer_t3_close,0.02478577196598053
55532,GOOG,2022-12-25,mid_pred_t3_close,0.04224949888885021
55533,GOOG,2022-12-25,pct_pred_close,-0.06313145684272883
55534,GOOG,2022-12-25,filtered_mid_price_t3,0.05783977174015684
55535,GOOG,2022-12-25,filtered_covariance_t3,0.002
55536,GOOG,2022-12-22,signal,-1
55537,GOOG,2022-12-22,not_trust,0.000008920654181565624
55538,GOOG,2022-12-22,is_close,0
55539,GOOG,2022-12-22,final_signal,0
55540,GOOG,2022-12-26,lstm_pred_t3_close,0.06105495244264603
55541,GOOG,2022-12-26,ts_mixer_t3_close,0.013108878396451473
55542,GOOG,2022-12-26,mid_pred_t3_close,0.03708191541954875
55543,GOOG,2022-12-26,pct_pred_close,-0.07177710318035849
55544,GOOG,2022-12-26,filtered_mid_price_t3,0.05368820047603522
55545,GOOG,2022-12-26,filtered_covariance_t3,0.002
55546,GOOG,2022-12-23,signal,-1
55547,GOOG,2022-12-23,not_trust,0.000002443626954118372
55548,GOOG,2022-12-23,is_close,0
55549,GOOG,2022-12-23,final_signal,0
55550,GOOG,2022-12-27,lstm_pred_t3_close,0.06105654686689377
55551,GOOG,2022-12-27,ts_mixer_t3_close,0.013110294006764889
55552,GOOG,2022-12-27,mid_pred_t3_close,0.03708342043682933
55553,GOOG,2022-12-27,pct_pred_close,-0.061856347919941046
55554,GOOG,2022-12-27,filtered_mid_price_t3,0.05036724446819404
55555,GOOG,2022-12-27,filtered_covariance_t3,0.002
55556,GOOG,2022-12-24,signal,-1
55557,GOOG,2022-12-24,not_trust,0.000002443948687869124
55558,GOOG,2022-12-28,lstm_pred_t3_close,0.06105596944689751
55559,GOOG,2022-12-28,ts_mixer_t3_close,0.013109772466123104
55560,GOOG,2022-12-28,mid_pred_t3_close,0.037082870956510305
55561,GOOG,2022-12-28,pct_pred_close,-0.052750050759963925
55562,GOOG,2022-12-28,filtered_mid_price_t3,0.04771036976585729
55563,GOOG,2022-12-28,filtered_covariance_t3,0.002
55564,GOOG,2022-12-25,signal,-1
55565,GOOG,2022-12-25,not_trust,0.000002443834318910376
55566,GOOG,2022-12-29,lstm_pred_t3_close,0.06105596944689751
55567,GOOG,2022-12-29,ts_mixer_t3_close,0.013109772466123104
55568,GOOG,2022-12-29,mid_pred_t3_close,0.037082870956510305
55569,GOOG,2022-12-29,pct_pred_close,-0.044550058452710976
55570,GOOG,2022-12-29,filtered_mid_price_t3,0.04558487000398789
55571,GOOG,2022-12-29,filtered_covariance_t3,0.002
55572,GOOG,2022-12-26,signal,-1
55573,GOOG,2022-12-26,not_trust,0.000002443834318910376
55574,GOOG,2022-12-30,lstm_pred_t3_close,0.06114346906542778
55575,GOOG,2022-12-30,ts_mixer_t3_close,0.011124781332910061
55576,GOOG,2022-12-30,mid_pred_t3_close,0.03613412519916892
55577,GOOG,2022-12-30,pct_pred_close,-0.041464392918054614
55578,GOOG,2022-12-30,filtered_mid_price_t3,0.0436947210430241
55579,GOOG,2022-12-30,filtered_covariance_t3,0.002
55580,GOOG,2022-12-27,signal,-1
55581,GOOG,2022-12-27,not_trust,0.0000014787475492994417
55582,GOOG,2022-12-27,is_close,0
55583,GOOG,2022-12-27,final_signal,0
55584,GOOG,2022-12-31,lstm_pred_t3_close,0.05783429369330406
55585,GOOG,2022-12-31,ts_mixer_t3_close,0.0016162237152457237
55586,GOOG,2022-12-31,mid_pred_t3_close,0.029725258704274893
55587,GOOG,2022-12-31,pct_pred_close,-0.06394119017258003
55588,GOOG,2022-12-31,filtered_mid_price_t3,0.04090082857527426
55589,GOOG,2022-12-31,filtered_covariance_t3,0.002
55590,GOOG,2022-12-28,signal,-1
55591,GOOG,2022-12-28,not_trust,0.00004540371082839556
55592,GOOG,2022-12-28,is_close,0
55593,GOOG,2022-12-28,final_signal,0
55594,GOOG,2023-01-01,lstm_pred_t3_close,0.05665021762251854
55595,GOOG,2023-01-01,ts_mixer_t3_close,0.009688987396657467
55596,GOOG,2023-01-01,mid_pred_t3_close,0.033169602509588
55597,GOOG,2023-01-01,pct_pred_close,-0.03780474056391128
55598,GOOG,2023-01-01,filtered_mid_price_t3,0.039354583362137006
55599,GOOG,2023-01-01,filtered_covariance_t3,0.002
55600,GOOG,2022-12-29,signal,-1
55601,GOOG,2022-12-29,not_trust,0.004240397363901138
55602,GOOG,2022-12-29,is_close,0
55603,GOOG,2022-12-29,final_signal,0
55604,GOOG,2023-01-02,lstm_pred_t3_close,0.0575571171939373
55605,GOOG,2023-01-02,ts_mixer_t3_close,0.01634260267019272
55606,GOOG,2023-01-02,mid_pred_t3_close,0.03694985993206501
55607,GOOG,2023-01-02,pct_pred_close,-0.012220804920961717
55608,GOOG,2023-01-02,filtered_mid_price_t3,0.038873638676122604
55609,GOOG,2023-01-02,filtered_covariance_t3,0.002
55610,GOOG,2022-12-30,signal,-1
55611,GOOG,2022-12-30,not_trust,0.16384431719779968
55612,GOOG,2022-12-30,is_close,0
55613,GOOG,2022-12-30,final_signal,0
55614,GOOG,2023-01-03,lstm_pred_t3_close,0.0575571171939373
55615,GOOG,2023-01-03,ts_mixer_t3_close,0.01634260267019272
55616,GOOG,2023-01-03,mid_pred_t3_close,0.03694985993206501
55617,GOOG,2023-01-03,pct_pred_close,-0.009897600582675817
55618,GOOG,2023-01-03,filtered_mid_price_t3,0.038488882927311084
55619,GOOG,2023-01-03,filtered_covariance_t3,0.002
55620,GOOG,2022-12-31,signal,-1
55621,GOOG,2022-12-31,not_trust,0.16384431719779968
55622,GOOG,2023-01-04,lstm_pred_t3_close,0.057557035237550735
55623,GOOG,2023-01-04,ts_mixer_t3_close,0.016342654824256897
55624,GOOG,2023-01-04,mid_pred_t3_close,0.036949845030903816
55625,GOOG,2023-01-04,pct_pred_close,-0.007997311323967813
55626,GOOG,2023-01-04,filtered_mid_price_t3,0.03818107534802963
55627,GOOG,2023-01-04,filtered_covariance_t3,0.002
55628,GOOG,2023-01-01,signal,-1
55629,GOOG,2023-01-01,not_trust,0.16357377171516418
55630,GOOG,2023-01-05,lstm_pred_t3_close,0.057558536529541016
55631,GOOG,2023-01-05,ts_mixer_t3_close,0.016342028975486755
55632,GOOG,2023-01-05,mid_pred_t3_close,0.036950282752513885
55633,GOOG,2023-01-05,pct_pred_close,-0.006447134263751137
55634,GOOG,2023-01-05,filtered_mid_price_t3,0.03793491682892648
55635,GOOG,2023-01-05,filtered_covariance_t3,0.002
55636,GOOG,2023-01-02,signal,-1
55637,GOOG,2023-01-02,not_trust,0.16847802698612213
55638,GOOG,2023-01-06,lstm_pred_t3_close,0.06540921330451965
55639,GOOG,2023-01-06,ts_mixer_t3_close,0.011744990013539791
55640,GOOG,2023-01-06,mid_pred_t3_close,0.03857710165902972
55641,GOOG,2023-01-06,pct_pred_close,0.0033857189301311737
55642,GOOG,2023-01-06,filtered_mid_price_t3,0.03806335379494713
55643,GOOG,2023-01-06,filtered_covariance_t3,0.002
55644,GOOG,2023-01-03,signal,-1
55645,GOOG,2023-01-03,not_trust,0.004282252863049507
55646,GOOG,2023-01-03,is_close,0
55647,GOOG,2023-01-03,final_signal,0
55648,GOOG,2023-01-07,lstm_pred_t3_close,0.0749252587556839
55649,GOOG,2023-01-07,ts_mixer_t3_close,0.015425159595906734
55650,GOOG,2023-01-07,mid_pred_t3_close,0.04517520917579532
55651,GOOG,2023-01-07,pct_pred_close,0.037368516811003054
55652,GOOG,2023-01-07,filtered_mid_price_t3,0.03948572487111677
55653,GOOG,2023-01-07,filtered_covariance_t3,0.002
55654,GOOG,2023-01-04,signal,1
55655,GOOG,2023-01-04,not_trust,0.00008998773409985006
55656,GOOG,2023-01-04,is_close,1
55657,GOOG,2023-01-04,final_signal,1
55658,GOOG,2023-01-08,lstm_pred_t3_close,0.08053722977638245
55659,GOOG,2023-01-08,ts_mixer_t3_close,0.019810624420642853
55660,GOOG,2023-01-08,mid_pred_t3_close,0.05017392709851265
55661,GOOG,2023-01-08,pct_pred_close,0.054137044525750376
55662,GOOG,2023-01-08,filtered_mid_price_t3,0.041623365316595946
55663,GOOG,2023-01-08,filtered_covariance_t3,0.002
55664,GOOG,2023-01-05,signal,1
55665,GOOG,2023-01-05,not_trust,0.00001784362393664196
55666,GOOG,2023-01-05,is_close,0
55667,GOOG,2023-01-05,final_signal,0
55668,GOOG,2023-01-09,lstm_pred_t3_close,0.08443625271320343
55669,GOOG,2023-01-09,ts_mixer_t3_close,0.03055775910615921
55670,GOOG,2023-01-09,mid_pred_t3_close,0.05749700590968132
55671,GOOG,2023-01-09,pct_pred_close,0.07627273994953161
55672,GOOG,2023-01-09,filtered_mid_price_t3,0.04479809343521302
55673,GOOG,2023-01-09,filtered_covariance_t3,0.002
55674,GOOG,2023-01-06,signal,1
55675,GOOG,2023-01-06,not_trust,0.0000022773506316298153
55676,GOOG,2023-01-06,is_close,0
55677,GOOG,2023-01-06,final_signal,0
55678,GOOG,2023-01-10,lstm_pred_t3_close,0.08443736284971237
55679,GOOG,2023-01-10,ts_mixer_t3_close,0.030558399856090546
55680,GOOG,2023-01-10,mid_pred_t3_close,0.05749788135290146
55681,GOOG,2023-01-10,pct_pred_close,0.05669789468185674
55682,GOOG,2023-01-10,filtered_mid_price_t3,0.04733805101875071
55683,GOOG,2023-01-10,filtered_covariance_t3,0.002
55684,GOOG,2023-01-07,signal,1
55685,GOOG,2023-01-07,not_trust,0.000002281376509927213
55686,GOOG,2023-01-11,lstm_pred_t3_close,0.08443761616945267
55687,GOOG,2023-01-11,ts_mixer_t3_close,0.030558563768863678
55688,GOOG,2023-01-11,mid_pred_t3_close,0.05749808996915817
55689,GOOG,2023-01-11,pct_pred_close,0.042925463688325755
55690,GOOG,2023-01-11,filtered_mid_price_t3,0.049370058808832204
55691,GOOG,2023-01-11,filtered_covariance_t3,0.002
55692,GOOG,2023-01-08,signal,1
55693,GOOG,2023-01-08,not_trust,0.000002282299192302162
55694,GOOG,2023-01-12,lstm_pred_t3_close,0.08857713639736176
55695,GOOG,2023-01-12,ts_mixer_t3_close,0.04105144739151001
55696,GOOG,2023-01-12,mid_pred_t3_close,0.06481429189443588
55697,GOOG,2023-01-12,pct_pred_close,0.06256518002300106
55698,GOOG,2023-01-12,filtered_mid_price_t3,0.05245890542595294
55699,GOOG,2023-01-12,filtered_covariance_t3,0.002
55700,GOOG,2023-01-09,signal,1
55701,GOOG,2023-01-09,not_trust,0.0000008278558425445226
55702,GOOG,2023-01-09,is_close,0
55703,GOOG,2023-01-09,final_signal,0
55704,GOOG,2023-01-13,lstm_pred_t3_close,0.0921347439289093
55705,GOOG,2023-01-13,ts_mixer_t3_close,0.053375519812107086
55706,GOOG,2023-01-13,mid_pred_t3_close,0.0727551318705082
55707,GOOG,2023-01-13,pct_pred_close,0.07737952700215557
55708,GOOG,2023-01-13,filtered_mid_price_t3,0.05651815071486399
55709,GOOG,2023-01-13,filtered_covariance_t3,0.002
55710,GOOG,2023-01-10,signal,1
55711,GOOG,2023-01-10,not_trust,0.000000973541659732291
55712,GOOG,2023-01-10,is_close,0
55713,GOOG,2023-01-10,final_signal,0
55714,GOOG,2023-01-14,lstm_pred_t3_close,0.09926970303058624
55715,GOOG,2023-01-14,ts_mixer_t3_close,0.074994757771492
55716,GOOG,2023-01-14,mid_pred_t3_close,0.08713223040103912
55717,GOOG,2023-01-14,pct_pred_close,0.10833362131972162
55718,GOOG,2023-01-14,filtered_mid_price_t3,0.06264096665209902
55719,GOOG,2023-01-14,filtered_covariance_t3,0.002
55720,GOOG,2023-01-11,signal,1
55721,GOOG,2023-01-11,not_trust,0.0000014149401295071584
55722,GOOG,2023-01-11,is_close,0
55723,GOOG,2023-01-11,final_signal,0
55724,GOOG,2023-01-15,lstm_pred_t3_close,0.1070791706442833
55725,GOOG,2023-01-15,ts_mixer_t3_close,0.08910028636455536
55726,GOOG,2023-01-15,mid_pred_t3_close,0.09808972850441933
55727,GOOG,2023-01-15,pct_pred_close,0.1131807625166413
55728,GOOG,2023-01-15,filtered_mid_price_t3,0.06973071902256309
55729,GOOG,2023-01-15,filtered_covariance_t3,0.002
55730,GOOG,2023-01-12,signal,1
55731,GOOG,2023-01-12,not_trust,0.0000016213625713135116
55732,GOOG,2023-01-12,is_close,0
55733,GOOG,2023-01-12,final_signal,0
55734,GOOG,2023-01-16,lstm_pred_t3_close,0.11372674256563187
55735,GOOG,2023-01-16,ts_mixer_t3_close,0.10145019739866257
55736,GOOG,2023-01-16,mid_pred_t3_close,0.10758846998214722
55737,GOOG,2023-01-16,pct_pred_close,0.10858270641762442
55738,GOOG,2023-01-16,filtered_mid_price_t3,0.07730226921447991
55739,GOOG,2023-01-16,filtered_covariance_t3,0.002
55740,GOOG,2023-01-13,signal,1
55741,GOOG,2023-01-13,not_trust,0.0000017078941709769424
55742,GOOG,2023-01-13,is_close,0
55743,GOOG,2023-01-13,final_signal,0
55744,GOOG,2023-01-17,lstm_pred_t3_close,0.11372653394937515
55745,GOOG,2023-01-17,ts_mixer_t3_close,0.1014503538608551
55746,GOOG,2023-01-17,mid_pred_t3_close,0.10758844390511513
55747,GOOG,2023-01-17,pct_pred_close,0.07835778948895887
55748,GOOG,2023-01-17,filtered_mid_price_t3,0.08335950415260696
55749,GOOG,2023-01-17,filtered_covariance_t3,0.002
55750,GOOG,2023-01-14,signal,1
55751,GOOG,2023-01-14,not_trust,0.0000017080571979022352
55752,GOOG,2023-01-18,lstm_pred_t3_close,0.11372693628072739
55753,GOOG,2023-01-18,ts_mixer_t3_close,0.10145007818937302
55754,GOOG,2023-01-18,mid_pred_t3_close,0.1075885072350502
55755,GOOG,2023-01-18,pct_pred_close,0.05813135125680931
55756,GOOG,2023-01-18,filtered_mid_price_t3,0.0882053047690956
55757,GOOG,2023-01-18,filtered_covariance_t3,0.002
55758,GOOG,2023-01-15,signal,1
55759,GOOG,2023-01-15,not_trust,0.0000017077443317248253
55760,GOOG,2023-01-19,lstm_pred_t3_close,0.11372599005699158
55761,GOOG,2023-01-19,ts_mixer_t3_close,0.10145065188407898
55762,GOOG,2023-01-19,mid_pred_t3_close,0.10758832097053528
55763,GOOG,2023-01-19,pct_pred_close,0.043949774341079946
55764,GOOG,2023-01-19,filtered_mid_price_t3,0.09208190800938354
55765,GOOG,2023-01-19,filtered_covariance_t3,0.002
55766,GOOG,2023-01-16,signal,1
55767,GOOG,2023-01-16,not_trust,0.0000017084757928387262
55768,GOOG,2023-01-20,lstm_pred_t3_close,0.11691799759864807
55769,GOOG,2023-01-20,ts_mixer_t3_close,0.09922567754983902
55770,GOOG,2023-01-20,mid_pred_t3_close,0.10807183757424355
55771,GOOG,2023-01-20,pct_pred_close,0.03472979635311331
55772,GOOG,2023-01-20,filtered_mid_price_t3,0.09527989392235554
55773,GOOG,2023-01-20,filtered_covariance_t3,0.002
55774,GOOG,2023-01-17,signal,1
55775,GOOG,2023-01-17,not_trust,0.0000013914806231696275
55776,GOOG,2023-01-17,is_close,0
55777,GOOG,2023-01-17,final_signal,0
55778,GOOG,2023-01-21,lstm_pred_t3_close,0.11594948172569275
55779,GOOG,2023-01-21,ts_mixer_t3_close,0.11462738364934921
55780,GOOG,2023-01-21,mid_pred_t3_close,0.11528843268752098
55781,GOOG,2023-01-21,pct_pred_close,0.04199949840723076
55782,GOOG,2023-01-21,filtered_mid_price_t3,0.09928160167538863
55783,GOOG,2023-01-21,filtered_covariance_t3,0.002
55784,GOOG,2023-01-18,signal,1
55785,GOOG,2023-01-18,not_trust,0.0000017645938896748703
55786,GOOG,2023-01-18,is_close,0
55787,GOOG,2023-01-18,final_signal,0
55788,GOOG,2023-01-22,lstm_pred_t3_close,0.11620910465717316
55789,GOOG,2023-01-22,ts_mixer_t3_close,0.11909110844135284
55790,GOOG,2023-01-22,mid_pred_t3_close,0.117650106549263
55791,GOOG,2023-01-22,pct_pred_close,0.03700283751249719
55792,GOOG,2023-01-22,filtered_mid_price_t3,0.1029553026501635
55793,GOOG,2023-01-22,filtered_covariance_t3,0.002
55794,GOOG,2023-01-19,signal,1
55795,GOOG,2023-01-19,not_trust,0.000003148527866869699
55796,GOOG,2023-01-19,is_close,0
55797,GOOG,2023-01-19,final_signal,0
55798,GOOG,2023-01-23,lstm_pred_t3_close,0.12464438378810883
55799,GOOG,2023-01-23,ts_mixer_t3_close,0.12467668950557709
55800,GOOG,2023-01-23,mid_pred_t3_close,0.12466053664684296
55801,GOOG,2023-01-23,pct_pred_close,0.04216438286900608
55802,GOOG,2023-01-23,filtered_mid_price_t3,0.1072963494494994
55803,GOOG,2023-01-23,filtered_covariance_t3,0.002
55804,GOOG,2023-01-20,signal,1
55805,GOOG,2023-01-20,not_trust,0.000003999277851107763
55806,GOOG,2023-01-20,is_close,0
55807,GOOG,2023-01-20,final_signal,0
55808,GOOG,2023-01-24,lstm_pred_t3_close,0.12464448809623718
55809,GOOG,2023-01-24,ts_mixer_t3_close,0.12467653304338455
55810,GOOG,2023-01-24,mid_pred_t3_close,0.12466051056981087
55811,GOOG,2023-01-24,pct_pred_close,0.032366732343459936
55812,GOOG,2023-01-24,filtered_mid_price_t3,0.11076918167356169
55813,GOOG,2023-01-24,filtered_covariance_t3,0.002
55814,GOOG,2023-01-21,signal,1
55815,GOOG,2023-01-21,not_trust,0.000003999178261437919
55816,GOOG,2023-01-25,lstm_pred_t3_close,0.12464222311973572
55817,GOOG,2023-01-25,ts_mixer_t3_close,0.12467886507511139
55818,GOOG,2023-01-25,mid_pred_t3_close,0.12466054409742355
55819,GOOG,2023-01-25,pct_pred_close,0.025081637715443098
55820,GOOG,2023-01-25,filtered_mid_price_t3,0.11354745415833406
55821,GOOG,2023-01-25,filtered_covariance_t3,0.002
55822,GOOG,2023-01-22,signal,1
55823,GOOG,2023-01-22,not_trust,0.000004001402430731105
55824,GOOG,2023-01-26,lstm_pred_t3_close,0.1380733698606491
55825,GOOG,2023-01-26,ts_mixer_t3_close,0.1368524730205536
55826,GOOG,2023-01-26,mid_pred_t3_close,0.13746292144060135
55827,GOOG,2023-01-26,pct_pred_close,0.042124180519131395
55828,GOOG,2023-01-26,filtered_mid_price_t3,0.11833054761478752
55829,GOOG,2023-01-26,filtered_covariance_t3,0.002
55830,GOOG,2023-01-23,signal,1
55831,GOOG,2023-01-23,not_trust,0.000003249504288760363
55832,GOOG,2023-01-23,is_close,0
55833,GOOG,2023-01-23,final_signal,0
55834,GOOG,2023-01-27,lstm_pred_t3_close,0.14717596769332886
55835,GOOG,2023-01-27,ts_mixer_t3_close,0.13083073496818542
55836,GOOG,2023-01-27,mid_pred_t3_close,0.13900335133075714
55837,GOOG,2023-01-27,pct_pred_close,0.03494077249311429
55838,GOOG,2023-01-27,filtered_mid_price_t3,0.12246510835798144
55839,GOOG,2023-01-27,filtered_covariance_t3,0.002
55840,GOOG,2023-01-24,signal,1
55841,GOOG,2023-01-24,not_trust,0.0000027670587314787554
55842,GOOG,2023-01-24,is_close,0
55843,GOOG,2023-01-24,final_signal,0
55844,GOOG,2023-01-28,lstm_pred_t3_close,0.14727617800235748
55845,GOOG,2023-01-28,ts_mixer_t3_close,0.11639806628227234
55846,GOOG,2023-01-28,mid_pred_t3_close,0.1318371221423149
55847,GOOG,2023-01-28,pct_pred_close,0.015305606486604891
55848,GOOG,2023-01-28,filtered_mid_price_t3,0.12433951111484813
55849,GOOG,2023-01-28,filtered_covariance_t3,0.002
55850,GOOG,2023-01-25,signal,1
55851,GOOG,2023-01-25,not_trust,0.000003714207196026109
55852,GOOG,2023-01-25,is_close,0
55853,GOOG,2023-01-25,final_signal,0
55854,GOOG,2023-01-29,lstm_pred_t3_close,0.1453130692243576
55855,GOOG,2023-01-29,ts_mixer_t3_close,0.11334103345870972
55856,GOOG,2023-01-29,mid_pred_t3_close,0.12932705134153366
55857,GOOG,2023-01-29,pct_pred_close,0.00802245429785994
55858,GOOG,2023-01-29,filtered_mid_price_t3,0.12533701916018525
55859,GOOG,2023-01-29,filtered_covariance_t3,0.002
55860,GOOG,2023-01-26,signal,1
55861,GOOG,2023-01-26,not_trust,0.000006071620646252995
55862,GOOG,2023-01-26,is_close,0
55863,GOOG,2023-01-26,final_signal,0
55864,GOOG,2023-01-30,lstm_pred_t3_close,0.14547763764858246
55865,GOOG,2023-01-30,ts_mixer_t3_close,0.1161230206489563
55866,GOOG,2023-01-30,mid_pred_t3_close,0.13080032914876938
55867,GOOG,2023-01-30,pct_pred_close,0.008717791479629486
55868,GOOG,2023-01-30,filtered_mid_price_t3,0.12642968115790207
55869,GOOG,2023-01-30,filtered_covariance_t3,0.002
55870,GOOG,2023-01-27,signal,1
55871,GOOG,2023-01-27,not_trust,0.000010103478416567668
55872,GOOG,2023-01-27,is_close,0
55873,GOOG,2023-01-27,final_signal,0
55874,GOOG,2023-01-31,lstm_pred_t3_close,0.14547796547412872
55875,GOOG,2023-01-31,ts_mixer_t3_close,0.11612235754728317
55876,GOOG,2023-01-31,mid_pred_t3_close,0.13080016151070595
55877,GOOG,2023-01-31,pct_pred_close,0.00691369354533991
55878,GOOG,2023-01-31,filtered_mid_price_t3,0.12730377722846284
55879,GOOG,2023-01-31,filtered_covariance_t3,0.002
55880,GOOG,2023-01-28,signal,1
55881,GOOG,2023-01-28,not_trust,0.000010103526619786862
55882,GOOG,2023-02-01,lstm_pred_t3_close,0.14547871053218842
55883,GOOG,2023-02-01,ts_mixer_t3_close,0.11612091213464737
55884,GOOG,2023-02-01,mid_pred_t3_close,0.1307998113334179
55885,GOOG,2023-02-01,pct_pred_close,0.005492427924869735
55886,GOOG,2023-02-01,filtered_mid_price_t3,0.12800298404945384
55887,GOOG,2023-02-01,filtered_covariance_t3,0.002
55888,GOOG,2023-01-29,signal,1
55889,GOOG,2023-01-29,not_trust,0.000010103680324391462
55890,GOOG,2023-02-02,lstm_pred_t3_close,0.1429101824760437
55891,GOOG,2023-02-02,ts_mixer_t3_close,0.11098908632993698
55892,GOOG,2023-02-02,mid_pred_t3_close,0.12694963440299034
55893,GOOG,2023-02-02,pct_pred_close,-0.001645820453773975
55894,GOOG,2023-02-02,filtered_mid_price_t3,0.12779231412016115
55895,GOOG,2023-02-02,filtered_covariance_t3,0.002
55896,GOOG,2023-01-30,signal,1
55897,GOOG,2023-01-30,not_trust,0.000025770688807824627
55898,GOOG,2023-01-30,is_close,0
55899,GOOG,2023-01-30,final_signal,0
55900,GOOG,2023-02-03,lstm_pred_t3_close,0.14182305335998535
55901,GOOG,2023-02-03,ts_mixer_t3_close,0.1179356500506401
55902,GOOG,2023-02-03,mid_pred_t3_close,0.12987935170531273
55903,GOOG,2023-02-03,pct_pred_close,0.003266295942006607
55904,GOOG,2023-02-03,filtered_mid_price_t3,0.12820972163719146
55905,GOOG,2023-02-03,filtered_covariance_t3,0.002
55906,GOOG,2023-01-31,signal,1
55907,GOOG,2023-01-31,not_trust,0.00007319555879803374
55908,GOOG,2023-01-31,is_close,0
55909,GOOG,2023-01-31,final_signal,0
55910,GOOG,2023-02-04,lstm_pred_t3_close,0.1441378891468048
55911,GOOG,2023-02-04,ts_mixer_t3_close,0.12125059962272644
55912,GOOG,2023-02-04,mid_pred_t3_close,0.13269424438476562
55913,GOOG,2023-02-04,pct_pred_close,0.006995604842298087
55914,GOOG,2023-02-04,filtered_mid_price_t3,0.1291066261867063
55915,GOOG,2023-02-04,filtered_covariance_t3,0.002
55916,GOOG,2023-02-01,signal,1
55917,GOOG,2023-02-01,not_trust,0.00018366175936535
55918,GOOG,2023-02-01,is_close,0
55919,GOOG,2023-02-01,final_signal,0
55920,GOOG,2023-02-05,lstm_pred_t3_close,0.15647301077842712
55921,GOOG,2023-02-05,ts_mixer_t3_close,0.13458941876888275
55922,GOOG,2023-02-05,mid_pred_t3_close,0.14553121477365494
55923,GOOG,2023-02-05,pct_pred_close,0.025443447903589995
55924,GOOG,2023-02-05,filtered_mid_price_t3,0.13239154390409602
55925,GOOG,2023-02-05,filtered_covariance_t3,0.002
55926,GOOG,2023-02-02,signal,1
55927,GOOG,2023-02-02,not_trust,0.00012606580276042223
55928,GOOG,2023-02-02,is_close,0
55929,GOOG,2023-02-02,final_signal,0
55930,GOOG,2023-02-06,lstm_pred_t3_close,0.16643193364143372
55931,GOOG,2023-02-06,ts_mixer_t3_close,0.12813442945480347
55932,GOOG,2023-02-06,mid_pred_t3_close,0.1472831815481186
55933,GOOG,2023-02-06,pct_pred_close,0.02249635770515671
55934,GOOG,2023-02-06,filtered_mid_price_t3,0.13536987143290052
55935,GOOG,2023-02-06,filtered_covariance_t3,0.002
55936,GOOG,2023-02-03,signal,1
55937,GOOG,2023-02-03,not_trust,0.00007319849100895226
55938,GOOG,2023-02-03,is_close,0
55939,GOOG,2023-02-03,final_signal,0
55940,GOOG,2023-02-07,lstm_pred_t3_close,0.16643181443214417
55941,GOOG,2023-02-07,ts_mixer_t3_close,0.1281345635652542
55942,GOOG,2023-02-07,mid_pred_t3_close,0.1472831889986992
55943,GOOG,2023-02-07,pct_pred_close,0.017601135968728247
55944,GOOG,2023-02-07,filtered_mid_price_t3,0.13775253494606027
55945,GOOG,2023-02-07,filtered_covariance_t3,0.002
55946,GOOG,2023-02-04,signal,1
55947,GOOG,2023-02-04,not_trust,0.00007320036820601672
55948,GOOG,2023-02-08,lstm_pred_t3_close,0.16643166542053223
55949,GOOG,2023-02-08,ts_mixer_t3_close,0.1281348317861557
55950,GOOG,2023-02-08,mid_pred_t3_close,0.14728324860334396
55951,GOOG,2023-02-08,pct_pred_close,0.013837442136386935
55952,GOOG,2023-02-08,filtered_mid_price_t3,0.139658677677517
55953,GOOG,2023-02-08,filtered_covariance_t3,0.002
55954,GOOG,2023-02-05,signal,1
55955,GOOG,2023-02-05,not_trust,0.00007320386066567153
55956,GOOG,2023-02-09,lstm_pred_t3_close,0.16987654566764832
55957,GOOG,2023-02-09,ts_mixer_t3_close,0.12303734570741653
55958,GOOG,2023-02-09,mid_pred_t3_close,0.14645694568753242
55959,GOOG,2023-02-09,pct_pred_close,0.009735546867647014
55960,GOOG,2023-02-09,filtered_mid_price_t3,0.14101833127952007
55961,GOOG,2023-02-09,filtered_covariance_t3,0.002
55962,GOOG,2023-02-06,signal,1
55963,GOOG,2023-02-06,not_trust,0.00008041807450354099
55964,GOOG,2023-02-06,is_close,0
55965,GOOG,2023-02-06,final_signal,0
55966,GOOG,2023-02-10,lstm_pred_t3_close,0.1758456975221634
55967,GOOG,2023-02-10,ts_mixer_t3_close,0.137388676404953
55968,GOOG,2023-02-10,mid_pred_t3_close,0.1566171869635582
55969,GOOG,2023-02-10,pct_pred_close,0.022123160219672058
55970,GOOG,2023-02-10,filtered_mid_price_t3,0.14413810241632768
55971,GOOG,2023-02-10,filtered_covariance_t3,0.002
55972,GOOG,2023-02-07,signal,1
55973,GOOG,2023-02-07,not_trust,0.00006481914897449315
55974,GOOG,2023-02-07,is_close,0
55975,GOOG,2023-02-07,final_signal,0
55976,GOOG,2023-02-11,lstm_pred_t3_close,0.17307983338832855
55977,GOOG,2023-02-11,ts_mixer_t3_close,0.12918806076049805
55978,GOOG,2023-02-11,mid_pred_t3_close,0.1511339470744133
55979,GOOG,2023-02-11,pct_pred_close,0.009707141332940344
55980,GOOG,2023-02-11,filtered_mid_price_t3,0.1455372713479448
55981,GOOG,2023-02-11,filtered_covariance_t3,0.002
55982,GOOG,2023-02-08,signal,1
55983,GOOG,2023-02-08,not_trust,0.0009328369051218033
55984,GOOG,2023-02-08,is_close,0
55985,GOOG,2023-02-08,final_signal,0
55986,GOOG,2023-02-12,lstm_pred_t3_close,0.1602444350719452
55987,GOOG,2023-02-12,ts_mixer_t3_close,0.1190885603427887
55988,GOOG,2023-02-12,mid_pred_t3_close,0.13966649770736694
55989,GOOG,2023-02-12,pct_pred_close,-0.008067725313527799
55990,GOOG,2023-02-12,filtered_mid_price_t3,0.14436311661982923
55991,GOOG,2023-02-12,filtered_covariance_t3,0.002
55992,GOOG,2023-02-09,signal,1
55993,GOOG,2023-02-09,not_trust,0.9923412799835205
55994,GOOG,2023-02-09,is_close,0
55995,GOOG,2023-02-09,final_signal,0
55996,GOOG,2023-02-13,lstm_pred_t3_close,0.14468923211097717
55997,GOOG,2023-02-13,ts_mixer_t3_close,0.11855217069387436
55998,GOOG,2023-02-13,mid_pred_t3_close,0.13162070140242577
55999,GOOG,2023-02-13,pct_pred_close,-0.01765328363055464
56000,GOOG,2023-02-13,filtered_mid_price_t3,0.14181463357634855
56001,GOOG,2023-02-13,filtered_covariance_t3,0.002
56002,GOOG,2023-02-10,signal,-1
56003,GOOG,2023-02-10,not_trust,0.016477709636092186
56004,GOOG,2023-02-10,is_close,1
56005,GOOG,2023-02-10,final_signal,-1
56006,GOOG,2023-02-14,lstm_pred_t3_close,0.14468899369239807
56007,GOOG,2023-02-14,ts_mixer_t3_close,0.1185525506734848
56008,GOOG,2023-02-14,mid_pred_t3_close,0.13162077218294144
56009,GOOG,2023-02-14,pct_pred_close,-0.014376318065820917
56010,GOOG,2023-02-14,filtered_mid_price_t3,0.13977586129766711
56011,GOOG,2023-02-14,filtered_covariance_t3,0.002
56012,GOOG,2023-02-11,signal,-1
56013,GOOG,2023-02-11,not_trust,0.01647603139281273
56014,GOOG,2023-02-15,lstm_pred_t3_close,0.14468906819820404
56015,GOOG,2023-02-15,ts_mixer_t3_close,0.11855243146419525
56016,GOOG,2023-02-15,mid_pred_t3_close,0.13162074983119965
56017,GOOG,2023-02-15,pct_pred_close,-0.011668840944002858
56018,GOOG,2023-02-15,filtered_mid_price_t3,0.13814483900437363
56019,GOOG,2023-02-15,filtered_covariance_t3,0.002
56020,GOOG,2023-02-12,signal,-1
56021,GOOG,2023-02-12,not_trust,0.016476619988679886
56022,GOOG,2023-02-16,lstm_pred_t3_close,0.13254883885383606
56023,GOOG,2023-02-16,ts_mixer_t3_close,0.11983524262905121
56024,GOOG,2023-02-16,mid_pred_t3_close,0.12619204074144363
56025,GOOG,2023-02-16,pct_pred_close,-0.017304733711480273
56026,GOOG,2023-02-16,filtered_mid_price_t3,0.13575427935178763
56027,GOOG,2023-02-16,filtered_covariance_t3,0.002
56028,GOOG,2023-02-13,signal,-1
56029,GOOG,2023-02-13,not_trust,0.001397097366861999
56030,GOOG,2023-02-13,is_close,0
56031,GOOG,2023-02-13,final_signal,0
56032,GOOG,2023-02-17,lstm_pred_t3_close,0.12506988644599915
56033,GOOG,2023-02-17,ts_mixer_t3_close,0.12365448474884033
56034,GOOG,2023-02-17,mid_pred_t3_close,0.12436218559741974
56035,GOOG,2023-02-17,pct_pred_close,-0.016783402790341483
56036,GOOG,2023-02-17,filtered_mid_price_t3,0.13347586060091404
56037,GOOG,2023-02-17,filtered_covariance_t3,0.002
56038,GOOG,2023-02-14,signal,-1
56039,GOOG,2023-02-14,not_trust,0.000031020335882203653
56040,GOOG,2023-02-14,is_close,0
56041,GOOG,2023-02-14,final_signal,0
56042,GOOG,2023-02-18,lstm_pred_t3_close,0.12476736307144165
56043,GOOG,2023-02-18,ts_mixer_t3_close,0.1117975041270256
56044,GOOG,2023-02-18,mid_pred_t3_close,0.11828243359923363
56045,GOOG,2023-02-18,pct_pred_close,-0.0227658048927783
56046,GOOG,2023-02-18,filtered_mid_price_t3,0.13043717520057796
56047,GOOG,2023-02-18,filtered_covariance_t3,0.002
56048,GOOG,2023-02-15,signal,-1
56049,GOOG,2023-02-15,not_trust,0.000004542590431810822
56050,GOOG,2023-02-15,is_close,0
56051,GOOG,2023-02-15,final_signal,0
56052,GOOG,2023-02-19,lstm_pred_t3_close,0.12546125054359436
56053,GOOG,2023-02-19,ts_mixer_t3_close,0.10831510275602341
56054,GOOG,2023-02-19,mid_pred_t3_close,0.11688817664980888
56055,GOOG,2023-02-19,pct_pred_close,-0.020774750035692298
56056,GOOG,2023-02-19,filtered_mid_price_t3,0.12772737549042415
56057,GOOG,2023-02-19,filtered_covariance_t3,0.002
56058,GOOG,2023-02-16,signal,-1
56059,GOOG,2023-02-16,not_trust,0.0000021937337351118913
56060,GOOG,2023-02-16,is_close,0
56061,GOOG,2023-02-16,final_signal,0
56062,GOOG,2023-02-20,lstm_pred_t3_close,0.12520460784435272
56063,GOOG,2023-02-20,ts_mixer_t3_close,0.11445330828428268
56064,GOOG,2023-02-20,mid_pred_t3_close,0.1198289580643177
56065,GOOG,2023-02-20,pct_pred_close,-0.012367618759532946
56066,GOOG,2023-02-20,filtered_mid_price_t3,0.12614769200520287
56067,GOOG,2023-02-20,filtered_covariance_t3,0.002
56068,GOOG,2023-02-17,signal,-1
56069,GOOG,2023-02-17,not_trust,0.00000621655817667488
56070,GOOG,2023-02-17,is_close,0
56071,GOOG,2023-02-17,final_signal,0
56072,GOOG,2023-02-21,lstm_pred_t3_close,0.1252042055130005
56073,GOOG,2023-02-21,ts_mixer_t3_close,0.1144537478685379
56074,GOOG,2023-02-21,mid_pred_t3_close,0.1198289766907692
56075,GOOG,2023-02-21,pct_pred_close,-0.010017964203693977
56076,GOOG,2023-02-21,filtered_mid_price_t3,0.12488394894231614
56077,GOOG,2023-02-21,filtered_covariance_t3,0.002
56078,GOOG,2023-02-18,signal,-1
56079,GOOG,2023-02-18,not_trust,0.0000062168487602320965
56080,GOOG,2023-02-22,lstm_pred_t3_close,0.1252039521932602
56081,GOOG,2023-02-22,ts_mixer_t3_close,0.11445402354001999
56082,GOOG,2023-02-22,mid_pred_t3_close,0.11982898786664009
56083,GOOG,2023-02-22,pct_pred_close,-0.008095453608711401
56084,GOOG,2023-02-22,filtered_mid_price_t3,0.12387295672718093
56085,GOOG,2023-02-22,filtered_covariance_t3,0.002
56086,GOOG,2023-02-19,signal,-1
56087,GOOG,2023-02-19,not_trust,0.000006217038844624767
56088,GOOG,2023-02-23,lstm_pred_t3_close,0.12520337104797363
56089,GOOG,2023-02-23,ts_mixer_t3_close,0.11445464193820953
56090,GOOG,2023-02-23,mid_pred_t3_close,0.11982900649309158
56091,GOOG,2023-02-23,pct_pred_close,-0.006529189810163006
56092,GOOG,2023-02-23,filtered_mid_price_t3,0.12306416668036306
56093,GOOG,2023-02-23,filtered_covariance_t3,0.002
56094,GOOG,2023-02-20,signal,-1
56095,GOOG,2023-02-20,not_trust,0.0000062174535742087755
56096,GOOG,2023-02-24,lstm_pred_t3_close,0.1219828873872757
56097,GOOG,2023-02-24,ts_mixer_t3_close,0.09897526353597641
56098,GOOG,2023-02-24,mid_pred_t3_close,0.11047907546162605
56099,GOOG,2023-02-24,pct_pred_close,-0.020452893085319526
56100,GOOG,2023-02-24,filtered_mid_price_t3,0.12054714843661565
56101,GOOG,2023-02-24,filtered_covariance_t3,0.002
56102,GOOG,2023-02-21,signal,-1
56103,GOOG,2023-02-21,not_trust,0.0006716265925206244
56104,GOOG,2023-02-21,is_close,0
56105,GOOG,2023-02-21,final_signal,0
56106,GOOG,2023-02-25,lstm_pred_t3_close,0.11644289642572403
56107,GOOG,2023-02-25,ts_mixer_t3_close,0.09756187349557877
56108,GOOG,2023-02-25,mid_pred_t3_close,0.1070023849606514
56109,GOOG,2023-02-25,pct_pred_close,-0.022472142479730495
56110,GOOG,2023-02-25,filtered_mid_price_t3,0.1178381957414228
56111,GOOG,2023-02-25,filtered_covariance_t3,0.002
56112,GOOG,2023-02-22,signal,-1
56113,GOOG,2023-02-22,not_trust,0.4639264643192291
56114,GOOG,2023-02-22,is_close,0
56115,GOOG,2023-02-22,final_signal,0
56116,GOOG,2023-02-26,lstm_pred_t3_close,0.11096297949552536
56117,GOOG,2023-02-26,ts_mixer_t3_close,0.09800983220338821
56118,GOOG,2023-02-26,mid_pred_t3_close,0.10448640584945679
56119,GOOG,2023-02-26,pct_pred_close,-0.022661225942841777
56120,GOOG,2023-02-26,filtered_mid_price_t3,0.1151678377630296
56121,GOOG,2023-02-26,filtered_covariance_t3,0.002
56122,GOOG,2023-02-23,signal,-1
56123,GOOG,2023-02-23,not_trust,0.0005283746286295354
56124,GOOG,2023-02-23,is_close,0
56125,GOOG,2023-02-23,final_signal,0
56126,GOOG,2023-02-27,lstm_pred_t3_close,0.1057329848408699
56127,GOOG,2023-02-27,ts_mixer_t3_close,0.09030961245298386
56128,GOOG,2023-02-27,mid_pred_t3_close,0.09802129864692688
56129,GOOG,2023-02-27,pct_pred_close,-0.029776610291813544
56130,GOOG,2023-02-27,filtered_mid_price_t3,0.11173852993980907
56131,GOOG,2023-02-27,filtered_covariance_t3,0.002
56132,GOOG,2023-02-24,signal,-1
56133,GOOG,2023-02-24,not_trust,0.00021572057448793203
56134,GOOG,2023-02-24,is_close,0
56135,GOOG,2023-02-24,final_signal,0
56136,GOOG,2023-02-28,lstm_pred_t3_close,0.1057329848408699
56137,GOOG,2023-02-28,ts_mixer_t3_close,0.09030961245298386
56138,GOOG,2023-02-28,mid_pred_t3_close,0.09802129864692688
56139,GOOG,2023-02-28,pct_pred_close,-0.02455237472744867
56140,GOOG,2023-02-28,filtered_mid_price_t3,0.10899508368123263
56141,GOOG,2023-02-28,filtered_covariance_t3,0.002
56142,GOOG,2023-02-25,signal,-1
56143,GOOG,2023-02-25,not_trust,0.00021572057448793203
56144,GOOG,2023-03-01,lstm_pred_t3_close,0.1057329848408699
56145,GOOG,2023-03-01,ts_mixer_t3_close,0.09030961245298386
56146,GOOG,2023-03-01,mid_pred_t3_close,0.09802129864692688
56147,GOOG,2023-03-01,pct_pred_close,-0.02013629360825071
56148,GOOG,2023-03-01,filtered_mid_price_t3,0.10680032667437148
56149,GOOG,2023-03-01,filtered_covariance_t3,0.002
56150,GOOG,2023-02-26,signal,-1
56151,GOOG,2023-02-26,not_trust,0.00021572057448793203
56152,GOOG,2023-03-02,lstm_pred_t3_close,0.10327143222093582
56153,GOOG,2023-03-02,ts_mixer_t3_close,0.0893063172698021
56154,GOOG,2023-03-02,mid_pred_t3_close,0.09628887474536896
56155,GOOG,2023-03-02,pct_pred_close,-0.01968430669889504
56156,GOOG,2023-03-02,filtered_mid_price_t3,0.10469803628857097
56157,GOOG,2023-03-02,filtered_covariance_t3,0.002
56158,GOOG,2023-02-27,signal,-1
56159,GOOG,2023-02-27,not_trust,0.000030288341804407537
56160,GOOG,2023-02-27,is_close,0
56161,GOOG,2023-02-27,final_signal,0
56162,GOOG,2023-03-03,lstm_pred_t3_close,0.10301192849874496
56163,GOOG,2023-03-03,ts_mixer_t3_close,0.0847042053937912
56164,GOOG,2023-03-03,mid_pred_t3_close,0.09385806694626808
56165,GOOG,2023-03-03,pct_pred_close,-0.020707111091225278
56166,GOOG,2023-03-03,filtered_mid_price_t3,0.10253004242011039
56167,GOOG,2023-03-03,filtered_covariance_t3,0.002
56168,GOOG,2023-02-28,signal,-1
56169,GOOG,2023-02-28,not_trust,0.00000752903815737227
56170,GOOG,2023-02-28,is_close,0
56171,GOOG,2023-02-28,final_signal,0
56172,GOOG,2023-03-04,lstm_pred_t3_close,0.10406669974327087
56173,GOOG,2023-03-04,ts_mixer_t3_close,0.0890674963593483
56174,GOOG,2023-03-04,mid_pred_t3_close,0.09656709805130959
56175,GOOG,2023-03-04,pct_pred_close,-0.011631604216777733
56176,GOOG,2023-03-04,filtered_mid_price_t3,0.10133745354635024
56177,GOOG,2023-03-04,filtered_covariance_t3,0.002
56178,GOOG,2023-03-01,signal,-1
56179,GOOG,2023-03-01,not_trust,0.000003234216137570911
56180,GOOG,2023-03-01,is_close,0
56181,GOOG,2023-03-01,final_signal,0
56182,GOOG,2023-03-05,lstm_pred_t3_close,0.106993168592453
56183,GOOG,2023-03-05,ts_mixer_t3_close,0.08623285591602325
56184,GOOG,2023-03-05,mid_pred_t3_close,0.09661301225423813
56185,GOOG,2023-03-05,pct_pred_close,-0.009324176060830752
56186,GOOG,2023-03-05,filtered_mid_price_t3,0.10039256528792781
56187,GOOG,2023-03-05,filtered_covariance_t3,0.002
56188,GOOG,2023-03-02,signal,-1
56189,GOOG,2023-03-02,not_trust,0.000006805446901125833
56190,GOOG,2023-03-02,is_close,0
56191,GOOG,2023-03-02,final_signal,0
56192,GOOG,2023-03-06,lstm_pred_t3_close,0.11300534009933472
56193,GOOG,2023-03-06,ts_mixer_t3_close,0.09076927602291107
56194,GOOG,2023-03-06,mid_pred_t3_close,0.1018873080611229
56195,GOOG,2023-03-06,pct_pred_close,0.0029777957539149666
56196,GOOG,2023-03-06,filtered_mid_price_t3,0.10069151384256683
56197,GOOG,2023-03-06,filtered_covariance_t3,0.002
56198,GOOG,2023-03-03,signal,-1
56199,GOOG,2023-03-03,not_trust,0.00012969179078936577
56200,GOOG,2023-03-03,is_close,0
56201,GOOG,2023-03-03,final_signal,0
56202,GOOG,2023-03-07,lstm_pred_t3_close,0.11300534009933472
56203,GOOG,2023-03-07,ts_mixer_t3_close,0.09076927602291107
56204,GOOG,2023-03-07,mid_pred_t3_close,0.1018873080611229
56205,GOOG,2023-03-07,pct_pred_close,0.002375163850303659
56206,GOOG,2023-03-07,filtered_mid_price_t3,0.10093067268627805
56207,GOOG,2023-03-07,filtered_covariance_t3,0.002
56208,GOOG,2023-03-04,signal,-1
56209,GOOG,2023-03-04,not_trust,0.00012969179078936577
56210,GOOG,2023-03-08,lstm_pred_t3_close,0.11300534009933472
56211,GOOG,2023-03-08,ts_mixer_t3_close,0.09076927602291107
56212,GOOG,2023-03-08,mid_pred_t3_close,0.1018873080611229
56213,GOOG,2023-03-08,pct_pred_close,0.0018956286515960012
56214,GOOG,2023-03-08,filtered_mid_price_t3,0.10112199976124701
56215,GOOG,2023-03-08,filtered_covariance_t3,0.002
56216,GOOG,2023-03-05,signal,1
56217,GOOG,2023-03-05,not_trust,0.00012969179078936577
56218,GOOG,2023-03-09,lstm_pred_t3_close,0.1219315379858017
56219,GOOG,2023-03-09,ts_mixer_t3_close,0.10813996940851212
56220,GOOG,2023-03-09,mid_pred_t3_close,0.1150357536971569
56221,GOOG,2023-03-09,pct_pred_close,0.027518747589566624
56222,GOOG,2023-03-09,filtered_mid_price_t3,0.10390475054842899
56223,GOOG,2023-03-09,filtered_covariance_t3,0.002
56224,GOOG,2023-03-06,signal,1
56225,GOOG,2023-03-06,not_trust,0.013110864907503128
56226,GOOG,2023-03-06,is_close,1
56227,GOOG,2023-03-06,final_signal,1
56228,GOOG,2023-03-10,lstm_pred_t3_close,0.1290658414363861
56229,GOOG,2023-03-10,ts_mixer_t3_close,0.11912993341684341
56230,GOOG,2023-03-10,mid_pred_t3_close,0.12409788742661476
56231,GOOG,2023-03-10,pct_pred_close,0.03886855369288226
56232,GOOG,2023-03-10,filtered_mid_price_t3,0.10794337792406614
56233,GOOG,2023-03-10,filtered_covariance_t3,0.002
56234,GOOG,2023-03-07,signal,1
56235,GOOG,2023-03-07,not_trust,0.010574234649538994
56236,GOOG,2023-03-07,is_close,0
56237,GOOG,2023-03-07,final_signal,0
56238,GOOG,2023-03-11,lstm_pred_t3_close,0.13371288776397705
56239,GOOG,2023-03-11,ts_mixer_t3_close,0.1300174444913864
56240,GOOG,2023-03-11,mid_pred_t3_close,0.13186516612768173
56241,GOOG,2023-03-11,pct_pred_close,0.04432284529847418
56242,GOOG,2023-03-11,filtered_mid_price_t3,0.11272773556478925
56243,GOOG,2023-03-11,filtered_covariance_t3,0.002
56244,GOOG,2023-03-08,signal,1
56245,GOOG,2023-03-08,not_trust,0.00011812616139650345
56246,GOOG,2023-03-08,is_close,0
56247,GOOG,2023-03-08,final_signal,0
56248,GOOG,2023-03-12,lstm_pred_t3_close,0.13276295363903046
56249,GOOG,2023-03-12,ts_mixer_t3_close,0.12233255803585052
56250,GOOG,2023-03-12,mid_pred_t3_close,0.1275477558374405
56251,GOOG,2023-03-12,pct_pred_close,0.026293476398509867
56252,GOOG,2023-03-12,filtered_mid_price_t3,0.1156917396193195
56253,GOOG,2023-03-12,filtered_covariance_t3,0.002
56254,GOOG,2023-03-09,signal,1
56255,GOOG,2023-03-09,not_trust,0.000007902123797975946
56256,GOOG,2023-03-09,is_close,0
56257,GOOG,2023-03-09,final_signal,0
56258,GOOG,2023-03-13,lstm_pred_t3_close,0.12669405341148376
56259,GOOG,2023-03-13,ts_mixer_t3_close,0.11159448325634003
56260,GOOG,2023-03-13,mid_pred_t3_close,0.1191442683339119
56261,GOOG,2023-03-13,pct_pred_close,0.005968496499322898
56262,GOOG,2023-03-13,filtered_mid_price_t3,0.11638224536223798
56263,GOOG,2023-03-13,filtered_covariance_t3,0.002
56264,GOOG,2023-03-10,signal,1
56265,GOOG,2023-03-10,not_trust,0.0000045321398829401005
56266,GOOG,2023-03-10,is_close,0
56267,GOOG,2023-03-10,final_signal,0
56268,GOOG,2023-03-14,lstm_pred_t3_close,0.12669405341148376
56269,GOOG,2023-03-14,ts_mixer_t3_close,0.11159448325634003
56270,GOOG,2023-03-14,mid_pred_t3_close,0.1191442683339119
56271,GOOG,2023-03-14,pct_pred_close,0.004746467922279994
56272,GOOG,2023-03-14,filtered_mid_price_t3,0.11693464995657277
56273,GOOG,2023-03-14,filtered_covariance_t3,0.002
56274,GOOG,2023-03-11,signal,1
56275,GOOG,2023-03-11,not_trust,0.0000045321398829401005
56276,GOOG,2023-03-15,lstm_pred_t3_close,0.12669405341148376
56277,GOOG,2023-03-15,ts_mixer_t3_close,0.11159448325634003
56278,GOOG,2023-03-15,mid_pred_t3_close,0.1191442683339119
56279,GOOG,2023-03-15,pct_pred_close,0.003779236313889451
56280,GOOG,2023-03-15,filtered_mid_price_t3,0.1173765736320406
56281,GOOG,2023-03-15,filtered_covariance_t3,0.002
56282,GOOG,2023-03-12,signal,1
56283,GOOG,2023-03-12,not_trust,0.0000045321398829401005
56284,GOOG,2023-03-16,lstm_pred_t3_close,0.11958827078342438
56285,GOOG,2023-03-16,ts_mixer_t3_close,0.11305298656225204
56286,GOOG,2023-03-16,mid_pred_t3_close,0.11632062867283821
56287,GOOG,2023-03-16,pct_pred_close,-0.0017992431138986926
56288,GOOG,2023-03-16,filtered_mid_price_t3,0.11716538464020013
56289,GOOG,2023-03-16,filtered_covariance_t3,0.002
56290,GOOG,2023-03-13,signal,1
56291,GOOG,2023-03-13,not_trust,0.00001512343624199275
56292,GOOG,2023-03-13,is_close,0
56293,GOOG,2023-03-13,final_signal,0
56294,GOOG,2023-03-17,lstm_pred_t3_close,0.11672310531139374
56295,GOOG,2023-03-17,ts_mixer_t3_close,0.11836463958024979
56296,GOOG,2023-03-17,mid_pred_t3_close,0.11754387244582176
56297,GOOG,2023-03-17,pct_pred_close,0.00064607444730186
56298,GOOG,2023-03-17,filtered_mid_price_t3,0.11724108220132445
56299,GOOG,2023-03-17,filtered_covariance_t3,0.002
56300,GOOG,2023-03-14,signal,1
56301,GOOG,2023-03-14,not_trust,0.0000808134427643381
56302,GOOG,2023-03-14,is_close,0
56303,GOOG,2023-03-14,final_signal,0
56304,GOOG,2023-03-18,lstm_pred_t3_close,0.11924831569194794
56305,GOOG,2023-03-18,ts_mixer_t3_close,0.12580475211143494
56306,GOOG,2023-03-18,mid_pred_t3_close,0.12252653390169144
56307,GOOG,2023-03-18,pct_pred_close,0.009016381631979297
56308,GOOG,2023-03-18,filtered_mid_price_t3,0.11829817254139785
56309,GOOG,2023-03-18,filtered_covariance_t3,0.002
56310,GOOG,2023-03-15,signal,1
56311,GOOG,2023-03-15,not_trust,0.00019138988864142448
56312,GOOG,2023-03-15,is_close,0
56313,GOOG,2023-03-15,final_signal,0
56314,GOOG,2023-03-19,lstm_pred_t3_close,0.12810549139976501
56315,GOOG,2023-03-19,ts_mixer_t3_close,0.14290636777877808
56316,GOOG,2023-03-19,mid_pred_t3_close,0.13550592958927155
56317,GOOG,2023-03-19,pct_pred_close,0.029092177297754814
56318,GOOG,2023-03-19,filtered_mid_price_t3,0.12173972395097259
56319,GOOG,2023-03-19,filtered_covariance_t3,0.002
56320,GOOG,2023-03-16,signal,1
56321,GOOG,2023-03-16,not_trust,0.00005184773544897325
56322,GOOG,2023-03-16,is_close,0
56323,GOOG,2023-03-16,final_signal,0
56324,GOOG,2023-03-20,lstm_pred_t3_close,0.13943344354629517
56325,GOOG,2023-03-20,ts_mixer_t3_close,0.14183275401592255
56326,GOOG,2023-03-20,mid_pred_t3_close,0.14063309878110886
56327,GOOG,2023-03-20,pct_pred_close,0.031038964467744432
56328,GOOG,2023-03-20,filtered_mid_price_t3,0.12551839891699984
56329,GOOG,2023-03-20,filtered_covariance_t3,0.002
56330,GOOG,2023-03-17,signal,1
56331,GOOG,2023-03-17,not_trust,0.000010047220712294802
56332,GOOG,2023-03-17,is_close,0
56333,GOOG,2023-03-17,final_signal,0
56334,GOOG,2023-03-21,lstm_pred_t3_close,0.13943344354629517
56335,GOOG,2023-03-21,ts_mixer_t3_close,0.14183275401592255
56336,GOOG,2023-03-21,mid_pred_t3_close,0.14063309878110886
56337,GOOG,2023-03-21,pct_pred_close,0.024083640318107814
56338,GOOG,2023-03-21,filtered_mid_price_t3,0.12854133888982164
56339,GOOG,2023-03-21,filtered_covariance_t3,0.002
56340,GOOG,2023-03-18,signal,1
56341,GOOG,2023-03-18,not_trust,0.000010047220712294802
56342,GOOG,2023-03-22,lstm_pred_t3_close,0.13943344354629517
56343,GOOG,2023-03-22,ts_mixer_t3_close,0.14183275401592255
56344,GOOG,2023-03-22,mid_pred_t3_close,0.14063309878110886
56345,GOOG,2023-03-22,pct_pred_close,0.018813807286777267
56346,GOOG,2023-03-22,filtered_mid_price_t3,0.13095969086807907
56347,GOOG,2023-03-22,filtered_covariance_t3,0.002
56348,GOOG,2023-03-19,signal,1
56349,GOOG,2023-03-19,not_trust,0.000010047220712294802
56350,GOOG,2023-03-23,lstm_pred_t3_close,0.14845025539398193
56351,GOOG,2023-03-23,ts_mixer_t3_close,0.15227322280406952
56352,GOOG,2023-03-23,mid_pred_t3_close,0.15036173909902573
56353,GOOG,2023-03-23,pct_pred_close,0.029630565103411992
56354,GOOG,2023-03-23,filtered_mid_price_t3,0.1348401005142684
56355,GOOG,2023-03-23,filtered_covariance_t3,0.002
56356,GOOG,2023-03-20,signal,1
56357,GOOG,2023-03-20,not_trust,0.000003996204668510472
56358,GOOG,2023-03-20,is_close,0
56359,GOOG,2023-03-20,final_signal,0
56360,GOOG,2023-03-24,lstm_pred_t3_close,0.15957695245742798
56361,GOOG,2023-03-24,ts_mixer_t3_close,0.16436336934566498
56362,GOOG,2023-03-24,mid_pred_t3_close,0.16197016090154648
56363,GOOG,2023-03-24,pct_pred_close,0.04024034435424824
56364,GOOG,2023-03-24,filtered_mid_price_t3,0.140266112591724
56365,GOOG,2023-03-24,filtered_covariance_t3,0.002
56366,GOOG,2023-03-21,signal,1
56367,GOOG,2023-03-21,not_trust,0.0000027108387712360127
56368,GOOG,2023-03-21,is_close,0
56369,GOOG,2023-03-21,final_signal,0
56370,GOOG,2023-03-25,lstm_pred_t3_close,0.1674676090478897
56371,GOOG,2023-03-25,ts_mixer_t3_close,0.16676898300647736
56372,GOOG,2023-03-25,mid_pred_t3_close,0.16711829602718353
56373,GOOG,2023-03-25,pct_pred_close,0.03828748503727182
56374,GOOG,2023-03-25,filtered_mid_price_t3,0.14563654927881592
56375,GOOG,2023-03-25,filtered_covariance_t3,0.002
56376,GOOG,2023-03-22,signal,1
56377,GOOG,2023-03-22,not_trust,0.0000034270703963557025
56378,GOOG,2023-03-22,is_close,0
56379,GOOG,2023-03-22,final_signal,0
56380,GOOG,2023-03-26,lstm_pred_t3_close,0.17492133378982544
56381,GOOG,2023-03-26,ts_mixer_t3_close,0.1761496365070343
56382,GOOG,2023-03-26,mid_pred_t3_close,0.17553548514842987
56383,GOOG,2023-03-26,pct_pred_close,0.04105965984180724
56384,GOOG,2023-03-26,filtered_mid_price_t3,0.1516163364527387
56385,GOOG,2023-03-26,filtered_covariance_t3,0.002
56386,GOOG,2023-03-23,signal,1
56387,GOOG,2023-03-23,not_trust,0.000004745792466565035
56388,GOOG,2023-03-23,is_close,0
56389,GOOG,2023-03-23,final_signal,0
56390,GOOG,2023-03-27,lstm_pred_t3_close,0.1811966449022293
56391,GOOG,2023-03-27,ts_mixer_t3_close,0.18374863266944885
56392,GOOG,2023-03-27,mid_pred_t3_close,0.18247263878583908
56393,GOOG,2023-03-27,pct_pred_close,0.040703136687013745
56394,GOOG,2023-03-27,filtered_mid_price_t3,0.15778759691935879
56395,GOOG,2023-03-27,filtered_covariance_t3,0.002
56396,GOOG,2023-03-24,signal,1
56397,GOOG,2023-03-24,not_trust,0.000005426709321909584
56398,GOOG,2023-03-24,is_close,0
56399,GOOG,2023-03-24,final_signal,0
56400,GOOG,2023-03-28,lstm_pred_t3_close,0.1811966449022293
56401,GOOG,2023-03-28,ts_mixer_t3_close,0.18374863266944885
56402,GOOG,2023-03-28,mid_pred_t3_close,0.18247263878583908
56403,GOOG,2023-03-28,pct_pred_close,0.03128895090416538
56404,GOOG,2023-03-28,filtered_mid_price_t3,0.16272460529265484
56405,GOOG,2023-03-28,filtered_covariance_t3,0.002
56406,GOOG,2023-03-25,signal,1
56407,GOOG,2023-03-25,not_trust,0.000005426709321909584
56408,GOOG,2023-03-29,lstm_pred_t3_close,0.1811966449022293
56409,GOOG,2023-03-29,ts_mixer_t3_close,0.18374863266944885
56410,GOOG,2023-03-29,mid_pred_t3_close,0.18247263878583908
56411,GOOG,2023-03-29,pct_pred_close,0.02427172394447416
56412,GOOG,2023-03-29,filtered_mid_price_t3,0.16667421199129168
56413,GOOG,2023-03-29,filtered_covariance_t3,0.002
56414,GOOG,2023-03-26,signal,1
56415,GOOG,2023-03-26,not_trust,0.000005426709321909584
56416,GOOG,2023-03-30,lstm_pred_t3_close,0.18057206273078918
56417,GOOG,2023-03-30,ts_mixer_t3_close,0.17457039654254913
56418,GOOG,2023-03-30,mid_pred_t3_close,0.17757122963666916
56419,GOOG,2023-03-30,pct_pred_close,0.0130758292061964
56420,GOOG,2023-03-30,filtered_mid_price_t3,0.16885361552036718
56421,GOOG,2023-03-30,filtered_covariance_t3,0.002
56422,GOOG,2023-03-27,signal,1
56423,GOOG,2023-03-27,not_trust,0.000007990301128302235
56424,GOOG,2023-03-27,is_close,0
56425,GOOG,2023-03-27,final_signal,0
56426,GOOG,2023-03-31,lstm_pred_t3_close,0.17331653833389282
56427,GOOG,2023-03-31,ts_mixer_t3_close,0.16480372846126556
56428,GOOG,2023-03-31,mid_pred_t3_close,0.1690601333975792
56429,GOOG,2023-03-31,pct_pred_close,0.00024461173256563423
56430,GOOG,2023-03-31,filtered_mid_price_t3,0.1688949190958096
56431,GOOG,2023-03-31,filtered_covariance_t3,0.002
56432,GOOG,2023-03-28,signal,1
56433,GOOG,2023-03-28,not_trust,0.000021382113118306734
56434,GOOG,2023-03-28,is_close,0
56435,GOOG,2023-03-28,final_signal,0
56436,GOOG,2023-04-01,lstm_pred_t3_close,0.16476786136627197
56437,GOOG,2023-04-01,ts_mixer_t3_close,0.15510545670986176
56438,GOOG,2023-04-01,mid_pred_t3_close,0.15993665903806686
56439,GOOG,2023-04-01,pct_pred_close,-0.010608087094273026
56440,GOOG,2023-04-01,filtered_mid_price_t3,0.16710326708426104
56441,GOOG,2023-04-01,filtered_covariance_t3,0.002
56442,GOOG,2023-03-29,signal,1
56443,GOOG,2023-03-29,not_trust,0.00009830664203036577
56444,GOOG,2023-03-29,is_close,0
56445,GOOG,2023-03-29,final_signal,0
56446,GOOG,2023-04-02,lstm_pred_t3_close,0.1560191959142685
56447,GOOG,2023-04-02,ts_mixer_t3_close,0.15075062215328217
56448,GOOG,2023-04-02,mid_pred_t3_close,0.15338490903377533
56449,GOOG,2023-04-02,pct_pred_close,-0.01641901835895081
56450,GOOG,2023-04-02,filtered_mid_price_t3,0.1643595954741639
56451,GOOG,2023-04-02,filtered_covariance_t3,0.002
56452,GOOG,2023-03-30,signal,-1
56453,GOOG,2023-03-30,not_trust,0.002056569792330265
56454,GOOG,2023-03-30,is_close,1
56455,GOOG,2023-03-30,final_signal,-1
56456,GOOG,2023-04-03,lstm_pred_t3_close,0.15254588425159454
56457,GOOG,2023-04-03,ts_mixer_t3_close,0.1555648297071457
56458,GOOG,2023-04-03,mid_pred_t3_close,0.15405535697937012
56459,GOOG,2023-04-03,pct_pred_close,-0.012538651564658458
56460,GOOG,2023-04-03,filtered_mid_price_t3,0.16229874777520514
56461,GOOG,2023-04-03,filtered_covariance_t3,0.002
56462,GOOG,2023-03-31,signal,-1
56463,GOOG,2023-03-31,not_trust,0.18437430262565613
56464,GOOG,2023-03-31,is_close,0
56465,GOOG,2023-03-31,final_signal,0
56466,GOOG,2023-04-04,lstm_pred_t3_close,0.15254712104797363
56467,GOOG,2023-04-04,ts_mixer_t3_close,0.15556225180625916
56468,GOOG,2023-04-04,mid_pred_t3_close,0.1540546864271164
56469,GOOG,2023-04-04,pct_pred_close,-0.0101591188608643
56470,GOOG,2023-04-04,filtered_mid_price_t3,0.1606499355055874
56471,GOOG,2023-04-04,filtered_covariance_t3,0.002
56472,GOOG,2023-04-01,signal,-1
56473,GOOG,2023-04-01,not_trust,0.18441087007522583
56474,GOOG,2023-04-05,lstm_pred_t3_close,0.15254712104797363
56475,GOOG,2023-04-05,ts_mixer_t3_close,0.15556225180625916
56476,GOOG,2023-04-05,mid_pred_t3_close,0.1540546864271164
56477,GOOG,2023-04-05,pct_pred_close,-0.008210708653837703
56478,GOOG,2023-04-05,filtered_mid_price_t3,0.1593308856898932
56479,GOOG,2023-04-05,filtered_covariance_t3,0.002
56480,GOOG,2023-04-02,signal,-1
56481,GOOG,2023-04-02,not_trust,0.18441087007522583
56482,GOOG,2023-04-06,lstm_pred_t3_close,0.15467026829719543
56483,GOOG,2023-04-06,ts_mixer_t3_close,0.1567133665084839
56484,GOOG,2023-04-06,mid_pred_t3_close,0.15569181740283966
56485,GOOG,2023-04-06,pct_pred_close,-0.004567938314403472
56486,GOOG,2023-04-06,filtered_mid_price_t3,0.1586030720324825
56487,GOOG,2023-04-06,filtered_covariance_t3,0.002
56488,GOOG,2023-04-03,signal,-1
56489,GOOG,2023-04-03,not_trust,0.03361702337861061
56490,GOOG,2023-04-03,is_close,0
56491,GOOG,2023-04-03,final_signal,0
56492,GOOG,2023-04-07,lstm_pred_t3_close,0.15861836075782776
56493,GOOG,2023-04-07,ts_mixer_t3_close,0.16231809556484222
56494,GOOG,2023-04-07,mid_pred_t3_close,0.160468228161335
56495,GOOG,2023-04-07,pct_pred_close,0.002351979826053502
56496,GOOG,2023-04-07,filtered_mid_price_t3,0.158976103258253
56497,GOOG,2023-04-07,filtered_covariance_t3,0.002
56498,GOOG,2023-04-04,signal,-1
56499,GOOG,2023-04-04,not_trust,0.000089734596258495
56500,GOOG,2023-04-04,is_close,0
56501,GOOG,2023-04-04,final_signal,0
56502,GOOG,2023-04-08,lstm_pred_t3_close,0.1630837619304657
56503,GOOG,2023-04-08,ts_mixer_t3_close,0.16244623064994812
56504,GOOG,2023-04-08,mid_pred_t3_close,0.1627649962902069
56505,GOOG,2023-04-08,pct_pred_close,0.00476661957904322
56506,GOOG,2023-04-08,filtered_mid_price_t3,0.1597338818646438
56507,GOOG,2023-04-08,filtered_covariance_t3,0.002
56508,GOOG,2023-04-05,signal,1
56509,GOOG,2023-04-05,not_trust,0.00007195208308985457
56510,GOOG,2023-04-05,is_close,1
56511,GOOG,2023-04-05,final_signal,1
56512,GOOG,2023-04-09,lstm_pred_t3_close,0.17221611738204956
56513,GOOG,2023-04-09,ts_mixer_t3_close,0.16983576118946075
56514,GOOG,2023-04-09,mid_pred_t3_close,0.17102593928575516
56515,GOOG,2023-04-09,pct_pred_close,0.01413858761747246
56516,GOOG,2023-04-09,filtered_mid_price_t3,0.16199229334886606
56517,GOOG,2023-04-09,filtered_covariance_t3,0.002
56518,GOOG,2023-04-06,signal,1
56519,GOOG,2023-04-06,not_trust,0.000024576667783549055
56520,GOOG,2023-04-06,is_close,0
56521,GOOG,2023-04-06,final_signal,0
56522,GOOG,2023-04-10,lstm_pred_t3_close,0.1722150593996048
56523,GOOG,2023-04-10,ts_mixer_t3_close,0.16983722150325775
56524,GOOG,2023-04-10,mid_pred_t3_close,0.17102614045143127
56525,GOOG,2023-04-10,pct_pred_close,0.011153428247490774
56526,GOOG,2023-04-10,filtered_mid_price_t3,0.1637990627693791
56527,GOOG,2023-04-10,filtered_covariance_t3,0.002
56528,GOOG,2023-04-07,signal,1
56529,GOOG,2023-04-07,not_trust,0.00002457805021549575
56530,GOOG,2023-04-11,lstm_pred_t3_close,0.17221468687057495
56531,GOOG,2023-04-11,ts_mixer_t3_close,0.16983766853809357
56532,GOOG,2023-04-11,mid_pred_t3_close,0.17102617770433426
56533,GOOG,2023-04-11,pct_pred_close,0.008824366651145627
56534,GOOG,2023-04-11,filtered_mid_price_t3,0.16524448575637013
56535,GOOG,2023-04-11,filtered_covariance_t3,0.002
56536,GOOG,2023-04-08,signal,1
56537,GOOG,2023-04-08,not_trust,0.000024578566808486357
56538,GOOG,2023-04-12,lstm_pred_t3_close,0.17221468687057495
56539,GOOG,2023-04-12,ts_mixer_t3_close,0.16983766853809357
56540,GOOG,2023-04-12,mid_pred_t3_close,0.17102617770433426
56541,GOOG,2023-04-12,pct_pred_close,0.006997742673832373
56542,GOOG,2023-04-12,filtered_mid_price_t3,0.16640082414596297
56543,GOOG,2023-04-12,filtered_covariance_t3,0.002
56544,GOOG,2023-04-09,signal,1
56545,GOOG,2023-04-09,not_trust,0.000024578566808486357
56546,GOOG,2023-04-13,lstm_pred_t3_close,0.17979896068572998
56547,GOOG,2023-04-13,ts_mixer_t3_close,0.18045258522033691
56548,GOOG,2023-04-13,mid_pred_t3_close,0.18012577295303345
56549,GOOG,2023-04-13,pct_pred_close,0.016496250998169697
56550,GOOG,2023-04-13,filtered_mid_price_t3,0.16914581390737707
56551,GOOG,2023-04-13,filtered_covariance_t3,0.002
56552,GOOG,2023-04-10,signal,1
56553,GOOG,2023-04-10,not_trust,0.000016337537090294063
56554,GOOG,2023-04-10,is_close,0
56555,GOOG,2023-04-10,final_signal,0
56556,GOOG,2023-04-14,lstm_pred_t3_close,0.18504562973976135
56557,GOOG,2023-04-14,ts_mixer_t3_close,0.1872359663248062
56558,GOOG,2023-04-14,mid_pred_t3_close,0.18614079803228378
56559,GOOG,2023-04-14,pct_pred_close,0.02009506913864633
56560,GOOG,2023-04-14,filtered_mid_price_t3,0.17254481073235842
56561,GOOG,2023-04-14,filtered_covariance_t3,0.002
56562,GOOG,2023-04-11,signal,1
56563,GOOG,2023-04-11,not_trust,0.000018824277503881603
56564,GOOG,2023-04-11,is_close,0
56565,GOOG,2023-04-11,final_signal,0
56566,GOOG,2023-04-15,lstm_pred_t3_close,0.18773001432418823
56567,GOOG,2023-04-15,ts_mixer_t3_close,0.19534152746200562
56568,GOOG,2023-04-15,mid_pred_t3_close,0.19153577089309692
56569,GOOG,2023-04-15,pct_pred_close,0.022012786220729896
56570,GOOG,2023-04-15,filtered_mid_price_t3,0.17634300276450612
56571,GOOG,2023-04-15,filtered_covariance_t3,0.002
56572,GOOG,2023-04-12,signal,1
56573,GOOG,2023-04-12,not_trust,0.000023321579647017643
56574,GOOG,2023-04-12,is_close,0
56575,GOOG,2023-04-12,final_signal,0
56576,GOOG,2023-04-16,lstm_pred_t3_close,0.19302186369895935
56577,GOOG,2023-04-16,ts_mixer_t3_close,0.2181994765996933
56578,GOOG,2023-04-16,mid_pred_t3_close,0.20561067014932632
56579,GOOG,2023-04-16,pct_pred_close,0.03319402179388447
56580,GOOG,2023-04-16,filtered_mid_price_t3,0.18219653624147017
56581,GOOG,2023-04-16,filtered_covariance_t3,0.002
56582,GOOG,2023-04-13,signal,1
56583,GOOG,2023-04-13,not_trust,0.000012397359569149558
56584,GOOG,2023-04-13,is_close,0
56585,GOOG,2023-04-13,final_signal,0
56586,GOOG,2023-04-17,lstm_pred_t3_close,0.2011689841747284
56587,GOOG,2023-04-17,ts_mixer_t3_close,0.23533423244953156
56588,GOOG,2023-04-17,mid_pred_t3_close,0.21825160831212997
56589,GOOG,2023-04-17,pct_pred_close,0.03957821900947122
56590,GOOG,2023-04-17,filtered_mid_price_t3,0.18940755065560214
56591,GOOG,2023-04-17,filtered_covariance_t3,0.002
56592,GOOG,2023-04-14,signal,1
56593,GOOG,2023-04-14,not_trust,0.0000035393284179008333
56594,GOOG,2023-04-14,is_close,0
56595,GOOG,2023-04-14,final_signal,0
56596,GOOG,2023-04-18,lstm_pred_t3_close,0.20117054879665375
56597,GOOG,2023-04-18,ts_mixer_t3_close,0.2353277951478958
56598,GOOG,2023-04-18,mid_pred_t3_close,0.21824917197227478
56599,GOOG,2023-04-18,pct_pred_close,0.03045456341824
56600,GOOG,2023-04-18,filtered_mid_price_t3,0.19517587491893668
56601,GOOG,2023-04-18,filtered_covariance_t3,0.002
56602,GOOG,2023-04-15,signal,1
56603,GOOG,2023-04-15,not_trust,0.000003539119461493101
56604,GOOG,2023-04-19,lstm_pred_t3_close,0.20117054879665375
56605,GOOG,2023-04-19,ts_mixer_t3_close,0.2353277951478958
56606,GOOG,2023-04-19,mid_pred_t3_close,0.21824917197227478
56607,GOOG,2023-04-19,pct_pred_close,0.02364359536025782
56608,GOOG,2023-04-19,filtered_mid_price_t3,0.1997905343296043
56609,GOOG,2023-04-19,filtered_covariance_t3,0.002
56610,GOOG,2023-04-16,signal,1
56611,GOOG,2023-04-16,not_trust,0.000003539119461493101
56612,GOOG,2023-04-20,lstm_pred_t3_close,0.2032080441713333
56613,GOOG,2023-04-20,ts_mixer_t3_close,0.22487179934978485
56614,GOOG,2023-04-20,mid_pred_t3_close,0.21403992176055908
56615,GOOG,2023-04-20,pct_pred_close,0.014264326864902246
56616,GOOG,2023-04-20,filtered_mid_price_t3,0.20264041181579526
56617,GOOG,2023-04-20,filtered_covariance_t3,0.002
56618,GOOG,2023-04-17,signal,1
56619,GOOG,2023-04-17,not_trust,0.000001976814701265539
56620,GOOG,2023-04-17,is_close,0
56621,GOOG,2023-04-17,final_signal,0
56622,GOOG,2023-04-21,lstm_pred_t3_close,0.19923481345176697
56623,GOOG,2023-04-21,ts_mixer_t3_close,0.21995115280151367
56624,GOOG,2023-04-21,mid_pred_t3_close,0.20959298312664032
56625,GOOG,2023-04-21,pct_pred_close,0.006861979057923684
56626,GOOG,2023-04-21,filtered_mid_price_t3,0.20403092607796428
56627,GOOG,2023-04-21,filtered_covariance_t3,0.002
56628,GOOG,2023-04-18,signal,1
56629,GOOG,2023-04-18,not_trust,0.000003919756181858247
56630,GOOG,2023-04-18,is_close,0
56631,GOOG,2023-04-18,final_signal,0
56632,GOOG,2023-04-22,lstm_pred_t3_close,0.19329071044921875
56633,GOOG,2023-04-22,ts_mixer_t3_close,0.2093278169631958
56634,GOOG,2023-04-22,mid_pred_t3_close,0.20130926370620728
56635,GOOG,2023-04-22,pct_pred_close,-0.002667891994684177
56636,GOOG,2023-04-22,filtered_mid_price_t3,0.20348659360361288
56637,GOOG,2023-04-22,filtered_covariance_t3,0.002
56638,GOOG,2023-04-19,signal,1
56639,GOOG,2023-04-19,not_trust,0.0000362803039024584
56640,GOOG,2023-04-19,is_close,0
56641,GOOG,2023-04-19,final_signal,0
56642,GOOG,2023-04-23,lstm_pred_t3_close,0.1894909143447876
56643,GOOG,2023-04-23,ts_mixer_t3_close,0.20902200043201447
56644,GOOG,2023-04-23,mid_pred_t3_close,0.19925645738840103
56645,GOOG,2023-04-23,pct_pred_close,-0.0041576559323136765
56646,GOOG,2023-04-23,filtered_mid_price_t3,0.2026405663605705
56647,GOOG,2023-04-23,filtered_covariance_t3,0.002
56648,GOOG,2023-04-20,signal,1
56649,GOOG,2023-04-20,not_trust,0.001238261815160513
56650,GOOG,2023-04-20,is_close,0
56651,GOOG,2023-04-20,final_signal,0
56652,GOOG,2023-04-24,lstm_pred_t3_close,0.1865513026714325
56653,GOOG,2023-04-24,ts_mixer_t3_close,0.20140376687049866
56654,GOOG,2023-04-24,mid_pred_t3_close,0.19397753477096558
56655,GOOG,2023-04-24,pct_pred_close,-0.00855014545724306
56656,GOOG,2023-04-24,filtered_mid_price_t3,0.20090796004264952
56657,GOOG,2023-04-24,filtered_covariance_t3,0.002
56658,GOOG,2023-04-21,signal,-1
56659,GOOG,2023-04-21,not_trust,0.6452779173851013
56660,GOOG,2023-04-21,is_close,1
56661,GOOG,2023-04-21,final_signal,0
56662,GOOG,2023-04-25,lstm_pred_t3_close,0.18655192852020264
56663,GOOG,2023-04-25,ts_mixer_t3_close,0.2014005482196808
56664,GOOG,2023-04-25,mid_pred_t3_close,0.1939762383699417
56665,GOOG,2023-04-25,pct_pred_close,-0.006900395256849326
56666,GOOG,2023-04-25,filtered_mid_price_t3,0.19952161570810795
56667,GOOG,2023-04-25,filtered_covariance_t3,0.002
56668,GOOG,2023-04-22,signal,-1
56669,GOOG,2023-04-22,not_trust,0.6453893184661865
56670,GOOG,2023-04-26,lstm_pred_t3_close,0.18655192852020264
56671,GOOG,2023-04-26,ts_mixer_t3_close,0.2014005482196808
56672,GOOG,2023-04-26,mid_pred_t3_close,0.1939762383699417
56673,GOOG,2023-04-26,pct_pred_close,-0.0055586732479942684
56674,GOOG,2023-04-26,filtered_mid_price_t3,0.1984125402404747
56675,GOOG,2023-04-26,filtered_covariance_t3,0.002
56676,GOOG,2023-04-23,signal,-1
56677,GOOG,2023-04-23,not_trust,0.6453893184661865
56678,GOOG,2023-04-27,lstm_pred_t3_close,0.18678221106529236
56679,GOOG,2023-04-27,ts_mixer_t3_close,0.19765624403953552
56680,GOOG,2023-04-27,mid_pred_t3_close,0.19221922755241394
56681,GOOG,2023-04-27,pct_pred_close,-0.006242864166301686
56682,GOOG,2023-04-27,filtered_mid_price_t3,0.19717387770286254
56683,GOOG,2023-04-27,filtered_covariance_t3,0.002
56684,GOOG,2023-04-24,signal,-1
56685,GOOG,2023-04-24,not_trust,0.07809920608997345
56686,GOOG,2023-04-24,is_close,0
56687,GOOG,2023-04-24,final_signal,-1
56688,GOOG,2023-04-28,lstm_pred_t3_close,0.18561628460884094
56689,GOOG,2023-04-28,ts_mixer_t3_close,0.18727712333202362
56690,GOOG,2023-04-28,mid_pred_t3_close,0.18644670397043228
56691,GOOG,2023-04-28,pct_pred_close,-0.01088092789714859
56692,GOOG,2023-04-28,filtered_mid_price_t3,0.1950284429563765
56693,GOOG,2023-04-28,filtered_covariance_t3,0.002
56694,GOOG,2023-04-25,signal,-1
56695,GOOG,2023-04-25,not_trust,0.0002157156413886696
56696,GOOG,2023-04-25,is_close,0
56697,GOOG,2023-04-25,final_signal,0
56698,GOOG,2023-04-29,lstm_pred_t3_close,0.18359267711639404
56699,GOOG,2023-04-29,ts_mixer_t3_close,0.17968548834323883
56700,GOOG,2023-04-29,mid_pred_t3_close,0.18163908272981644
56701,GOOG,2023-04-29,pct_pred_close,-0.013730674381228497
56702,GOOG,2023-04-29,filtered_mid_price_t3,0.1923505709110645
56703,GOOG,2023-04-29,filtered_covariance_t3,0.002
56704,GOOG,2023-04-26,signal,-1
56705,GOOG,2023-04-26,not_trust,0.00012816402886528522
56706,GOOG,2023-04-26,is_close,0
56707,GOOG,2023-04-26,final_signal,0
56708,GOOG,2023-04-30,lstm_pred_t3_close,0.18681859970092773
56709,GOOG,2023-04-30,ts_mixer_t3_close,0.1905880719423294
56710,GOOG,2023-04-30,mid_pred_t3_close,0.18870333582162857
56711,GOOG,2023-04-30,pct_pred_close,-0.0037922789333672117
56712,GOOG,2023-04-30,filtered_mid_price_t3,0.19162112389317731
56713,GOOG,2023-04-30,filtered_covariance_t3,0.002
56714,GOOG,2023-04-27,signal,-1
56715,GOOG,2023-04-27,not_trust,0.000020332679923740216
56716,GOOG,2023-04-27,is_close,0
56717,GOOG,2023-04-27,final_signal,0
56718,GOOG,2023-05-01,lstm_pred_t3_close,0.1920783817768097
56719,GOOG,2023-05-01,ts_mixer_t3_close,0.2043798565864563
56720,GOOG,2023-05-01,mid_pred_t3_close,0.198229119181633
56721,GOOG,2023-05-01,pct_pred_close,0.006896938243760044
56722,GOOG,2023-05-01,filtered_mid_price_t3,0.19294272295086845
56723,GOOG,2023-05-01,filtered_covariance_t3,0.002
56724,GOOG,2023-04-28,signal,-1
56725,GOOG,2023-04-28,not_trust,0.000006338630100799492
56726,GOOG,2023-04-28,is_close,0
56727,GOOG,2023-04-28,final_signal,0
56728,GOOG,2023-05-02,lstm_pred_t3_close,0.19207757711410522
56729,GOOG,2023-05-02,ts_mixer_t3_close,0.20438501238822937
56730,GOOG,2023-05-02,mid_pred_t3_close,0.1982312947511673
56731,GOOG,2023-05-02,pct_pred_close,0.0054820121945159585
56732,GOOG,2023-05-02,filtered_mid_price_t3,0.19400043731092823
56733,GOOG,2023-05-02,filtered_covariance_t3,0.002
56734,GOOG,2023-04-29,signal,1
56735,GOOG,2023-04-29,not_trust,0.000006339053015835816
56736,GOOG,2023-05-03,lstm_pred_t3_close,0.19207757711410522
56737,GOOG,2023-05-03,ts_mixer_t3_close,0.20438501238822937
56738,GOOG,2023-05-03,mid_pred_t3_close,0.1982312947511673
56739,GOOG,2023-05-03,pct_pred_close,0.004361698869222794
56740,GOOG,2023-05-03,filtered_mid_price_t3,0.19484660879897603
56741,GOOG,2023-05-03,filtered_covariance_t3,0.002
56742,GOOG,2023-04-30,signal,1
56743,GOOG,2023-04-30,not_trust,0.000006339053015835816
56744,GOOG,2023-05-04,lstm_pred_t3_close,0.19791707396507263
56745,GOOG,2023-05-04,ts_mixer_t3_close,0.22980083525180817
56746,GOOG,2023-05-04,mid_pred_t3_close,0.2138589546084404
56747,GOOG,2023-05-04,pct_pred_close,0.01951519292704696
56748,GOOG,2023-05-04,filtered_mid_price_t3,0.1986490779608689
56749,GOOG,2023-05-04,filtered_covariance_t3,0.002
56750,GOOG,2023-05-01,signal,1
56751,GOOG,2023-05-01,not_trust,0.000002929863057943294
56752,GOOG,2023-05-01,is_close,1
56753,GOOG,2023-05-01,final_signal,1
56754,GOOG,2023-05-05,lstm_pred_t3_close,0.20021560788154602
56755,GOOG,2023-05-05,ts_mixer_t3_close,0.23204460740089417
56756,GOOG,2023-05-05,mid_pred_t3_close,0.2161301076412201
56757,GOOG,2023-05-05,pct_pred_close,0.017599910213320774
56758,GOOG,2023-05-05,filtered_mid_price_t3,0.20214528389693914
56759,GOOG,2023-05-05,filtered_covariance_t3,0.002
56760,GOOG,2023-05-02,signal,1
56761,GOOG,2023-05-02,not_trust,0.000002805812982842326
56762,GOOG,2023-05-02,is_close,0
56763,GOOG,2023-05-02,final_signal,0
56764,GOOG,2023-05-06,lstm_pred_t3_close,0.20057319104671478
56765,GOOG,2023-05-06,ts_mixer_t3_close,0.2411552518606186
56766,GOOG,2023-05-06,mid_pred_t3_close,0.2208642214536667
56767,GOOG,2023-05-06,pct_pred_close,0.018520281251054246
56768,GOOG,2023-05-06,filtered_mid_price_t3,0.20588907140828466
56769,GOOG,2023-05-06,filtered_covariance_t3,0.002
56770,GOOG,2023-05-03,signal,1
56771,GOOG,2023-05-03,not_trust,0.0000037528241136897122
56772,GOOG,2023-05-03,is_close,0
56773,GOOG,2023-05-03,final_signal,0
56774,GOOG,2023-05-07,lstm_pred_t3_close,0.19779552519321442
56775,GOOG,2023-05-07,ts_mixer_t3_close,0.25057870149612427
56776,GOOG,2023-05-07,mid_pred_t3_close,0.22418711334466934
56777,GOOG,2023-05-07,pct_pred_close,0.01777466070561764
56778,GOOG,2023-05-07,filtered_mid_price_t3,0.2095486797955616
56779,GOOG,2023-05-07,filtered_covariance_t3,0.002
56780,GOOG,2023-05-04,signal,1
56781,GOOG,2023-05-04,not_trust,0.00000842861754790647
56782,GOOG,2023-05-04,is_close,0
56783,GOOG,2023-05-04,final_signal,0
56784,GOOG,2023-05-08,lstm_pred_t3_close,0.19563359022140503
56785,GOOG,2023-05-08,ts_mixer_t3_close,0.25054794549942017
56786,GOOG,2023-05-08,mid_pred_t3_close,0.2230907678604126
56787,GOOG,2023-05-08,pct_pred_close,0.012925004421944154
56788,GOOG,2023-05-08,filtered_mid_price_t3,0.2122570974085318
56789,GOOG,2023-05-08,filtered_covariance_t3,0.002
56790,GOOG,2023-05-05,signal,1
56791,GOOG,2023-05-05,not_trust,0.00001991511271626223
56792,GOOG,2023-05-05,is_close,0
56793,GOOG,2023-05-05,final_signal,0
56794,GOOG,2023-05-09,lstm_pred_t3_close,0.19563359022140503
56795,GOOG,2023-05-09,ts_mixer_t3_close,0.25054794549942017
56796,GOOG,2023-05-09,mid_pred_t3_close,0.2230907678604126
56797,GOOG,2023-05-09,pct_pred_close,0.010208064261831658
56798,GOOG,2023-05-09,filtered_mid_price_t3,0.21442383149890795
56799,GOOG,2023-05-09,filtered_covariance_t3,0.002
56800,GOOG,2023-05-06,signal,1
56801,GOOG,2023-05-06,not_trust,0.00001991511271626223
56802,GOOG,2023-05-10,lstm_pred_t3_close,0.19563359022140503
56803,GOOG,2023-05-10,ts_mixer_t3_close,0.25054794549942017
56804,GOOG,2023-05-10,mid_pred_t3_close,0.2230907678604126
56805,GOOG,2023-05-10,pct_pred_close,0.008083930131197953
56806,GOOG,2023-05-10,filtered_mid_price_t3,0.2161572187712089
56807,GOOG,2023-05-10,filtered_covariance_t3,0.002
56808,GOOG,2023-05-07,signal,1
56809,GOOG,2023-05-07,not_trust,0.00001991511271626223
56810,GOOG,2023-05-11,lstm_pred_t3_close,0.19778963923454285
56811,GOOG,2023-05-11,ts_mixer_t3_close,0.2617139518260956
56812,GOOG,2023-05-11,mid_pred_t3_close,0.2297517955303192
56813,GOOG,2023-05-11,pct_pred_close,0.012578415688720947
56814,GOOG,2023-05-11,filtered_mid_price_t3,0.21887613412303095
56815,GOOG,2023-05-11,filtered_covariance_t3,0.002
56816,GOOG,2023-05-08,signal,1
56817,GOOG,2023-05-08,not_trust,0.000037447236536536366
56818,GOOG,2023-05-08,is_close,0
56819,GOOG,2023-05-08,final_signal,0
56820,GOOG,2023-05-12,lstm_pred_t3_close,0.2025461345911026
56821,GOOG,2023-05-12,ts_mixer_t3_close,0.27818888425827026
56822,GOOG,2023-05-12,mid_pred_t3_close,0.24036750942468643
56823,GOOG,2023-05-12,pct_pred_close,0.019637933928031724
56824,GOOG,2023-05-12,filtered_mid_price_t3,0.22317440918336204
56825,GOOG,2023-05-12,filtered_covariance_t3,0.002
56826,GOOG,2023-05-09,signal,1
56827,GOOG,2023-05-09,not_trust,0.00005531594797503203
56828,GOOG,2023-05-09,is_close,0
56829,GOOG,2023-05-09,final_signal,0
56830,GOOG,2023-05-13,lstm_pred_t3_close,0.21354347467422485
56831,GOOG,2023-05-13,ts_mixer_t3_close,0.2792825698852539
56832,GOOG,2023-05-13,mid_pred_t3_close,0.24641302227973938
56833,GOOG,2023-05-13,pct_pred_close,0.0208255177476771
56834,GOOG,2023-05-13,filtered_mid_price_t3,0.2278221318026375
56835,GOOG,2023-05-13,filtered_covariance_t3,0.002
56836,GOOG,2023-05-10,signal,1
56837,GOOG,2023-05-10,not_trust,0.000031244697311194614
56838,GOOG,2023-05-10,is_close,0
56839,GOOG,2023-05-10,final_signal,0
56840,GOOG,2023-05-14,lstm_pred_t3_close,0.2313418835401535
56841,GOOG,2023-05-14,ts_mixer_t3_close,0.29958072304725647
56842,GOOG,2023-05-14,mid_pred_t3_close,0.265461303293705
56843,GOOG,2023-05-14,pct_pred_close,0.03304259440753044
56844,GOOG,2023-05-14,filtered_mid_price_t3,0.235349966100851
56845,GOOG,2023-05-14,filtered_covariance_t3,0.002
56846,GOOG,2023-05-11,signal,1
56847,GOOG,2023-05-11,not_trust,0.00001112326299335109
56848,GOOG,2023-05-11,is_close,0
56849,GOOG,2023-05-11,final_signal,0
56850,GOOG,2023-05-15,lstm_pred_t3_close,0.25000810623168945
56851,GOOG,2023-05-15,ts_mixer_t3_close,0.31295302510261536
56852,GOOG,2023-05-15,mid_pred_t3_close,0.2814805656671524
56853,GOOG,2023-05-15,pct_pred_close,0.039201704874292385
56854,GOOG,2023-05-15,filtered_mid_price_t3,0.24457608601411127
56855,GOOG,2023-05-15,filtered_covariance_t3,0.002
56856,GOOG,2023-05-12,signal,1
56857,GOOG,2023-05-12,not_trust,0.0000047795806494832505
56858,GOOG,2023-05-12,is_close,0
56859,GOOG,2023-05-12,final_signal,0
56860,GOOG,2023-05-16,lstm_pred_t3_close,0.25000810623168945
56861,GOOG,2023-05-16,ts_mixer_t3_close,0.31295302510261536
56862,GOOG,2023-05-16,mid_pred_t3_close,0.2814805656671524
56863,GOOG,2023-05-16,pct_pred_close,0.030178322218233442
56864,GOOG,2023-05-16,filtered_mid_price_t3,0.2519569819447195
56865,GOOG,2023-05-16,filtered_covariance_t3,0.002
56866,GOOG,2023-05-13,signal,1
56867,GOOG,2023-05-13,not_trust,0.0000047795806494832505
56868,GOOG,2023-05-17,lstm_pred_t3_close,0.25000810623168945
56869,GOOG,2023-05-17,ts_mixer_t3_close,0.31295302510261536
56870,GOOG,2023-05-17,mid_pred_t3_close,0.2814805656671524
56871,GOOG,2023-05-17,pct_pred_close,0.023435416232212535
56872,GOOG,2023-05-17,filtered_mid_price_t3,0.25786169868920605
56873,GOOG,2023-05-17,filtered_covariance_t3,0.002
56874,GOOG,2023-05-14,signal,1
56875,GOOG,2023-05-14,not_trust,0.0000047795806494832505
56876,GOOG,2023-05-18,lstm_pred_t3_close,0.2630583345890045
56877,GOOG,2023-05-18,ts_mixer_t3_close,0.3181309700012207
56878,GOOG,2023-05-18,mid_pred_t3_close,0.2905946522951126
56879,GOOG,2023-05-18,pct_pred_close,0.025387991913726336
56880,GOOG,2023-05-18,filtered_mid_price_t3,0.26440828941038735
56881,GOOG,2023-05-18,filtered_covariance_t3,0.002
56882,GOOG,2023-05-15,signal,1
56883,GOOG,2023-05-15,not_trust,0.0000030524147405230906
56884,GOOG,2023-05-15,is_close,0
56885,GOOG,2023-05-15,final_signal,0
56886,GOOG,2023-05-19,lstm_pred_t3_close,0.2749893069267273
56887,GOOG,2023-05-19,ts_mixer_t3_close,0.32543691992759705
56888,GOOG,2023-05-19,mid_pred_t3_close,0.30021311342716217
56889,GOOG,2023-05-19,pct_pred_close,0.027082981472795177
56890,GOOG,2023-05-19,filtered_mid_price_t3,0.27156925421374234
56891,GOOG,2023-05-19,filtered_covariance_t3,0.002
56892,GOOG,2023-05-16,signal,1
56893,GOOG,2023-05-16,not_trust,0.0000024973542167572305
56894,GOOG,2023-05-16,is_close,0
56895,GOOG,2023-05-16,final_signal,0
56896,GOOG,2023-05-20,lstm_pred_t3_close,0.28602877259254456
56897,GOOG,2023-05-20,ts_mixer_t3_close,0.33300507068634033
56898,GOOG,2023-05-20,mid_pred_t3_close,0.30951692163944244
56899,GOOG,2023-05-20,pct_pred_close,0.0279469541097851
56900,GOOG,2023-05-20,filtered_mid_price_t3,0.27915878769888236
56901,GOOG,2023-05-20,filtered_covariance_t3,0.002
56902,GOOG,2023-05-17,signal,1
56903,GOOG,2023-05-17,not_trust,0.0000026022044039564207
56904,GOOG,2023-05-17,is_close,0
56905,GOOG,2023-05-17,final_signal,0
56906,GOOG,2023-05-21,lstm_pred_t3_close,0.2973610460758209
56907,GOOG,2023-05-21,ts_mixer_t3_close,0.34429481625556946
56908,GOOG,2023-05-21,mid_pred_t3_close,0.3208279311656952
56909,GOOG,2023-05-21,pct_pred_close,0.029853363249133864
56910,GOOG,2023-05-21,filtered_mid_price_t3,0.28749261639224494
56911,GOOG,2023-05-21,filtered_covariance_t3,0.002
56912,GOOG,2023-05-18,signal,1
56913,GOOG,2023-05-18,not_trust,0.000002902143251048983
56914,GOOG,2023-05-18,is_close,0
56915,GOOG,2023-05-18,final_signal,0
56916,GOOG,2023-05-22,lstm_pred_t3_close,0.30585789680480957
56917,GOOG,2023-05-22,ts_mixer_t3_close,0.35246244072914124
56918,GOOG,2023-05-22,mid_pred_t3_close,0.3291601687669754
56919,GOOG,2023-05-22,pct_pred_close,0.028986867835159004
56920,GOOG,2023-05-22,filtered_mid_price_t3,0.295826126867191
56921,GOOG,2023-05-22,filtered_covariance_t3,0.002
56922,GOOG,2023-05-19,signal,1
56923,GOOG,2023-05-19,not_trust,0.0000036104402170167305
56924,GOOG,2023-05-19,is_close,0
56925,GOOG,2023-05-19,final_signal,0
56926,GOOG,2023-05-23,lstm_pred_t3_close,0.30585789680480957
56927,GOOG,2023-05-23,ts_mixer_t3_close,0.35246244072914124
56928,GOOG,2023-05-23,mid_pred_t3_close,0.3291601687669754
56929,GOOG,2023-05-23,pct_pred_close,0.02253623927865534
56930,GOOG,2023-05-23,filtered_mid_price_t3,0.3024929352471479
56931,GOOG,2023-05-23,filtered_covariance_t3,0.002
56932,GOOG,2023-05-20,signal,1
56933,GOOG,2023-05-20,not_trust,0.0000036104402170167305
56934,GOOG,2023-05-24,lstm_pred_t3_close,0.30585789680480957
56935,GOOG,2023-05-24,ts_mixer_t3_close,0.35246244072914124
56936,GOOG,2023-05-24,mid_pred_t3_close,0.3291601687669754
56937,GOOG,2023-05-24,pct_pred_close,0.01763164055255669
56938,GOOG,2023-05-24,filtered_mid_price_t3,0.3078263819511134
56939,GOOG,2023-05-24,filtered_covariance_t3,0.002
56940,GOOG,2023-05-21,signal,1
56941,GOOG,2023-05-21,not_trust,0.0000036104402170167305
56942,GOOG,2023-05-25,lstm_pred_t3_close,0.3106250464916229
56943,GOOG,2023-05-25,ts_mixer_t3_close,0.35682839155197144
56944,GOOG,2023-05-25,mid_pred_t3_close,0.3337267190217972
56945,GOOG,2023-05-25,pct_pred_close,0.016827886490116996
56946,GOOG,2023-05-25,filtered_mid_price_t3,0.31300644936525013
56947,GOOG,2023-05-25,filtered_covariance_t3,0.002
56948,GOOG,2023-05-22,signal,1
56949,GOOG,2023-05-22,not_trust,0.000004777789399668109
56950,GOOG,2023-05-22,is_close,0
56951,GOOG,2023-05-22,final_signal,0
56952,GOOG,2023-05-26,lstm_pred_t3_close,0.3126837909221649
56953,GOOG,2023-05-26,ts_mixer_t3_close,0.35125818848609924
56954,GOOG,2023-05-26,mid_pred_t3_close,0.3319709897041321
56955,GOOG,2023-05-26,pct_pred_close,0.012117667464897503
56956,GOOG,2023-05-26,filtered_mid_price_t3,0.3167993574330265
56957,GOOG,2023-05-26,filtered_covariance_t3,0.002
56958,GOOG,2023-05-23,signal,1
56959,GOOG,2023-05-23,not_trust,0.000005969985977571923
56960,GOOG,2023-05-23,is_close,0
56961,GOOG,2023-05-23,final_signal,0
56962,GOOG,2023-05-27,lstm_pred_t3_close,0.31133216619491577
56963,GOOG,2023-05-27,ts_mixer_t3_close,0.33960938453674316
56964,GOOG,2023-05-27,mid_pred_t3_close,0.32547077536582947
56965,GOOG,2023-05-27,pct_pred_close,0.0054743911118166335
56966,GOOG,2023-05-27,filtered_mid_price_t3,0.3185336410195871
56967,GOOG,2023-05-27,filtered_covariance_t3,0.002
56968,GOOG,2023-05-24,signal,1
56969,GOOG,2023-05-24,not_trust,0.000015851797797949985
56970,GOOG,2023-05-24,is_close,0
56971,GOOG,2023-05-24,final_signal,0
56972,GOOG,2023-05-28,lstm_pred_t3_close,0.30696406960487366
56973,GOOG,2023-05-28,ts_mixer_t3_close,0.3340258002281189
56974,GOOG,2023-05-28,mid_pred_t3_close,0.3204949349164963
56975,GOOG,2023-05-28,pct_pred_close,0.0012314516549217322
56976,GOOG,2023-05-28,filtered_mid_price_t3,0.3189258997989689
56977,GOOG,2023-05-28,filtered_covariance_t3,0.002
56978,GOOG,2023-05-25,signal,1
56979,GOOG,2023-05-25,not_trust,0.00002467165541020222
56980,GOOG,2023-05-25,is_close,0
56981,GOOG,2023-05-25,final_signal,0
56982,GOOG,2023-05-29,lstm_pred_t3_close,0.3062332570552826
56983,GOOG,2023-05-29,ts_mixer_t3_close,0.33083683252334595
56984,GOOG,2023-05-29,mid_pred_t3_close,0.31853504478931427
56985,GOOG,2023-05-29,pct_pred_close,-0.0002451070984833461
56986,GOOG,2023-05-29,filtered_mid_price_t3,0.318847728797038
56987,GOOG,2023-05-29,filtered_covariance_t3,0.002
56988,GOOG,2023-05-26,signal,1
56989,GOOG,2023-05-26,not_trust,0.00027885817689821124
56990,GOOG,2023-05-26,is_close,0
56991,GOOG,2023-05-26,final_signal,0
56992,GOOG,2023-05-30,lstm_pred_t3_close,0.3062332570552826
56993,GOOG,2023-05-30,ts_mixer_t3_close,0.33083683252334595
56994,GOOG,2023-05-30,mid_pred_t3_close,0.31853504478931427
56995,GOOG,2023-05-30,pct_pred_close,-0.00019613375256164711
56996,GOOG,2023-05-30,filtered_mid_price_t3,0.31878519199549327
56997,GOOG,2023-05-30,filtered_covariance_t3,0.002
56998,GOOG,2023-05-27,signal,1
56999,GOOG,2023-05-27,not_trust,0.00027885817689821124
57000,GOOG,2023-05-31,lstm_pred_t3_close,0.3062332570552826
57001,GOOG,2023-05-31,ts_mixer_t3_close,0.33083683252334595
57002,GOOG,2023-05-31,mid_pred_t3_close,0.31853504478931427
57003,GOOG,2023-05-31,pct_pred_close,-0.0001569377828455859
57004,GOOG,2023-05-31,filtered_mid_price_t3,0.3187351625542575
57005,GOOG,2023-05-31,filtered_covariance_t3,0.002
57006,GOOG,2023-05-28,signal,-1
57007,GOOG,2023-05-28,not_trust,0.00027885817689821124
57008,GOOG,2023-06-01,lstm_pred_t3_close,0.30623286962509155
57009,GOOG,2023-06-01,ts_mixer_t3_close,0.3308381736278534
57010,GOOG,2023-06-01,mid_pred_t3_close,0.3185355216264725
57011,GOOG,2023-06-01,pct_pred_close,-0.00012527072707324595
57012,GOOG,2023-06-01,filtered_mid_price_t3,0.3186952343687005
57013,GOOG,2023-06-01,filtered_covariance_t3,0.002
57014,GOOG,2023-05-29,signal,-1
57015,GOOG,2023-05-29,not_trust,0.00027885870076715946
57016,GOOG,2023-06-02,lstm_pred_t3_close,0.3071168065071106
57017,GOOG,2023-06-02,ts_mixer_t3_close,0.33525922894477844
57018,GOOG,2023-06-02,mid_pred_t3_close,0.3211880177259445
57019,GOOG,2023-06-02,pct_pred_close,0.0015643681413573978
57020,GOOG,2023-06-02,filtered_mid_price_t3,0.31919379104014933
57021,GOOG,2023-06-02,filtered_covariance_t3,0.002
57022,GOOG,2023-05-30,signal,1
57023,GOOG,2023-05-30,not_trust,0.0013288750778883696
57024,GOOG,2023-05-30,is_close,0
57025,GOOG,2023-05-30,final_signal,0
57026,GOOG,2023-06-03,lstm_pred_t3_close,0.3057155907154083
57027,GOOG,2023-06-03,ts_mixer_t3_close,0.334021657705307
57028,GOOG,2023-06-03,mid_pred_t3_close,0.31986862421035767
57029,GOOG,2023-06-03,pct_pred_close,0.00042283602573174757
57030,GOOG,2023-06-03,filtered_mid_price_t3,0.319328757674191
57031,GOOG,2023-06-03,filtered_covariance_t3,0.002
57032,GOOG,2023-05-31,signal,1
57033,GOOG,2023-05-31,not_trust,0.024338455870747566
57034,GOOG,2023-05-31,is_close,0
57035,GOOG,2023-05-31,final_signal,0
57036,GOOG,2023-06-04,lstm_pred_t3_close,0.30504488945007324
57037,GOOG,2023-06-04,ts_mixer_t3_close,0.3354731798171997
57038,GOOG,2023-06-04,mid_pred_t3_close,0.3202590346336365
57039,GOOG,2023-06-04,pct_pred_close,0.000582645275183534
57040,GOOG,2023-06-04,filtered_mid_price_t3,0.3195148130660801
57041,GOOG,2023-06-04,filtered_covariance_t3,0.002
57042,GOOG,2023-06-01,signal,1
57043,GOOG,2023-06-01,not_trust,0.03499513491988182
57044,GOOG,2023-06-01,is_close,0
57045,GOOG,2023-06-01,final_signal,0
57046,GOOG,2023-06-05,lstm_pred_t3_close,0.3068088889122009
57047,GOOG,2023-06-05,ts_mixer_t3_close,0.3472493588924408
57048,GOOG,2023-06-05,mid_pred_t3_close,0.32702912390232086
57049,GOOG,2023-06-05,pct_pred_close,0.00470357587752071
57050,GOOG,2023-06-05,filtered_mid_price_t3,0.32101767523332825
57051,GOOG,2023-06-05,filtered_covariance_t3,0.002
57052,GOOG,2023-06-02,signal,1
57053,GOOG,2023-06-02,not_trust,0.00019840012828353792
57054,GOOG,2023-06-02,is_close,0
57055,GOOG,2023-06-02,final_signal,0
57056,GOOG,2023-06-06,lstm_pred_t3_close,0.3068084120750427
57057,GOOG,2023-06-06,ts_mixer_t3_close,0.3472508490085602
57058,GOOG,2023-06-06,mid_pred_t3_close,0.32702963054180145
57059,GOOG,2023-06-06,pct_pred_close,0.0037455603054276487
57060,GOOG,2023-06-06,filtered_mid_price_t3,0.32222006629502287
57061,GOOG,2023-06-06,filtered_covariance_t3,0.002
57062,GOOG,2023-06-03,signal,1
57063,GOOG,2023-06-03,not_trust,0.0001983989932341501
57064,GOOG,2023-06-07,lstm_pred_t3_close,0.3068084120750427
57065,GOOG,2023-06-07,ts_mixer_t3_close,0.3472508490085602
57066,GOOG,2023-06-07,mid_pred_t3_close,0.32702963054180145
57067,GOOG,2023-06-07,pct_pred_close,0.002985266747710815
57068,GOOG,2023-06-07,filtered_mid_price_t3,0.3231819791443786
57069,GOOG,2023-06-07,filtered_covariance_t3,0.002
57070,GOOG,2023-06-04,signal,1
57071,GOOG,2023-06-04,not_trust,0.0001983989932341501
57072,GOOG,2023-06-08,lstm_pred_t3_close,0.3126891255378723
57073,GOOG,2023-06-08,ts_mixer_t3_close,0.36451074481010437
57074,GOOG,2023-06-08,mid_pred_t3_close,0.33859993517398834
57075,GOOG,2023-06-08,pct_pred_close,0.009541346377312632
57076,GOOG,2023-06-08,filtered_mid_price_t3,0.3262655703503005
57077,GOOG,2023-06-08,filtered_covariance_t3,0.002
57078,GOOG,2023-06-05,signal,1
57079,GOOG,2023-06-05,not_trust,0.000051466748118400574
57080,GOOG,2023-06-05,is_close,0
57081,GOOG,2023-06-05,final_signal,0
57082,GOOG,2023-06-09,lstm_pred_t3_close,0.3195607662200928
57083,GOOG,2023-06-09,ts_mixer_t3_close,0.36898866295814514
57084,GOOG,2023-06-09,mid_pred_t3_close,0.34427471458911896
57085,GOOG,2023-06-09,pct_pred_close,0.011039561556852297
57086,GOOG,2023-06-09,filtered_mid_price_t3,0.3298673991980642
57087,GOOG,2023-06-09,filtered_covariance_t3,0.002
57088,GOOG,2023-06-06,signal,1
57089,GOOG,2023-06-06,not_trust,0.000018436912796460092
57090,GOOG,2023-06-06,is_close,0
57091,GOOG,2023-06-06,final_signal,0
57092,GOOG,2023-06-10,lstm_pred_t3_close,0.323477566242218
57093,GOOG,2023-06-10,ts_mixer_t3_close,0.3752722442150116
57094,GOOG,2023-06-10,mid_pred_t3_close,0.3493749052286148
57095,GOOG,2023-06-10,pct_pred_close,0.01182748345424551
57096,GOOG,2023-06-10,filtered_mid_price_t3,0.3337689004041743
57097,GOOG,2023-06-10,filtered_covariance_t3,0.002
57098,GOOG,2023-06-07,signal,1
57099,GOOG,2023-06-07,not_trust,0.00001532002897874918
57100,GOOG,2023-06-07,is_close,0
57101,GOOG,2023-06-07,final_signal,0
57102,GOOG,2023-06-11,lstm_pred_t3_close,0.32132673263549805
57103,GOOG,2023-06-11,ts_mixer_t3_close,0.37922951579093933
57104,GOOG,2023-06-11,mid_pred_t3_close,0.3502781242132187
57105,GOOG,2023-06-11,pct_pred_close,0.009892607603076723
57106,GOOG,2023-06-11,filtered_mid_price_t3,0.3370707451659832
57107,GOOG,2023-06-11,filtered_covariance_t3,0.002
57108,GOOG,2023-06-08,signal,1
57109,GOOG,2023-06-08,not_trust,0.00003114441642537713
57110,GOOG,2023-06-08,is_close,0
57111,GOOG,2023-06-08,final_signal,0
57112,GOOG,2023-06-12,lstm_pred_t3_close,0.31796014308929443
57113,GOOG,2023-06-12,ts_mixer_t3_close,0.38306528329849243
57114,GOOG,2023-06-12,mid_pred_t3_close,0.35051271319389343
57115,GOOG,2023-06-12,pct_pred_close,0.007975754775924559
57116,GOOG,2023-06-12,filtered_mid_price_t3,0.3397591387715652
57117,GOOG,2023-06-12,filtered_covariance_t3,0.002
57118,GOOG,2023-06-09,signal,1
57119,GOOG,2023-06-09,not_trust,0.000058208112022839487
57120,GOOG,2023-06-09,is_close,0
57121,GOOG,2023-06-09,final_signal,0
57122,GOOG,2023-06-13,lstm_pred_t3_close,0.31796035170555115
57123,GOOG,2023-06-13,ts_mixer_t3_close,0.3830645680427551
57124,GOOG,2023-06-13,mid_pred_t3_close,0.35051245987415314
57125,GOOG,2023-06-13,pct_pred_close,0.0063299672476611665
57126,GOOG,2023-06-13,filtered_mid_price_t3,0.3419098029920828
57127,GOOG,2023-06-13,filtered_covariance_t3,0.002
57128,GOOG,2023-06-10,signal,1
57129,GOOG,2023-06-10,not_trust,0.000058211553550790995
57130,GOOG,2023-06-14,lstm_pred_t3_close,0.31796035170555115
57131,GOOG,2023-06-14,ts_mixer_t3_close,0.3830645680427551
57132,GOOG,2023-06-14,mid_pred_t3_close,0.35051245987415314
57133,GOOG,2023-06-14,pct_pred_close,0.005032120639296008
57134,GOOG,2023-06-14,filtered_mid_price_t3,0.3436303343684969
57135,GOOG,2023-06-14,filtered_covariance_t3,0.002
57136,GOOG,2023-06-11,signal,1
57137,GOOG,2023-06-11,not_trust,0.000058211553550790995
57138,GOOG,2023-06-15,lstm_pred_t3_close,0.3175341486930847
57139,GOOG,2023-06-15,ts_mixer_t3_close,0.3821225166320801
57140,GOOG,2023-06-15,mid_pred_t3_close,0.3498283326625824
57141,GOOG,2023-06-15,pct_pred_close,0.003607363887402879
57142,GOOG,2023-06-15,filtered_mid_price_t3,0.344869934027314
57143,GOOG,2023-06-15,filtered_covariance_t3,0.002
57144,GOOG,2023-06-12,signal,1
57145,GOOG,2023-06-12,not_trust,0.000017959489923669025
57146,GOOG,2023-06-12,is_close,0
57147,GOOG,2023-06-12,final_signal,0
57148,GOOG,2023-06-16,lstm_pred_t3_close,0.3201630711555481
57149,GOOG,2023-06-16,ts_mixer_t3_close,0.387513130903244
57150,GOOG,2023-06-16,mid_pred_t3_close,0.35383810102939606
57151,GOOG,2023-06-16,pct_pred_close,0.005200898145775682
57152,GOOG,2023-06-16,filtered_mid_price_t3,0.3466635674277304
57153,GOOG,2023-06-16,filtered_covariance_t3,0.002
57154,GOOG,2023-06-13,signal,1
57155,GOOG,2023-06-13,not_trust,0.0000036589153751265258
57156,GOOG,2023-06-13,is_close,0
57157,GOOG,2023-06-13,final_signal,0
57158,GOOG,2023-06-17,lstm_pred_t3_close,0.32453590631484985
57159,GOOG,2023-06-17,ts_mixer_t3_close,0.3812469244003296
57160,GOOG,2023-06-17,mid_pred_t3_close,0.3528914153575897
57161,GOOG,2023-06-17,pct_pred_close,0.003593021312317598
57162,GOOG,2023-06-17,filtered_mid_price_t3,0.3479091370137023
57163,GOOG,2023-06-17,filtered_covariance_t3,0.002
57164,GOOG,2023-06-14,signal,1
57165,GOOG,2023-06-14,not_trust,0.0000012186549156467663
57166,GOOG,2023-06-14,is_close,0
57167,GOOG,2023-06-14,final_signal,0
57168,GOOG,2023-06-18,lstm_pred_t3_close,0.33105167746543884
57169,GOOG,2023-06-18,ts_mixer_t3_close,0.37494534254074097
57170,GOOG,2023-06-18,mid_pred_t3_close,0.3529985100030899
57171,GOOG,2023-06-18,pct_pred_close,0.0029256909048566058
57172,GOOG,2023-06-18,filtered_mid_price_t3,0.3489270116115798
57173,GOOG,2023-06-18,filtered_covariance_t3,0.002
57174,GOOG,2023-06-15,signal,1
57175,GOOG,2023-06-15,not_trust,0.0000005864837930857902
57176,GOOG,2023-06-15,is_close,0
57177,GOOG,2023-06-15,final_signal,0
57178,GOOG,2023-06-19,lstm_pred_t3_close,0.33354902267456055
57179,GOOG,2023-06-19,ts_mixer_t3_close,0.3648901581764221
57180,GOOG,2023-06-19,mid_pred_t3_close,0.34921959042549133
57181,GOOG,2023-06-19,pct_pred_close,0.00016770201456188025
57182,GOOG,2023-06-19,filtered_mid_price_t3,0.3489855273743621
57183,GOOG,2023-06-19,filtered_covariance_t3,0.002
57184,GOOG,2023-06-16,signal,1
57185,GOOG,2023-06-16,not_trust,0.0000008740490216041508
57186,GOOG,2023-06-16,is_close,0
57187,GOOG,2023-06-16,final_signal,0
57188,GOOG,2023-06-20,lstm_pred_t3_close,0.33354830741882324
57189,GOOG,2023-06-20,ts_mixer_t3_close,0.3648926615715027
57190,GOOG,2023-06-20,mid_pred_t3_close,0.34922048449516296
57191,GOOG,2023-06-20,pct_pred_close,0.0001346514983406153
57192,GOOG,2023-06-20,filtered_mid_price_t3,0.34903251879852226
57193,GOOG,2023-06-20,filtered_covariance_t3,0.002
57194,GOOG,2023-06-17,signal,1
57195,GOOG,2023-06-17,not_trust,0.0000008739431223148131
57196,GOOG,2023-06-21,lstm_pred_t3_close,0.33354830741882324
57197,GOOG,2023-06-21,ts_mixer_t3_close,0.3648926615715027
57198,GOOG,2023-06-21,mid_pred_t3_close,0.34922048449516296
57199,GOOG,2023-06-21,pct_pred_close,0.00010770669580464809
57200,GOOG,2023-06-21,filtered_mid_price_t3,0.3490701119378504
57201,GOOG,2023-06-21,filtered_covariance_t3,0.002
57202,GOOG,2023-06-18,signal,1
57203,GOOG,2023-06-18,not_trust,0.0000008739431223148131
57204,GOOG,2023-06-22,lstm_pred_t3_close,0.33354830741882324
57205,GOOG,2023-06-22,ts_mixer_t3_close,0.3648926615715027
57206,GOOG,2023-06-22,mid_pred_t3_close,0.34922048449516296
57207,GOOG,2023-06-22,pct_pred_close,0.00008615607705733513
57208,GOOG,2023-06-22,filtered_mid_price_t3,0.34910018644931295
57209,GOOG,2023-06-22,filtered_covariance_t3,0.002
57210,GOOG,2023-06-19,signal,1
57211,GOOG,2023-06-19,not_trust,0.0000008739431223148131
57212,GOOG,2023-06-23,lstm_pred_t3_close,0.33207574486732483
57213,GOOG,2023-06-23,ts_mixer_t3_close,0.3511396050453186
57214,GOOG,2023-06-23,mid_pred_t3_close,0.3416076749563217
57215,GOOG,2023-06-23,pct_pred_close,-0.004292470633830047
57216,GOOG,2023-06-23,filtered_mid_price_t3,0.3476016841507147
57217,GOOG,2023-06-23,filtered_covariance_t3,0.002
57218,GOOG,2023-06-20,signal,-1
57219,GOOG,2023-06-20,not_trust,0.000006313057383522391
57220,GOOG,2023-06-20,is_close,1
57221,GOOG,2023-06-20,final_signal,-1
57222,GOOG,2023-06-24,lstm_pred_t3_close,0.32393842935562134
57223,GOOG,2023-06-24,ts_mixer_t3_close,0.3337709903717041
57224,GOOG,2023-06-24,mid_pred_t3_close,0.3288547098636627
57225,GOOG,2023-06-24,pct_pred_close,-0.010786469192665656
57226,GOOG,2023-06-24,filtered_mid_price_t3,0.3438522892933043
57227,GOOG,2023-06-24,filtered_covariance_t3,0.002
57228,GOOG,2023-06-21,signal,-1
57229,GOOG,2023-06-21,not_trust,0.0006886221817694604
57230,GOOG,2023-06-21,is_close,0
57231,GOOG,2023-06-21,final_signal,0
57232,GOOG,2023-06-25,lstm_pred_t3_close,0.32133471965789795
57233,GOOG,2023-06-25,ts_mixer_t3_close,0.34429311752319336
57234,GOOG,2023-06-25,mid_pred_t3_close,0.33281391859054565
57235,GOOG,2023-06-25,pct_pred_close,-0.0064204142572062235
57236,GOOG,2023-06-25,filtered_mid_price_t3,0.3416446151527526
57237,GOOG,2023-06-25,filtered_covariance_t3,0.002
57238,GOOG,2023-06-22,signal,-1
57239,GOOG,2023-06-22,not_trust,0.0010253447107970715
57240,GOOG,2023-06-22,is_close,0
57241,GOOG,2023-06-22,final_signal,0
57242,GOOG,2023-06-26,lstm_pred_t3_close,0.3215333819389343
57243,GOOG,2023-06-26,ts_mixer_t3_close,0.352353572845459
57244,GOOG,2023-06-26,mid_pred_t3_close,0.33694347739219666
57245,GOOG,2023-06-26,pct_pred_close,-0.0027520631393262883
57246,GOOG,2023-06-26,filtered_mid_price_t3,0.34070438760064137
57247,GOOG,2023-06-26,filtered_covariance_t3,0.002
57248,GOOG,2023-06-23,signal,-1
57249,GOOG,2023-06-23,not_trust,0.000023811091523384675
57250,GOOG,2023-06-23,is_close,0
57251,GOOG,2023-06-23,final_signal,0
57252,GOOG,2023-06-27,lstm_pred_t3_close,0.32153254747390747
57253,GOOG,2023-06-27,ts_mixer_t3_close,0.3523573577404022
57254,GOOG,2023-06-27,mid_pred_t3_close,0.33694495260715485
57255,GOOG,2023-06-27,pct_pred_close,-0.0022068603342398256
57256,GOOG,2023-06-27,filtered_mid_price_t3,0.33995250060194404
57257,GOOG,2023-06-27,filtered_covariance_t3,0.002
57258,GOOG,2023-06-24,signal,-1
57259,GOOG,2023-06-24,not_trust,0.000023803169824532233
57260,GOOG,2023-06-28,lstm_pred_t3_close,0.32153254747390747
57261,GOOG,2023-06-28,ts_mixer_t3_close,0.3523573577404022
57262,GOOG,2023-06-28,mid_pred_t3_close,0.33694495260715485
57263,GOOG,2023-06-28,pct_pred_close,-0.0017693930707753354
57264,GOOG,2023-06-28,filtered_mid_price_t3,0.3393509910029862
57265,GOOG,2023-06-28,filtered_covariance_t3,0.002
57266,GOOG,2023-06-25,signal,-1
57267,GOOG,2023-06-25,not_trust,0.000023803169824532233
57268,GOOG,2023-06-29,lstm_pred_t3_close,0.3154911994934082
57269,GOOG,2023-06-29,ts_mixer_t3_close,0.33125200867652893
57270,GOOG,2023-06-29,mid_pred_t3_close,0.32337160408496857
57271,GOOG,2023-06-29,pct_pred_close,-0.009417616180102532
57272,GOOG,2023-06-29,filtered_mid_price_t3,0.33615511361938266
57273,GOOG,2023-06-29,filtered_covariance_t3,0.002
57274,GOOG,2023-06-26,signal,-1
57275,GOOG,2023-06-26,not_trust,0.000005502298336068634
57276,GOOG,2023-06-26,is_close,0
57277,GOOG,2023-06-26,final_signal,0
57278,GOOG,2023-06-30,lstm_pred_t3_close,0.30599117279052734
57279,GOOG,2023-06-30,ts_mixer_t3_close,0.29883038997650146
57280,GOOG,2023-06-30,mid_pred_t3_close,0.3024107813835144
57281,GOOG,2023-06-30,pct_pred_close,-0.02007664370923469
57282,GOOG,2023-06-30,filtered_mid_price_t3,0.329406247172209
57283,GOOG,2023-06-30,filtered_covariance_t3,0.002
57284,GOOG,2023-06-27,signal,-1
57285,GOOG,2023-06-27,not_trust,0.0000026174441245530033
57286,GOOG,2023-06-27,is_close,0
57287,GOOG,2023-06-27,final_signal,0
57288,GOOG,2023-07-01,lstm_pred_t3_close,0.3011935353279114
57289,GOOG,2023-07-01,ts_mixer_t3_close,0.31289634108543396
57290,GOOG,2023-07-01,mid_pred_t3_close,0.30704493820667267
57291,GOOG,2023-07-01,pct_pred_close,-0.013576736420451804
57292,GOOG,2023-07-01,filtered_mid_price_t3,0.32493398537910173
57293,GOOG,2023-07-01,filtered_covariance_t3,0.002
57294,GOOG,2023-06-28,signal,-1
57295,GOOG,2023-06-28,not_trust,0.0000030209992019081255
57296,GOOG,2023-06-28,is_close,0
57297,GOOG,2023-06-28,final_signal,0
57298,GOOG,2023-07-02,lstm_pred_t3_close,0.29899778962135315
57299,GOOG,2023-07-02,ts_mixer_t3_close,0.3137686848640442
57300,GOOG,2023-07-02,mid_pred_t3_close,0.30638323724269867
57301,GOOG,2023-07-02,pct_pred_close,-0.011418164286361016
57302,GOOG,2023-07-02,filtered_mid_price_t3,0.3212238357518211
57303,GOOG,2023-07-02,filtered_covariance_t3,0.002
57304,GOOG,2023-06-29,signal,-1
57305,GOOG,2023-06-29,not_trust,0.000022219022866920568
57306,GOOG,2023-06-29,is_close,0
57307,GOOG,2023-06-29,final_signal,0
57308,GOOG,2023-07-03,lstm_pred_t3_close,0.29953932762145996
57309,GOOG,2023-07-03,ts_mixer_t3_close,0.3216596841812134
57310,GOOG,2023-07-03,mid_pred_t3_close,0.31059950590133667
57311,GOOG,2023-07-03,pct_pred_close,-0.006614907530518837
57312,GOOG,2023-07-03,filtered_mid_price_t3,0.31909896978172425
57313,GOOG,2023-07-03,filtered_covariance_t3,0.002
57314,GOOG,2023-06-30,signal,-1
57315,GOOG,2023-06-30,not_trust,0.001966591225937009
57316,GOOG,2023-06-30,is_close,0
57317,GOOG,2023-06-30,final_signal,0
57318,GOOG,2023-07-04,lstm_pred_t3_close,0.2995396852493286
57319,GOOG,2023-07-04,ts_mixer_t3_close,0.32165831327438354
57320,GOOG,2023-07-04,mid_pred_t3_close,0.3105989992618561
57321,GOOG,2023-07-04,pct_pred_close,-0.005327482270270273
57322,GOOG,2023-07-04,filtered_mid_price_t3,0.3173989756777506
57323,GOOG,2023-07-04,filtered_covariance_t3,0.002
57324,GOOG,2023-07-01,signal,-1
57325,GOOG,2023-07-01,not_trust,0.001966026145964861
57326,GOOG,2023-07-05,lstm_pred_t3_close,0.2995396852493286
57327,GOOG,2023-07-05,ts_mixer_t3_close,0.32165831327438354
57328,GOOG,2023-07-05,mid_pred_t3_close,0.3105989992618561
57329,GOOG,2023-07-05,pct_pred_close,-0.00428481308194172
57330,GOOG,2023-07-05,filtered_mid_price_t3,0.3160389803945717
57331,GOOG,2023-07-05,filtered_covariance_t3,0.002
57332,GOOG,2023-07-02,signal,-1
57333,GOOG,2023-07-02,not_trust,0.001966026145964861
57334,GOOG,2023-07-06,lstm_pred_t3_close,0.3013747036457062
57335,GOOG,2023-07-06,ts_mixer_t3_close,0.3203335702419281
57336,GOOG,2023-07-06,mid_pred_t3_close,0.31085413694381714
57337,GOOG,2023-07-06,pct_pred_close,-0.0032811417403519724
57338,GOOG,2023-07-06,filtered_mid_price_t3,0.31500201170442077
57339,GOOG,2023-07-06,filtered_covariance_t3,0.002
57340,GOOG,2023-07-03,signal,-1
57341,GOOG,2023-07-03,not_trust,0.9400395154953003
57342,GOOG,2023-07-03,is_close,0
57343,GOOG,2023-07-03,final_signal,0
57344,GOOG,2023-07-07,lstm_pred_t3_close,0.30137431621551514
57345,GOOG,2023-07-07,ts_mixer_t3_close,0.32033485174179077
57346,GOOG,2023-07-07,mid_pred_t3_close,0.31085458397865295
57347,GOOG,2023-07-07,pct_pred_close,-0.002633270627909171
57348,GOOG,2023-07-07,filtered_mid_price_t3,0.3141725261592672
57349,GOOG,2023-07-07,filtered_covariance_t3,0.002
57350,GOOG,2023-07-04,signal,-1
57351,GOOG,2023-07-04,not_trust,0.9400560259819031
57352,GOOG,2023-07-08,lstm_pred_t3_close,0.30716484785079956
57353,GOOG,2023-07-08,ts_mixer_t3_close,0.34420159459114075
57354,GOOG,2023-07-08,mid_pred_t3_close,0.32568322122097015
57355,GOOG,2023-07-08,pct_pred_close,0.00732762676763645
57356,GOOG,2023-07-08,filtered_mid_price_t3,0.3164746651716078
57357,GOOG,2023-07-08,filtered_covariance_t3,0.002
57358,GOOG,2023-07-05,signal,1
57359,GOOG,2023-07-05,not_trust,0.4858570098876953
57360,GOOG,2023-07-05,is_close,1
57361,GOOG,2023-07-05,final_signal,0
57362,GOOG,2023-07-09,lstm_pred_t3_close,0.3115760087966919
57363,GOOG,2023-07-09,ts_mixer_t3_close,0.3514391779899597
57364,GOOG,2023-07-09,mid_pred_t3_close,0.3315075933933258
57365,GOOG,2023-07-09,pct_pred_close,0.009500241173217669
57366,GOOG,2023-07-09,filtered_mid_price_t3,0.3194812508159514
57367,GOOG,2023-07-09,filtered_covariance_t3,0.002
57368,GOOG,2023-07-06,signal,1
57369,GOOG,2023-07-06,not_trust,0.025918377563357353
57370,GOOG,2023-07-06,is_close,0
57371,GOOG,2023-07-06,final_signal,1
57372,GOOG,2023-07-10,lstm_pred_t3_close,0.3111988306045532
57373,GOOG,2023-07-10,ts_mixer_t3_close,0.34508153796195984
57374,GOOG,2023-07-10,mid_pred_t3_close,0.32814018428325653
57375,GOOG,2023-07-10,pct_pred_close,0.005420620737642852
57376,GOOG,2023-07-10,filtered_mid_price_t3,0.32121303750941244
57377,GOOG,2023-07-10,filtered_covariance_t3,0.002
57378,GOOG,2023-07-07,signal,1
57379,GOOG,2023-07-07,not_trust,0.3213377296924591
57380,GOOG,2023-07-07,is_close,0
57381,GOOG,2023-07-07,final_signal,0
57382,GOOG,2023-07-11,lstm_pred_t3_close,0.3111988306045532
57383,GOOG,2023-07-11,ts_mixer_t3_close,0.34508153796195984
57384,GOOG,2023-07-11,mid_pred_t3_close,0.32814018428325653
57385,GOOG,2023-07-11,pct_pred_close,0.004313116819637877
57386,GOOG,2023-07-11,filtered_mid_price_t3,0.32259846686418125
57387,GOOG,2023-07-11,filtered_covariance_t3,0.002
57388,GOOG,2023-07-08,signal,1
57389,GOOG,2023-07-08,not_trust,0.3213377296924591
57390,GOOG,2023-07-12,lstm_pred_t3_close,0.3111988306045532
57391,GOOG,2023-07-12,ts_mixer_t3_close,0.34508153796195984
57392,GOOG,2023-07-12,mid_pred_t3_close,0.32814018428325653
57393,GOOG,2023-07-12,pct_pred_close,0.0034356749881321795
57394,GOOG,2023-07-12,filtered_mid_price_t3,0.3237068103479963
57395,GOOG,2023-07-12,filtered_covariance_t3,0.002
57396,GOOG,2023-07-09,signal,1
57397,GOOG,2023-07-09,not_trust,0.3213377296924591
57398,GOOG,2023-07-13,lstm_pred_t3_close,0.30244797468185425
57399,GOOG,2023-07-13,ts_mixer_t3_close,0.3327779769897461
57400,GOOG,2023-07-13,mid_pred_t3_close,0.31761297583580017
57401,GOOG,2023-07-13,pct_pred_close,-0.0037650332445245717
57402,GOOG,2023-07-13,filtered_mid_price_t3,0.3224880434455571
57403,GOOG,2023-07-13,filtered_covariance_t3,0.002
57404,GOOG,2023-07-10,signal,1
57405,GOOG,2023-07-10,not_trust,0.943970799446106
57406,GOOG,2023-07-10,is_close,0
57407,GOOG,2023-07-10,final_signal,0
57408,GOOG,2023-07-14,lstm_pred_t3_close,0.29384827613830566
57409,GOOG,2023-07-14,ts_mixer_t3_close,0.32617563009262085
57410,GOOG,2023-07-14,mid_pred_t3_close,0.31001195311546326
57411,GOOG,2023-07-14,pct_pred_close,-0.0077373971430355175
57412,GOOG,2023-07-14,filtered_mid_price_t3,0.3199928253795383
57413,GOOG,2023-07-14,filtered_covariance_t3,0.002
57414,GOOG,2023-07-11,signal,-1
57415,GOOG,2023-07-11,not_trust,0.21915297210216522
57416,GOOG,2023-07-11,is_close,1
57417,GOOG,2023-07-11,final_signal,-1
57418,GOOG,2023-07-15,lstm_pred_t3_close,0.29119476675987244
57419,GOOG,2023-07-15,ts_mixer_t3_close,0.3460947275161743
57420,GOOG,2023-07-15,mid_pred_t3_close,0.3186447471380234
57421,GOOG,2023-07-15,pct_pred_close,-0.0008425677918971493
57422,GOOG,2023-07-15,filtered_mid_price_t3,0.31972320973123536
57423,GOOG,2023-07-15,filtered_covariance_t3,0.002
57424,GOOG,2023-07-12,signal,-1
57425,GOOG,2023-07-12,not_trust,0.6934268474578857
57426,GOOG,2023-07-12,is_close,0
57427,GOOG,2023-07-12,final_signal,0
57428,GOOG,2023-07-16,lstm_pred_t3_close,0.2999305725097656
57429,GOOG,2023-07-16,ts_mixer_t3_close,0.37426891922950745
57430,GOOG,2023-07-16,mid_pred_t3_close,0.33709974586963654
57431,GOOG,2023-07-16,pct_pred_close,0.010869737078523787
57432,GOOG,2023-07-16,filtered_mid_price_t3,0.3231985169589156
57433,GOOG,2023-07-16,filtered_covariance_t3,0.002
57434,GOOG,2023-07-13,signal,1
57435,GOOG,2023-07-13,not_trust,0.0022461549378931522
57436,GOOG,2023-07-13,is_close,1
57437,GOOG,2023-07-13,final_signal,1
57438,GOOG,2023-07-17,lstm_pred_t3_close,0.3144395351409912
57439,GOOG,2023-07-17,ts_mixer_t3_close,0.3908250629901886
57440,GOOG,2023-07-17,mid_pred_t3_close,0.3526322990655899
57441,GOOG,2023-07-17,pct_pred_close,0.01821405765325081
57442,GOOG,2023-07-17,filtered_mid_price_t3,0.32908527338025045
57443,GOOG,2023-07-17,filtered_covariance_t3,0.002
57444,GOOG,2023-07-14,signal,1
57445,GOOG,2023-07-14,not_trust,0.00008818897913442925
57446,GOOG,2023-07-14,is_close,0
57447,GOOG,2023-07-14,final_signal,0
57448,GOOG,2023-07-18,lstm_pred_t3_close,0.3144395351409912
57449,GOOG,2023-07-18,ts_mixer_t3_close,0.3908250629901886
57450,GOOG,2023-07-18,mid_pred_t3_close,0.3526322990655899
57451,GOOG,2023-07-18,pct_pred_close,0.014310592171732655
57452,GOOG,2023-07-18,filtered_mid_price_t3,0.33379467851731837
57453,GOOG,2023-07-18,filtered_covariance_t3,0.002
57454,GOOG,2023-07-15,signal,1
57455,GOOG,2023-07-15,not_trust,0.00008818897913442925
57456,GOOG,2023-07-19,lstm_pred_t3_close,0.3144395351409912
57457,GOOG,2023-07-19,ts_mixer_t3_close,0.3908250629901886
57458,GOOG,2023-07-19,mid_pred_t3_close,0.3526322990655899
57459,GOOG,2023-07-19,pct_pred_close,0.01128695078779944
57460,GOOG,2023-07-19,filtered_mid_price_t3,0.3375622026269727
57461,GOOG,2023-07-19,filtered_covariance_t3,0.002
57462,GOOG,2023-07-16,signal,1
57463,GOOG,2023-07-16,not_trust,0.00008818897913442925
57464,GOOG,2023-07-20,lstm_pred_t3_close,0.3264663815498352
57465,GOOG,2023-07-20,ts_mixer_t3_close,0.391955703496933
57466,GOOG,2023-07-20,mid_pred_t3_close,0.3592110425233841
57467,GOOG,2023-07-20,pct_pred_close,0.012826578170148305
57468,GOOG,2023-07-20,filtered_mid_price_t3,0.341891970606255
57469,GOOG,2023-07-20,filtered_covariance_t3,0.002
57470,GOOG,2023-07-17,signal,1
57471,GOOG,2023-07-17,not_trust,0.000013273676813696511
57472,GOOG,2023-07-17,is_close,0
57473,GOOG,2023-07-17,final_signal,0
57474,GOOG,2023-07-21,lstm_pred_t3_close,0.3319961428642273
57475,GOOG,2023-07-21,ts_mixer_t3_close,0.38824838399887085
57476,GOOG,2023-07-21,mid_pred_t3_close,0.3601222634315491
57477,GOOG,2023-07-21,pct_pred_close,0.010664358565056441
57478,GOOG,2023-07-21,filtered_mid_price_t3,0.3455380291713138
57479,GOOG,2023-07-21,filtered_covariance_t3,0.002
57480,GOOG,2023-07-18,signal,1
57481,GOOG,2023-07-18,not_trust,0.00002616033816593699
57482,GOOG,2023-07-18,is_close,0
57483,GOOG,2023-07-18,final_signal,0
57484,GOOG,2023-07-22,lstm_pred_t3_close,0.32967182993888855
57485,GOOG,2023-07-22,ts_mixer_t3_close,0.37141117453575134
57486,GOOG,2023-07-22,mid_pred_t3_close,0.35054150223731995
57487,GOOG,2023-07-22,pct_pred_close,0.0028960476958242508
57488,GOOG,2023-07-22,filtered_mid_price_t3,0.34653872378451506
57489,GOOG,2023-07-22,filtered_covariance_t3,0.002
57490,GOOG,2023-07-19,signal,1
57491,GOOG,2023-07-19,not_trust,0.030189843848347664
57492,GOOG,2023-07-19,is_close,0
57493,GOOG,2023-07-19,final_signal,0
57494,GOOG,2023-07-23,lstm_pred_t3_close,0.3184535801410675
57495,GOOG,2023-07-23,ts_mixer_t3_close,0.35441476106643677
57496,GOOG,2023-07-23,mid_pred_t3_close,0.33643417060375214
57497,GOOG,2023-07-23,pct_pred_close,-0.005831702195017045
57498,GOOG,2023-07-23,filtered_mid_price_t3,0.3445178131483625
57499,GOOG,2023-07-23,filtered_covariance_t3,0.002
57500,GOOG,2023-07-20,signal,1
57501,GOOG,2023-07-20,not_trust,0.9935604333877563
57502,GOOG,2023-07-20,is_close,0
57503,GOOG,2023-07-20,final_signal,0
57504,GOOG,2023-07-24,lstm_pred_t3_close,0.3057124614715576
57505,GOOG,2023-07-24,ts_mixer_t3_close,0.3455186188220978
57506,GOOG,2023-07-24,mid_pred_t3_close,0.3256155401468277
57507,GOOG,2023-07-24,pct_pred_close,-0.010973176004339003
57508,GOOG,2023-07-24,filtered_mid_price_t3,0.34073735854805554
57509,GOOG,2023-07-24,filtered_covariance_t3,0.002
57510,GOOG,2023-07-21,signal,-1
57511,GOOG,2023-07-21,not_trust,0.0018059262074530125
57512,GOOG,2023-07-21,is_close,1
57513,GOOG,2023-07-21,final_signal,-1
57514,GOOG,2023-07-25,lstm_pred_t3_close,0.3057124614715576
57515,GOOG,2023-07-25,ts_mixer_t3_close,0.3455186188220978
57516,GOOG,2023-07-25,mid_pred_t3_close,0.3256155401468277
57517,GOOG,2023-07-25,pct_pred_close,-0.008875938033718772
57518,GOOG,2023-07-25,filtered_mid_price_t3,0.33771299486781
57519,GOOG,2023-07-25,filtered_covariance_t3,0.002
57520,GOOG,2023-07-22,signal,-1
57521,GOOG,2023-07-22,not_trust,0.0018059262074530125
57522,GOOG,2023-07-26,lstm_pred_t3_close,0.3057124614715576
57523,GOOG,2023-07-26,ts_mixer_t3_close,0.3455186188220978
57524,GOOG,2023-07-26,mid_pred_t3_close,0.3256155401468277
57525,GOOG,2023-07-26,pct_pred_close,-0.007164340670821748
57526,GOOG,2023-07-26,filtered_mid_price_t3,0.3352935039236135
57527,GOOG,2023-07-26,filtered_covariance_t3,0.002
57528,GOOG,2023-07-23,signal,-1
57529,GOOG,2023-07-23,not_trust,0.0018059262074530125
57530,GOOG,2023-07-27,lstm_pred_t3_close,0.29941993951797485
57531,GOOG,2023-07-27,ts_mixer_t3_close,0.35021162033081055
57532,GOOG,2023-07-27,mid_pred_t3_close,0.3248157799243927
57533,GOOG,2023-07-27,pct_pred_close,-0.006249881895479689
57534,GOOG,2023-07-27,filtered_mid_price_t3,0.33319795912376937
57535,GOOG,2023-07-27,filtered_covariance_t3,0.002
57536,GOOG,2023-07-24,signal,-1
57537,GOOG,2023-07-24,not_trust,0.003244327148422599
57538,GOOG,2023-07-24,is_close,0
57539,GOOG,2023-07-24,final_signal,0
57540,GOOG,2023-07-28,lstm_pred_t3_close,0.298965185880661
57541,GOOG,2023-07-28,ts_mixer_t3_close,0.3545832335948944
57542,GOOG,2023-07-28,mid_pred_t3_close,0.3267742097377777
57543,GOOG,2023-07-28,pct_pred_close,-0.0038558155655482617
57544,GOOG,2023-07-28,filtered_mid_price_t3,0.33191320924657103
57545,GOOG,2023-07-28,filtered_covariance_t3,0.002
57546,GOOG,2023-07-25,signal,-1
57547,GOOG,2023-07-25,not_trust,0.00004182401971775107
57548,GOOG,2023-07-25,is_close,0
57549,GOOG,2023-07-25,final_signal,0
57550,GOOG,2023-07-29,lstm_pred_t3_close,0.31144413352012634
57551,GOOG,2023-07-29,ts_mixer_t3_close,0.36153703927993774
57552,GOOG,2023-07-29,mid_pred_t3_close,0.33649058640003204
57553,GOOG,2023-07-29,pct_pred_close,0.002758177153510382
57554,GOOG,2023-07-29,filtered_mid_price_t3,0.33282868467726323
57555,GOOG,2023-07-29,filtered_covariance_t3,0.002
57556,GOOG,2023-07-26,signal,-1
57557,GOOG,2023-07-26,not_trust,0.00000562874311071937
57558,GOOG,2023-07-26,is_close,0
57559,GOOG,2023-07-26,final_signal,0
57560,GOOG,2023-07-30,lstm_pred_t3_close,0.32745474576950073
57561,GOOG,2023-07-30,ts_mixer_t3_close,0.3633328080177307
57562,GOOG,2023-07-30,mid_pred_t3_close,0.3453937768936157
57563,GOOG,2023-07-30,pct_pred_close,0.007550486358191539
57564,GOOG,2023-07-30,filtered_mid_price_t3,0.33534170312053374
57565,GOOG,2023-07-30,filtered_covariance_t3,0.002
57566,GOOG,2023-07-27,signal,1
57567,GOOG,2023-07-27,not_trust,0.0000027556955046748044
57568,GOOG,2023-07-27,is_close,1
57569,GOOG,2023-07-27,final_signal,1
57570,GOOG,2023-07-31,lstm_pred_t3_close,0.3458651304244995
57571,GOOG,2023-07-31,ts_mixer_t3_close,0.38169538974761963
57572,GOOG,2023-07-31,mid_pred_t3_close,0.36378026008605957
57573,GOOG,2023-07-31,pct_pred_close,0.01696094264500344
57574,GOOG,2023-07-31,filtered_mid_price_t3,0.3410294145136389
57575,GOOG,2023-07-31,filtered_covariance_t3,0.002
57576,GOOG,2023-07-28,signal,1
57577,GOOG,2023-07-28,not_trust,0.0000023945422071847133
57578,GOOG,2023-07-28,is_close,0
57579,GOOG,2023-07-28,final_signal,0
57580,GOOG,2023-08-01,lstm_pred_t3_close,0.3458651304244995
57581,GOOG,2023-08-01,ts_mixer_t3_close,0.38169538974761963
57582,GOOG,2023-08-01,mid_pred_t3_close,0.36378026008605957
57583,GOOG,2023-08-01,pct_pred_close,0.013342453526987952
57584,GOOG,2023-08-01,filtered_mid_price_t3,0.345579583628123
57585,GOOG,2023-08-01,filtered_covariance_t3,0.002
57586,GOOG,2023-07-29,signal,1
57587,GOOG,2023-07-29,not_trust,0.0000023945422071847133
57588,GOOG,2023-08-02,lstm_pred_t3_close,0.3458651304244995
57589,GOOG,2023-08-02,ts_mixer_t3_close,0.38169538974761963
57590,GOOG,2023-08-02,mid_pred_t3_close,0.36378026008605957
57591,GOOG,2023-08-02,pct_pred_close,0.010533421139555615
57592,GOOG,2023-08-02,filtered_mid_price_t3,0.3492197189197103
57593,GOOG,2023-08-02,filtered_covariance_t3,0.002
57594,GOOG,2023-07-30,signal,1
57595,GOOG,2023-07-30,not_trust,0.0000023945422071847133
57596,GOOG,2023-08-03,lstm_pred_t3_close,0.3624914586544037
57597,GOOG,2023-08-03,ts_mixer_t3_close,0.3994891047477722
57598,GOOG,2023-08-03,mid_pred_t3_close,0.38099028170108795
57599,GOOG,2023-08-03,pct_pred_close,0.018195171154514425
57600,GOOG,2023-08-03,filtered_mid_price_t3,0.35557383147598587
57601,GOOG,2023-08-03,filtered_covariance_t3,0.002
57602,GOOG,2023-07-31,signal,1
57603,GOOG,2023-07-31,not_trust,0.000005880441221961519
57604,GOOG,2023-07-31,is_close,0
57605,GOOG,2023-07-31,final_signal,0
57606,GOOG,2023-08-04,lstm_pred_t3_close,0.3728737533092499
57607,GOOG,2023-08-04,ts_mixer_t3_close,0.4026312530040741
57608,GOOG,2023-08-04,mid_pred_t3_close,0.387752503156662
57609,GOOG,2023-08-04,pct_pred_close,0.01809957248378062
57610,GOOG,2023-08-04,filtered_mid_price_t3,0.36200956581212107
57611,GOOG,2023-08-04,filtered_covariance_t3,0.002
57612,GOOG,2023-08-01,signal,1
57613,GOOG,2023-08-01,not_trust,0.000011224977242818568
57614,GOOG,2023-08-01,is_close,0
57615,GOOG,2023-08-01,final_signal,0
57616,GOOG,2023-08-05,lstm_pred_t3_close,0.3725358545780182
57617,GOOG,2023-08-05,ts_mixer_t3_close,0.39953717589378357
57618,GOOG,2023-08-05,mid_pred_t3_close,0.3860365152359009
57619,GOOG,2023-08-05,pct_pred_close,0.01327420692316713
57620,GOOG,2023-08-05,filtered_mid_price_t3,0.36681495569687705
57621,GOOG,2023-08-05,filtered_covariance_t3,0.002
57622,GOOG,2023-08-02,signal,1
57623,GOOG,2023-08-02,not_trust,0.000009804993169382215
57624,GOOG,2023-08-02,is_close,0
57625,GOOG,2023-08-02,final_signal,0
57626,GOOG,2023-08-06,lstm_pred_t3_close,0.368787944316864
57627,GOOG,2023-08-06,ts_mixer_t3_close,0.4094325602054596
57628,GOOG,2023-08-06,mid_pred_t3_close,0.3891102522611618
57629,GOOG,2023-08-06,pct_pred_close,0.012156154604944078
57630,GOOG,2023-08-06,filtered_mid_price_t3,0.371274015009734
57631,GOOG,2023-08-06,filtered_covariance_t3,0.002
57632,GOOG,2023-08-03,signal,1
57633,GOOG,2023-08-03,not_trust,0.0000057354254749952815
57634,GOOG,2023-08-03,is_close,0
57635,GOOG,2023-08-03,final_signal,0
57636,GOOG,2023-08-07,lstm_pred_t3_close,0.3641563057899475
57637,GOOG,2023-08-07,ts_mixer_t3_close,0.3978881537914276
57638,GOOG,2023-08-07,mid_pred_t3_close,0.38102222979068756
57639,GOOG,2023-08-07,pct_pred_close,0.005251223832994603
57640,GOOG,2023-08-07,filtered_mid_price_t3,0.3732236579659247
57641,GOOG,2023-08-07,filtered_covariance_t3,0.002
57642,GOOG,2023-08-04,signal,1
57643,GOOG,2023-08-04,not_trust,0.0000035048228710365947
57644,GOOG,2023-08-04,is_close,0
57645,GOOG,2023-08-04,final_signal,0
57646,GOOG,2023-08-08,lstm_pred_t3_close,0.3641563057899475
57647,GOOG,2023-08-08,ts_mixer_t3_close,0.3978881537914276
57648,GOOG,2023-08-08,mid_pred_t3_close,0.38102222979068756
57649,GOOG,2023-08-08,pct_pred_close,0.004179034023333429
57650,GOOG,2023-08-08,filtered_mid_price_t3,0.3747833723308773
57651,GOOG,2023-08-08,filtered_covariance_t3,0.002
57652,GOOG,2023-08-05,signal,1
57653,GOOG,2023-08-05,not_trust,0.0000035048228710365947
57654,GOOG,2023-08-09,lstm_pred_t3_close,0.3641563057899475
57655,GOOG,2023-08-09,ts_mixer_t3_close,0.3978881537914276
57656,GOOG,2023-08-09,mid_pred_t3_close,0.38102222979068756
57657,GOOG,2023-08-09,pct_pred_close,0.003329313902593419
57658,GOOG,2023-08-09,filtered_mid_price_t3,0.3760311438228393
57659,GOOG,2023-08-09,filtered_covariance_t3,0.002
57660,GOOG,2023-08-06,signal,1
57661,GOOG,2023-08-06,not_trust,0.0000035048228710365947
57662,GOOG,2023-08-10,lstm_pred_t3_close,0.36514946818351746
57663,GOOG,2023-08-10,ts_mixer_t3_close,0.3951342701911926
57664,GOOG,2023-08-10,mid_pred_t3_close,0.38014186918735504
57665,GOOG,2023-08-10,pct_pred_close,0.002186374949013436
57666,GOOG,2023-08-10,filtered_mid_price_t3,0.37685328889574243
57667,GOOG,2023-08-10,filtered_covariance_t3,0.002
57668,GOOG,2023-08-07,signal,1
57669,GOOG,2023-08-07,not_trust,0.00000549799733562395
57670,GOOG,2023-08-07,is_close,0
57671,GOOG,2023-08-07,final_signal,0
57672,GOOG,2023-08-11,lstm_pred_t3_close,0.3689901530742645
57673,GOOG,2023-08-11,ts_mixer_t3_close,0.3913899064064026
57674,GOOG,2023-08-11,mid_pred_t3_close,0.38019002974033356
57675,GOOG,2023-08-11,pct_pred_close,0.0017708434252323817
57676,GOOG,2023-08-11,filtered_mid_price_t3,0.37752063706466066
57677,GOOG,2023-08-11,filtered_covariance_t3,0.002
57678,GOOG,2023-08-08,signal,1
57679,GOOG,2023-08-08,not_trust,0.0002113651717081666
57680,GOOG,2023-08-08,is_close,0
57681,GOOG,2023-08-08,final_signal,0
57682,GOOG,2023-08-12,lstm_pred_t3_close,0.36825281381607056
57683,GOOG,2023-08-12,ts_mixer_t3_close,0.3793746531009674
57684,GOOG,2023-08-12,mid_pred_t3_close,0.373813733458519
57685,GOOG,2023-08-12,pct_pred_close,-0.001963815083044934
57686,GOOG,2023-08-12,filtered_mid_price_t3,0.37677925634343234
57687,GOOG,2023-08-12,filtered_covariance_t3,0.002
57688,GOOG,2023-08-09,signal,1
57689,GOOG,2023-08-09,not_trust,0.9966296553611755
57690,GOOG,2023-08-09,is_close,0
57691,GOOG,2023-08-09,final_signal,0
57692,GOOG,2023-08-13,lstm_pred_t3_close,0.3651176691055298
57693,GOOG,2023-08-13,ts_mixer_t3_close,0.377224862575531
57694,GOOG,2023-08-13,mid_pred_t3_close,0.3711712658405304
57695,GOOG,2023-08-13,pct_pred_close,-0.002976804273847942
57696,GOOG,2023-08-13,filtered_mid_price_t3,0.37565765824285197
57697,GOOG,2023-08-13,filtered_covariance_t3,0.002
57698,GOOG,2023-08-10,signal,-1
57699,GOOG,2023-08-10,not_trust,0.003959890455007553
57700,GOOG,2023-08-10,is_close,1
57701,GOOG,2023-08-10,final_signal,-1
57702,GOOG,2023-08-14,lstm_pred_t3_close,0.36017337441444397
57703,GOOG,2023-08-14,ts_mixer_t3_close,0.37422674894332886
57704,GOOG,2023-08-14,mid_pred_t3_close,0.3672000616788864
57705,GOOG,2023-08-14,pct_pred_close,-0.004502821320627997
57706,GOOG,2023-08-14,filtered_mid_price_t3,0.37396613893005887
57707,GOOG,2023-08-14,filtered_covariance_t3,0.002
57708,GOOG,2023-08-11,signal,-1
57709,GOOG,2023-08-11,not_trust,0.6756720542907715
57710,GOOG,2023-08-11,is_close,0
57711,GOOG,2023-08-11,final_signal,0
57712,GOOG,2023-08-15,lstm_pred_t3_close,0.36017337441444397
57713,GOOG,2023-08-15,ts_mixer_t3_close,0.37422674894332886
57714,GOOG,2023-08-15,mid_pred_t3_close,0.3672000616788864
57715,GOOG,2023-08-15,pct_pred_close,-0.003618550743941994
57716,GOOG,2023-08-15,filtered_mid_price_t3,0.3726129234798244
57717,GOOG,2023-08-15,filtered_covariance_t3,0.002
57718,GOOG,2023-08-12,signal,-1
57719,GOOG,2023-08-12,not_trust,0.6756720542907715
57720,GOOG,2023-08-16,lstm_pred_t3_close,0.36017337441444397
57721,GOOG,2023-08-16,ts_mixer_t3_close,0.37422674894332886
57722,GOOG,2023-08-16,mid_pred_t3_close,0.3672000616788864
57723,GOOG,2023-08-16,pct_pred_close,-0.0029053537651820686
57724,GOOG,2023-08-16,filtered_mid_price_t3,0.3715303511196368
57725,GOOG,2023-08-16,filtered_covariance_t3,0.002
57726,GOOG,2023-08-13,signal,-1
57727,GOOG,2023-08-13,not_trust,0.6756720542907715
57728,GOOG,2023-08-17,lstm_pred_t3_close,0.35914281010627747
57729,GOOG,2023-08-17,ts_mixer_t3_close,0.39040935039520264
57730,GOOG,2023-08-17,mid_pred_t3_close,0.37477608025074005
57731,GOOG,2023-08-17,pct_pred_close,0.001747221523798558
57732,GOOG,2023-08-17,filtered_mid_price_t3,0.37217949694585745
57733,GOOG,2023-08-17,filtered_covariance_t3,0.002
57734,GOOG,2023-08-14,signal,-1
57735,GOOG,2023-08-14,not_trust,0.3301568925380707
57736,GOOG,2023-08-14,is_close,0
57737,GOOG,2023-08-14,final_signal,0
57738,GOOG,2023-08-18,lstm_pred_t3_close,0.3592439591884613
57739,GOOG,2023-08-18,ts_mixer_t3_close,0.40000179409980774
57740,GOOG,2023-08-18,mid_pred_t3_close,0.3796228766441345
57741,GOOG,2023-08-18,pct_pred_close,0.003999887021911817
57742,GOOG,2023-08-18,filtered_mid_price_t3,0.37366817288551285
57743,GOOG,2023-08-18,filtered_covariance_t3,0.002
57744,GOOG,2023-08-15,signal,1
57745,GOOG,2023-08-15,not_trust,0.0003448359202593565
57746,GOOG,2023-08-15,is_close,1
57747,GOOG,2023-08-15,final_signal,1
57748,GOOG,2023-08-19,lstm_pred_t3_close,0.3595755994319916
57749,GOOG,2023-08-19,ts_mixer_t3_close,0.3966386020183563
57750,GOOG,2023-08-19,mid_pred_t3_close,0.37810710072517395
57751,GOOG,2023-08-19,pct_pred_close,0.0023758661624206276
57752,GOOG,2023-08-19,filtered_mid_price_t3,0.3745559584534451
57753,GOOG,2023-08-19,filtered_covariance_t3,0.002
57754,GOOG,2023-08-16,signal,1
57755,GOOG,2023-08-16,not_trust,0.00002835368832165841
57756,GOOG,2023-08-16,is_close,0
57757,GOOG,2023-08-16,final_signal,0
57758,GOOG,2023-08-20,lstm_pred_t3_close,0.3626271188259125
57759,GOOG,2023-08-20,ts_mixer_t3_close,0.3992284834384918
57760,GOOG,2023-08-20,mid_pred_t3_close,0.38092780113220215
57761,GOOG,2023-08-20,pct_pred_close,0.003402344848586381
57762,GOOG,2023-08-20,filtered_mid_price_t3,0.3758303269891965
57763,GOOG,2023-08-20,filtered_covariance_t3,0.002
57764,GOOG,2023-08-17,signal,1
57765,GOOG,2023-08-17,not_trust,0.00008547999459551647
57766,GOOG,2023-08-17,is_close,0
57767,GOOG,2023-08-17,final_signal,0
57768,GOOG,2023-08-21,lstm_pred_t3_close,0.36226755380630493
57769,GOOG,2023-08-21,ts_mixer_t3_close,0.3856002688407898
57770,GOOG,2023-08-21,mid_pred_t3_close,0.37393391132354736
57771,GOOG,2023-08-21,pct_pred_close,-0.001009187140825789
57772,GOOG,2023-08-21,filtered_mid_price_t3,0.37545104385606665
57773,GOOG,2023-08-21,filtered_covariance_t3,0.002
57774,GOOG,2023-08-18,signal,1
57775,GOOG,2023-08-18,not_trust,0.044647105038166046
57776,GOOG,2023-08-18,is_close,0
57777,GOOG,2023-08-18,final_signal,0
57778,GOOG,2023-08-22,lstm_pred_t3_close,0.36226755380630493
57779,GOOG,2023-08-22,ts_mixer_t3_close,0.3856002688407898
57780,GOOG,2023-08-22,mid_pred_t3_close,0.37393391132354736
57781,GOOG,2023-08-22,pct_pred_close,-0.0008081653026916509
57782,GOOG,2023-08-22,filtered_mid_price_t3,0.3751476173495628
57783,GOOG,2023-08-22,filtered_covariance_t3,0.002
57784,GOOG,2023-08-19,signal,1
57785,GOOG,2023-08-19,not_trust,0.044647105038166046
57786,GOOG,2023-08-23,lstm_pred_t3_close,0.36226755380630493
57787,GOOG,2023-08-23,ts_mixer_t3_close,0.3856002688407898
57788,GOOG,2023-08-23,mid_pred_t3_close,0.37393391132354736
57789,GOOG,2023-08-23,pct_pred_close,-0.0006470551696903917
57790,GOOG,2023-08-23,filtered_mid_price_t3,0.37490487614435974
57791,GOOG,2023-08-23,filtered_covariance_t3,0.002
57792,GOOG,2023-08-20,signal,-1
57793,GOOG,2023-08-20,not_trust,0.044647105038166046
57794,GOOG,2023-08-24,lstm_pred_t3_close,0.35957255959510803
57795,GOOG,2023-08-24,ts_mixer_t3_close,0.3784114718437195
57796,GOOG,2023-08-24,mid_pred_t3_close,0.36899201571941376
57797,GOOG,2023-08-24,pct_pred_close,-0.0031543256976306108
57798,GOOG,2023-08-24,filtered_mid_price_t3,0.37372230405937057
57799,GOOG,2023-08-24,filtered_covariance_t3,0.002
57800,GOOG,2023-08-21,signal,-1
57801,GOOG,2023-08-21,not_trust,0.526574969291687
57802,GOOG,2023-08-21,is_close,1
57803,GOOG,2023-08-21,final_signal,0
57804,GOOG,2023-08-25,lstm_pred_t3_close,0.35874152183532715
57805,GOOG,2023-08-25,ts_mixer_t3_close,0.3932868540287018
57806,GOOG,2023-08-25,mid_pred_t3_close,0.37601418793201447
57807,GOOG,2023-08-25,pct_pred_close,0.0012265170409950646
57808,GOOG,2023-08-25,filtered_mid_price_t3,0.3741806808338993
57809,GOOG,2023-08-25,filtered_covariance_t3,0.002
57810,GOOG,2023-08-22,signal,-1
57811,GOOG,2023-08-22,not_trust,0.6981444358825684
57812,GOOG,2023-08-22,is_close,0
57813,GOOG,2023-08-22,final_signal,0
57814,GOOG,2023-08-26,lstm_pred_t3_close,0.366854190826416
57815,GOOG,2023-08-26,ts_mixer_t3_close,0.4334184229373932
57816,GOOG,2023-08-26,mid_pred_t3_close,0.4001363068819046
57817,GOOG,2023-08-26,pct_pred_close,0.013873311679352691
57818,GOOG,2023-08-26,filtered_mid_price_t3,0.3793718060435004
57819,GOOG,2023-08-26,filtered_covariance_t3,0.002
57820,GOOG,2023-08-23,signal,1
57821,GOOG,2023-08-23,not_trust,0.0018708559218794107
57822,GOOG,2023-08-23,is_close,0
57823,GOOG,2023-08-23,final_signal,1
57824,GOOG,2023-08-27,lstm_pred_t3_close,0.37354955077171326
57825,GOOG,2023-08-27,ts_mixer_t3_close,0.4439256489276886
57826,GOOG,2023-08-27,mid_pred_t3_close,0.4087375998497009
57827,GOOG,2023-08-27,pct_pred_close,0.015481273694246732
57828,GOOG,2023-08-27,filtered_mid_price_t3,0.3852449648047405
57829,GOOG,2023-08-27,filtered_covariance_t3,0.002
57830,GOOG,2023-08-24,signal,1
57831,GOOG,2023-08-24,not_trust,0.00007227584137581289
57832,GOOG,2023-08-24,is_close,0
57833,GOOG,2023-08-24,final_signal,0
57834,GOOG,2023-08-28,lstm_pred_t3_close,0.37758371233940125
57835,GOOG,2023-08-28,ts_mixer_t3_close,0.4409305453300476
57836,GOOG,2023-08-28,mid_pred_t3_close,0.4092571288347244
57837,GOOG,2023-08-28,pct_pred_close,0.01246591972572797
57838,GOOG,2023-08-28,filtered_mid_price_t3,0.3900473976107373
57839,GOOG,2023-08-28,filtered_covariance_t3,0.002
57840,GOOG,2023-08-25,signal,1
57841,GOOG,2023-08-25,not_trust,0.000004552291557047283
57842,GOOG,2023-08-25,is_close,0
57843,GOOG,2023-08-25,final_signal,0
57844,GOOG,2023-08-29,lstm_pred_t3_close,0.37758371233940125
57845,GOOG,2023-08-29,ts_mixer_t3_close,0.4409305453300476
57846,GOOG,2023-08-29,mid_pred_t3_close,0.4092571288347244
57847,GOOG,2023-08-29,pct_pred_close,0.009849947130352763
57848,GOOG,2023-08-29,filtered_mid_price_t3,0.39388934385553476
57849,GOOG,2023-08-29,filtered_covariance_t3,0.002
57850,GOOG,2023-08-26,signal,1
57851,GOOG,2023-08-26,not_trust,0.000004552291557047283
57852,GOOG,2023-08-30,lstm_pred_t3_close,0.37758371233940125
57853,GOOG,2023-08-30,ts_mixer_t3_close,0.4409305453300476
57854,GOOG,2023-08-30,mid_pred_t3_close,0.4092571288347244
57855,GOOG,2023-08-30,pct_pred_close,0.007803097605415853
57856,GOOG,2023-08-30,filtered_mid_price_t3,0.3969629008513727
57857,GOOG,2023-08-30,filtered_covariance_t3,0.002
57858,GOOG,2023-08-27,signal,1
57859,GOOG,2023-08-27,not_trust,0.000004552291557047283
57860,GOOG,2023-08-31,lstm_pred_t3_close,0.3811168372631073
57861,GOOG,2023-08-31,ts_mixer_t3_close,0.45158812403678894
57862,GOOG,2023-08-31,mid_pred_t3_close,0.4163524806499481
57863,GOOG,2023-08-31,pct_pred_close,0.009768963173631759
57864,GOOG,2023-08-31,filtered_mid_price_t3,0.4008408168110878
57865,GOOG,2023-08-31,filtered_covariance_t3,0.002
57866,GOOG,2023-08-28,signal,1
57867,GOOG,2023-08-28,not_trust,0.0000014358822681970196
57868,GOOG,2023-08-28,is_close,0
57869,GOOG,2023-08-28,final_signal,0
57870,GOOG,2023-09-01,lstm_pred_t3_close,0.39062443375587463
57871,GOOG,2023-09-01,ts_mixer_t3_close,0.46950384974479675
57872,GOOG,2023-09-01,mid_pred_t3_close,0.4300641417503357
57873,GOOG,2023-09-01,pct_pred_close,0.014581012568398468
57874,GOOG,2023-09-01,filtered_mid_price_t3,0.4066854817989374
57875,GOOG,2023-09-01,filtered_covariance_t3,0.002
57876,GOOG,2023-08-29,signal,1
57877,GOOG,2023-08-29,not_trust,0.0000010594808372843545
57878,GOOG,2023-08-29,is_close,0
57879,GOOG,2023-08-29,final_signal,0
57880,GOOG,2023-09-02,lstm_pred_t3_close,0.40474605560302734
57881,GOOG,2023-09-02,ts_mixer_t3_close,0.461892694234848
57882,GOOG,2023-09-02,mid_pred_t3_close,0.4333193749189377
57883,GOOG,2023-09-02,pct_pred_close,0.0130980299577883
57884,GOOG,2023-09-02,filtered_mid_price_t3,0.4120122604229374
57885,GOOG,2023-09-02,filtered_covariance_t3,0.002
57886,GOOG,2023-08-30,signal,1
57887,GOOG,2023-08-30,not_trust,0.0000035605996799858985
57888,GOOG,2023-08-30,is_close,0
57889,GOOG,2023-08-30,final_signal,0
57890,GOOG,2023-09-03,lstm_pred_t3_close,0.41848546266555786
57891,GOOG,2023-09-03,ts_mixer_t3_close,0.45646023750305176
57892,GOOG,2023-09-03,mid_pred_t3_close,0.4374728500843048
57893,GOOG,2023-09-03,pct_pred_close,0.012359141757204857
57894,GOOG,2023-09-03,filtered_mid_price_t3,0.4171043783552109
57895,GOOG,2023-09-03,filtered_covariance_t3,0.002
57896,GOOG,2023-08-31,signal,1
57897,GOOG,2023-08-31,not_trust,0.0000009616289844416315
57898,GOOG,2023-08-31,is_close,0
57899,GOOG,2023-08-31,final_signal,0
57900,GOOG,2023-09-04,lstm_pred_t3_close,0.42946720123291016
57901,GOOG,2023-09-04,ts_mixer_t3_close,0.4543223977088928
57902,GOOG,2023-09-04,mid_pred_t3_close,0.4418947994709015
57903,GOOG,2023-09-04,pct_pred_close,0.011886914835776984
57904,GOOG,2023-09-04,filtered_mid_price_t3,0.422062462578349
57905,GOOG,2023-09-04,filtered_covariance_t3,0.002
57906,GOOG,2023-09-01,signal,1
57907,GOOG,2023-09-01,not_trust,0.0000002634681663948868
57908,GOOG,2023-09-01,is_close,0
57909,GOOG,2023-09-01,final_signal,0
57910,GOOG,2023-09-05,lstm_pred_t3_close,0.42946773767471313
57911,GOOG,2023-09-05,ts_mixer_t3_close,0.45432114601135254
57912,GOOG,2023-09-05,mid_pred_t3_close,0.44189444184303284
57913,GOOG,2023-09-05,pct_pred_close,0.009397651306648696
57914,GOOG,2023-09-05,filtered_mid_price_t3,0.4260288584312858
57915,GOOG,2023-09-05,filtered_covariance_t3,0.002
57916,GOOG,2023-09-02,signal,1
57917,GOOG,2023-09-02,not_trust,0.0000002634430416037503
57918,GOOG,2023-09-06,lstm_pred_t3_close,0.4294682443141937
57919,GOOG,2023-09-06,ts_mixer_t3_close,0.45431989431381226
57920,GOOG,2023-09-06,mid_pred_t3_close,0.441894069314003
57921,GOOG,2023-09-06,pct_pred_close,0.00744795126843559
57922,GOOG,2023-09-06,filtered_mid_price_t3,0.42920190060782926
57923,GOOG,2023-09-06,filtered_covariance_t3,0.002
57924,GOOG,2023-09-03,signal,1
57925,GOOG,2023-09-03,not_trust,0.00000026341794523432327
57926,GOOG,2023-09-07,lstm_pred_t3_close,0.4294688105583191
57927,GOOG,2023-09-07,ts_mixer_t3_close,0.454318642616272
57928,GOOG,2023-09-07,mid_pred_t3_close,0.44189372658729553
57929,GOOG,2023-09-07,pct_pred_close,0.005914151806640275
57930,GOOG,2023-09-07,filtered_mid_price_t3,0.4317402658037225
57931,GOOG,2023-09-07,filtered_covariance_t3,0.002
57932,GOOG,2023-09-04,signal,1
57933,GOOG,2023-09-04,not_trust,0.00000026339230885241705
57934,GOOG,2023-09-08,lstm_pred_t3_close,0.4360606372356415
57935,GOOG,2023-09-08,ts_mixer_t3_close,0.46696874499320984
57936,GOOG,2023-09-08,mid_pred_t3_close,0.45151469111442566
57937,GOOG,2023-09-08,pct_pred_close,0.009160334060521963
57938,GOOG,2023-09-08,filtered_mid_price_t3,0.43569515086586313
57939,GOOG,2023-09-08,filtered_covariance_t3,0.002
57940,GOOG,2023-09-05,signal,1
57941,GOOG,2023-09-05,not_trust,0.00000010720764720417719
57942,GOOG,2023-09-05,is_close,0
57943,GOOG,2023-09-05,final_signal,0
57944,GOOG,2023-09-09,lstm_pred_t3_close,0.43596866726875305
57945,GOOG,2023-09-09,ts_mixer_t3_close,0.47464993596076965
57946,GOOG,2023-09-09,mid_pred_t3_close,0.45530930161476135
57947,GOOG,2023-09-09,pct_pred_close,0.009003612140240086
57948,GOOG,2023-09-09,filtered_mid_price_t3,0.43961798101564276
57949,GOOG,2023-09-09,filtered_covariance_t3,0.002
57950,GOOG,2023-09-06,signal,1
57951,GOOG,2023-09-06,not_trust,0.00000007701123649894726
57952,GOOG,2023-09-06,is_close,0
57953,GOOG,2023-09-06,final_signal,0
57954,GOOG,2023-09-10,lstm_pred_t3_close,0.43234947323799133
57955,GOOG,2023-09-10,ts_mixer_t3_close,0.47343605756759644
57956,GOOG,2023-09-10,mid_pred_t3_close,0.4528927654027939
57957,GOOG,2023-09-10,pct_pred_close,0.006039236318988862
57958,GOOG,2023-09-10,filtered_mid_price_t3,0.442272937893073
57959,GOOG,2023-09-10,filtered_covariance_t3,0.002
57960,GOOG,2023-09-07,signal,1
57961,GOOG,2023-09-07,not_trust,0.0000000783096751888479
57962,GOOG,2023-09-07,is_close,0
57963,GOOG,2023-09-07,final_signal,0
57964,GOOG,2023-09-11,lstm_pred_t3_close,0.43189242482185364
57965,GOOG,2023-09-11,ts_mixer_t3_close,0.4857746362686157
57966,GOOG,2023-09-11,mid_pred_t3_close,0.4588335305452347
57967,GOOG,2023-09-11,pct_pred_close,0.007488856420225062
57968,GOOG,2023-09-11,filtered_mid_price_t3,0.4455850564235053
57969,GOOG,2023-09-11,filtered_covariance_t3,0.002
57970,GOOG,2023-09-08,signal,1
57971,GOOG,2023-09-08,not_trust,0.00000009204757844827327
57972,GOOG,2023-09-08,is_close,0
57973,GOOG,2023-09-08,final_signal,0
57974,GOOG,2023-09-12,lstm_pred_t3_close,0.4318917989730835
57975,GOOG,2023-09-12,ts_mixer_t3_close,0.4857754409313202
57976,GOOG,2023-09-12,mid_pred_t3_close,0.45883361995220184
57977,GOOG,2023-09-12,pct_pred_close,0.005946592390254922
57978,GOOG,2023-09-12,filtered_mid_price_t3,0.44823476912924465
57979,GOOG,2023-09-12,filtered_covariance_t3,0.002
57980,GOOG,2023-09-09,signal,1
57981,GOOG,2023-09-09,not_trust,0.0000000920514438007558
57982,GOOG,2023-09-13,lstm_pred_t3_close,0.43189123272895813
57983,GOOG,2023-09-13,ts_mixer_t3_close,0.4857760965824127
57984,GOOG,2023-09-13,mid_pred_t3_close,0.4588336646556854
57985,GOOG,2023-09-13,pct_pred_close,0.004729171521892661
57986,GOOG,2023-09-13,filtered_mid_price_t3,0.4503545482345328
57987,GOOG,2023-09-13,filtered_covariance_t3,0.002
57988,GOOG,2023-09-10,signal,1
57989,GOOG,2023-09-10,not_trust,0.00000009205512441212704
57990,GOOG,2023-09-14,lstm_pred_t3_close,0.43426594138145447
57991,GOOG,2023-09-14,ts_mixer_t3_close,0.4909942150115967
57992,GOOG,2023-09-14,mid_pred_t3_close,0.4626300781965256
57993,GOOG,2023-09-14,pct_pred_close,0.0054514959425257335
57994,GOOG,2023-09-14,filtered_mid_price_t3,0.45280965422693137
57995,GOOG,2023-09-14,filtered_covariance_t3,0.002
57996,GOOG,2023-09-11,signal,1
57997,GOOG,2023-09-11,not_trust,0.00000017786190653623635
57998,GOOG,2023-09-11,is_close,0
57999,GOOG,2023-09-11,final_signal,0
58000,GOOG,2023-09-15,lstm_pred_t3_close,0.43321362137794495
58001,GOOG,2023-09-15,ts_mixer_t3_close,0.4817829430103302
58002,GOOG,2023-09-15,mid_pred_t3_close,0.4574982821941376
58003,GOOG,2023-09-15,pct_pred_close,0.002070904594651791
58004,GOOG,2023-09-15,filtered_mid_price_t3,0.4537473798203726
58005,GOOG,2023-09-15,filtered_covariance_t3,0.002
58006,GOOG,2023-09-12,signal,1
58007,GOOG,2023-09-12,not_trust,0.00000031181662052404135
58008,GOOG,2023-09-12,is_close,0
58009,GOOG,2023-09-12,final_signal,0
58010,GOOG,2023-09-16,lstm_pred_t3_close,0.43089941143989563
58011,GOOG,2023-09-16,ts_mixer_t3_close,0.4722055196762085
58012,GOOG,2023-09-16,mid_pred_t3_close,0.45155246555805206
58013,GOOG,2023-09-16,pct_pred_close,-0.0009674609088385568
58014,GOOG,2023-09-16,filtered_mid_price_t3,0.4533083969679085
58015,GOOG,2023-09-16,filtered_covariance_t3,0.002
58016,GOOG,2023-09-13,signal,1
58017,GOOG,2023-09-13,not_trust,0.000000745519855627208
58018,GOOG,2023-09-13,is_close,0
58019,GOOG,2023-09-13,final_signal,0
58020,GOOG,2023-09-17,lstm_pred_t3_close,0.4307368993759155
58021,GOOG,2023-09-17,ts_mixer_t3_close,0.484539657831192
58022,GOOG,2023-09-17,mid_pred_t3_close,0.45763827860355377
58023,GOOG,2023-09-17,pct_pred_close,0.0019103469799398897
58024,GOOG,2023-09-17,filtered_mid_price_t3,0.4541743732950375
58025,GOOG,2023-09-17,filtered_covariance_t3,0.002
58026,GOOG,2023-09-14,signal,1
58027,GOOG,2023-09-14,not_trust,0.0000018470435634299065
58028,GOOG,2023-09-14,is_close,0
58029,GOOG,2023-09-14,final_signal,0
58030,GOOG,2023-09-18,lstm_pred_t3_close,0.4297940731048584
58031,GOOG,2023-09-18,ts_mixer_t3_close,0.4775291383266449
58032,GOOG,2023-09-18,mid_pred_t3_close,0.45366160571575165
58033,GOOG,2023-09-18,pct_pred_close,-0.00022580207490169297
58034,GOOG,2023-09-18,filtered_mid_price_t3,0.4540718197791803
58035,GOOG,2023-09-18,filtered_covariance_t3,0.002
58036,GOOG,2023-09-15,signal,1
58037,GOOG,2023-09-15,not_trust,0.000009816051715461072
58038,GOOG,2023-09-15,is_close,0
58039,GOOG,2023-09-15,final_signal,0
58040,GOOG,2023-09-19,lstm_pred_t3_close,0.4297955632209778
58041,GOOG,2023-09-19,ts_mixer_t3_close,0.4775258004665375
58042,GOOG,2023-09-19,mid_pred_t3_close,0.45366068184375763
58043,GOOG,2023-09-19,pct_pred_close,-0.00018108938608990538
58044,GOOG,2023-09-19,filtered_mid_price_t3,0.4539895921920958
58045,GOOG,2023-09-19,filtered_covariance_t3,0.002
58046,GOOG,2023-09-16,signal,1
58047,GOOG,2023-09-16,not_trust,0.000009805685294850264
58048,GOOG,2023-09-20,lstm_pred_t3_close,0.4297960698604584
58049,GOOG,2023-09-20,ts_mixer_t3_close,0.4775247275829315
58050,GOOG,2023-09-20,mid_pred_t3_close,0.45366039872169495
58051,GOOG,2023-09-20,pct_pred_close,-0.00014502247455115393
58052,GOOG,2023-09-20,filtered_mid_price_t3,0.4539237534980156
58053,GOOG,2023-09-20,filtered_covariance_t3,0.002
58054,GOOG,2023-09-17,signal,-1
58055,GOOG,2023-09-17,not_trust,0.000009802244676393457
58056,GOOG,2023-09-21,lstm_pred_t3_close,0.43077898025512695
58057,GOOG,2023-09-21,ts_mixer_t3_close,0.49619728326797485
58058,GOOG,2023-09-21,mid_pred_t3_close,0.4634881317615509
58059,GOOG,2023-09-21,pct_pred_close,0.004214090225431215
58060,GOOG,2023-09-21,filtered_mid_price_t3,0.45583662915072265
58061,GOOG,2023-09-21,filtered_covariance_t3,0.002
58062,GOOG,2023-09-18,signal,1
58063,GOOG,2023-09-18,not_trust,0.00003987281161244027
58064,GOOG,2023-09-18,is_close,0
58065,GOOG,2023-09-18,final_signal,0
58066,GOOG,2023-09-22,lstm_pred_t3_close,0.43292805552482605
58067,GOOG,2023-09-22,ts_mixer_t3_close,0.5049830675125122
58068,GOOG,2023-09-22,mid_pred_t3_close,0.46895556151866913
58069,GOOG,2023-09-22,pct_pred_close,0.005755979896740021
58070,GOOG,2023-09-22,filtered_mid_price_t3,0.45846041562431195
58071,GOOG,2023-09-22,filtered_covariance_t3,0.002
58072,GOOG,2023-09-19,signal,1
58073,GOOG,2023-09-19,not_trust,0.00008912094199331477
58074,GOOG,2023-09-19,is_close,0
58075,GOOG,2023-09-19,final_signal,0
58076,GOOG,2023-09-23,lstm_pred_t3_close,0.42735913395881653
58077,GOOG,2023-09-23,ts_mixer_t3_close,0.5058403611183167
58078,GOOG,2023-09-23,mid_pred_t3_close,0.4665997475385666
58079,GOOG,2023-09-23,pct_pred_close,0.003550723960833547
58080,GOOG,2023-09-23,filtered_mid_price_t3,0.4600882820071629
58081,GOOG,2023-09-23,filtered_covariance_t3,0.002
58082,GOOG,2023-09-20,signal,1
58083,GOOG,2023-09-20,not_trust,0.005404759664088488
58084,GOOG,2023-09-20,is_close,0
58085,GOOG,2023-09-20,final_signal,0
58086,GOOG,2023-09-24,lstm_pred_t3_close,0.41215386986732483
58087,GOOG,2023-09-24,ts_mixer_t3_close,0.47203513979911804
58088,GOOG,2023-09-24,mid_pred_t3_close,0.44209450483322144
58089,GOOG,2023-09-24,pct_pred_close,-0.007821880225004824
58090,GOOG,2023-09-24,filtered_mid_price_t3,0.4564895265723746
58091,GOOG,2023-09-24,filtered_covariance_t3,0.002
58092,GOOG,2023-09-21,signal,1
58093,GOOG,2023-09-21,not_trust,0.9612165689468384
58094,GOOG,2023-09-21,is_close,0
58095,GOOG,2023-09-21,final_signal,0
58096,GOOG,2023-09-25,lstm_pred_t3_close,0.3950369954109192
58097,GOOG,2023-09-25,ts_mixer_t3_close,0.4489781856536865
58098,GOOG,2023-09-25,mid_pred_t3_close,0.42200759053230286
58099,GOOG,2023-09-25,pct_pred_close,-0.015107437972995722
58100,GOOG,2023-09-25,filtered_mid_price_t3,0.4495931393643603
58101,GOOG,2023-09-25,filtered_covariance_t3,0.002
58102,GOOG,2023-09-22,signal,-1
58103,GOOG,2023-09-22,not_trust,0.005859799683094025
58104,GOOG,2023-09-22,is_close,1
58105,GOOG,2023-09-22,final_signal,-1
58106,GOOG,2023-09-26,lstm_pred_t3_close,0.3950376510620117
58107,GOOG,2023-09-26,ts_mixer_t3_close,0.44897758960723877
58108,GOOG,2023-09-26,mid_pred_t3_close,0.42200762033462524
58109,GOOG,2023-09-26,pct_pred_close,-0.012271325611745635
58110,GOOG,2023-09-26,filtered_mid_price_t3,0.4440760355584133
58111,GOOG,2023-09-26,filtered_covariance_t3,0.002
58112,GOOG,2023-09-23,signal,-1
58113,GOOG,2023-09-23,not_trust,0.005863845348358154
58114,GOOG,2023-09-27,lstm_pred_t3_close,0.39503759145736694
58115,GOOG,2023-09-27,ts_mixer_t3_close,0.44897761940956116
58116,GOOG,2023-09-27,mid_pred_t3_close,0.42200760543346405
58117,GOOG,2023-09-27,pct_pred_close,-0.009939032218750069
58118,GOOG,2023-09-27,filtered_mid_price_t3,0.4396623495334234
58119,GOOG,2023-09-27,filtered_covariance_t3,0.002
58120,GOOG,2023-09-24,signal,-1
58121,GOOG,2023-09-24,not_trust,0.005863401107490063
58122,GOOG,2023-09-28,lstm_pred_t3_close,0.3836783468723297
58123,GOOG,2023-09-28,ts_mixer_t3_close,0.4490196704864502
58124,GOOG,2023-09-28,mid_pred_t3_close,0.41634900867938995
58125,GOOG,2023-09-28,pct_pred_close,-0.010605111344546059
58126,GOOG,2023-09-28,filtered_mid_price_t3,0.43499968136261674
58127,GOOG,2023-09-28,filtered_covariance_t3,0.002
58128,GOOG,2023-09-25,signal,-1
58129,GOOG,2023-09-25,not_trust,0.0031326208263635635
58130,GOOG,2023-09-25,is_close,0
58131,GOOG,2023-09-25,final_signal,0
58132,GOOG,2023-09-29,lstm_pred_t3_close,0.37443122267723083
58133,GOOG,2023-09-29,ts_mixer_t3_close,0.42791056632995605
58134,GOOG,2023-09-29,mid_pred_t3_close,0.40117089450359344
58135,GOOG,2023-09-29,pct_pred_close,-0.015553476615456944
58136,GOOG,2023-09-29,filtered_mid_price_t3,0.42823392399081206
58137,GOOG,2023-09-29,filtered_covariance_t3,0.002
58138,GOOG,2023-09-26,signal,-1
58139,GOOG,2023-09-26,not_trust,0.00014031678438186646
58140,GOOG,2023-09-26,is_close,0
58141,GOOG,2023-09-26,final_signal,0
58142,GOOG,2023-09-30,lstm_pred_t3_close,0.37133529782295227
58143,GOOG,2023-09-30,ts_mixer_t3_close,0.41997578740119934
58144,GOOG,2023-09-30,mid_pred_t3_close,0.3956555426120758
58145,GOOG,2023-09-30,pct_pred_close,-0.015215226797134888
58146,GOOG,2023-09-30,filtered_mid_price_t3,0.42171824771506483
58147,GOOG,2023-09-30,filtered_covariance_t3,0.002
58148,GOOG,2023-09-27,signal,-1
58149,GOOG,2023-09-27,not_trust,0.000024117531211231835
58150,GOOG,2023-09-27,is_close,0
58151,GOOG,2023-09-27,final_signal,0
58152,GOOG,2023-10-01,lstm_pred_t3_close,0.3750248849391937
58153,GOOG,2023-10-01,ts_mixer_t3_close,0.4267738461494446
58154,GOOG,2023-10-01,mid_pred_t3_close,0.40089936554431915
58155,GOOG,2023-10-01,pct_pred_close,-0.009873360843902541
58156,GOOG,2023-10-01,filtered_mid_price_t3,0.4175544712809157
58157,GOOG,2023-10-01,filtered_covariance_t3,0.002
58158,GOOG,2023-09-28,signal,-1
58159,GOOG,2023-09-28,not_trust,0.000006169239441078389
58160,GOOG,2023-09-28,is_close,0
58161,GOOG,2023-09-28,final_signal,0
58162,GOOG,2023-10-02,lstm_pred_t3_close,0.37955188751220703
58163,GOOG,2023-10-02,ts_mixer_t3_close,0.4208160936832428
58164,GOOG,2023-10-02,mid_pred_t3_close,0.4001839905977249
58165,GOOG,2023-10-02,pct_pred_close,-0.008320102826299122
58166,GOOG,2023-10-02,filtered_mid_price_t3,0.41408037514427753
58167,GOOG,2023-10-02,filtered_covariance_t3,0.002
58168,GOOG,2023-09-29,signal,-1
58169,GOOG,2023-09-29,not_trust,0.0000026347672701376723
58170,GOOG,2023-09-29,is_close,0
58171,GOOG,2023-09-29,final_signal,0
58172,GOOG,2023-10-03,lstm_pred_t3_close,0.3795517086982727
58173,GOOG,2023-10-03,ts_mixer_t3_close,0.42081624269485474
58174,GOOG,2023-10-03,mid_pred_t3_close,0.4001839756965637
58175,GOOG,2023-10-03,pct_pred_close,-0.006711933374225618
58176,GOOG,2023-10-03,filtered_mid_price_t3,0.4113010952547348
58177,GOOG,2023-10-03,filtered_covariance_t3,0.002
58178,GOOG,2023-09-30,signal,-1
58179,GOOG,2023-09-30,not_trust,0.0000026347997845732607
58180,GOOG,2023-10-04,lstm_pred_t3_close,0.3795528709888458
58181,GOOG,2023-10-04,ts_mixer_t3_close,0.4208154082298279
58182,GOOG,2023-10-04,mid_pred_t3_close,0.40018413960933685
58183,GOOG,2023-10-04,pct_pred_close,-0.005405750567482847
58184,GOOG,2023-10-04,filtered_mid_price_t3,0.4090777041256552
58185,GOOG,2023-10-04,filtered_covariance_t3,0.002
58186,GOOG,2023-10-01,signal,-1
58187,GOOG,2023-10-01,not_trust,0.0000026345912829128793
58188,GOOG,2023-10-05,lstm_pred_t3_close,0.38892224431037903
58189,GOOG,2023-10-05,ts_mixer_t3_close,0.43391066789627075
58190,GOOG,2023-10-05,mid_pred_t3_close,0.4114164561033249
58191,GOOG,2023-10-05,pct_pred_close,0.001143426764197959
58192,GOOG,2023-10-05,filtered_mid_price_t3,0.4095454545211891
58193,GOOG,2023-10-05,filtered_covariance_t3,0.002
58194,GOOG,2023-10-02,signal,-1
58195,GOOG,2023-10-02,not_trust,0.00004149839878664352
58196,GOOG,2023-10-02,is_close,0
58197,GOOG,2023-10-02,final_signal,0
58198,GOOG,2023-10-06,lstm_pred_t3_close,0.3961637020111084
58199,GOOG,2023-10-06,ts_mixer_t3_close,0.4337877631187439
58200,GOOG,2023-10-06,mid_pred_t3_close,0.41497573256492615
58201,GOOG,2023-10-06,pct_pred_close,0.0026518560925481486
58202,GOOG,2023-10-06,filtered_mid_price_t3,0.41063151012993654
58203,GOOG,2023-10-06,filtered_covariance_t3,0.002
58204,GOOG,2023-10-03,signal,-1
58205,GOOG,2023-10-03,not_trust,0.0006779555696994066
58206,GOOG,2023-10-03,is_close,0
58207,GOOG,2023-10-03,final_signal,0
58208,GOOG,2023-10-07,lstm_pred_t3_close,0.40648892521858215
58209,GOOG,2023-10-07,ts_mixer_t3_close,0.45071080327033997
58210,GOOG,2023-10-07,mid_pred_t3_close,0.42859986424446106
58211,GOOG,2023-10-07,pct_pred_close,0.008751571017450062
58212,GOOG,2023-10-07,filtered_mid_price_t3,0.41422518095284144
58213,GOOG,2023-10-07,filtered_covariance_t3,0.002
58214,GOOG,2023-10-04,signal,1
58215,GOOG,2023-10-04,not_trust,0.000014314402505988255
58216,GOOG,2023-10-04,is_close,1
58217,GOOG,2023-10-04,final_signal,1
58218,GOOG,2023-10-08,lstm_pred_t3_close,0.41741469502449036
58219,GOOG,2023-10-08,ts_mixer_t3_close,0.4790976047515869
58220,GOOG,2023-10-08,mid_pred_t3_close,0.44825614988803864
58221,GOOG,2023-10-08,pct_pred_close,0.016431144459598458
58222,GOOG,2023-10-08,filtered_mid_price_t3,0.4210313747398809
58223,GOOG,2023-10-08,filtered_covariance_t3,0.002
58224,GOOG,2023-10-05,signal,1
58225,GOOG,2023-10-05,not_trust,0.0000019882268134097103
58226,GOOG,2023-10-05,is_close,0
58227,GOOG,2023-10-05,final_signal,0
58228,GOOG,2023-10-09,lstm_pred_t3_close,0.4302208721637726
58229,GOOG,2023-10-09,ts_mixer_t3_close,0.4962194561958313
58230,GOOG,2023-10-09,mid_pred_t3_close,0.46322016417980194
58231,GOOG,2023-10-09,pct_pred_close,0.020040686737887878
58232,GOOG,2023-10-09,filtered_mid_price_t3,0.4294691326278651
58233,GOOG,2023-10-09,filtered_covariance_t3,0.002
58234,GOOG,2023-10-06,signal,1
58235,GOOG,2023-10-06,not_trust,0.00000037405362718345714
58236,GOOG,2023-10-06,is_close,0
58237,GOOG,2023-10-06,final_signal,0
58238,GOOG,2023-10-10,lstm_pred_t3_close,0.4302203059196472
58239,GOOG,2023-10-10,ts_mixer_t3_close,0.49622011184692383
58240,GOOG,2023-10-10,mid_pred_t3_close,0.4632202088832855
58241,GOOG,2023-10-10,pct_pred_close,0.015717579537743314
58242,GOOG,2023-10-10,filtered_mid_price_t3,0.4362193478789492
58243,GOOG,2023-10-10,filtered_covariance_t3,0.002
58244,GOOG,2023-10-07,signal,1
58245,GOOG,2023-10-07,not_trust,0.0000003740172473953862
58246,GOOG,2023-10-11,lstm_pred_t3_close,0.4302203059196472
58247,GOOG,2023-10-11,ts_mixer_t3_close,0.49622011184692383
58248,GOOG,2023-10-11,mid_pred_t3_close,0.4632202088832855
58249,GOOG,2023-10-11,pct_pred_close,0.012379488042253904
58250,GOOG,2023-10-11,filtered_mid_price_t3,0.4416195200798165
58251,GOOG,2023-10-11,filtered_covariance_t3,0.002
58252,GOOG,2023-10-08,signal,1
58253,GOOG,2023-10-08,not_trust,0.0000003740172473953862
58254,GOOG,2023-10-12,lstm_pred_t3_close,0.4423208236694336
58255,GOOG,2023-10-12,ts_mixer_t3_close,0.5078263878822327
58256,GOOG,2023-10-12,mid_pred_t3_close,0.47507360577583313
58257,GOOG,2023-10-12,pct_pred_close,0.015150637222725256
58258,GOOG,2023-10-12,filtered_mid_price_t3,0.4483103372190198
58259,GOOG,2023-10-12,filtered_covariance_t3,0.002
58260,GOOG,2023-10-09,signal,1
58261,GOOG,2023-10-09,not_trust,0.00000012012401384708937
58262,GOOG,2023-10-09,is_close,0
58263,GOOG,2023-10-09,final_signal,0
58264,GOOG,2023-10-13,lstm_pred_t3_close,0.45197969675064087
58265,GOOG,2023-10-13,ts_mixer_t3_close,0.516392707824707
58266,GOOG,2023-10-13,mid_pred_t3_close,0.48418620228767395
58267,GOOG,2023-10-13,pct_pred_close,0.016004924308103637
58268,GOOG,2023-10-13,filtered_mid_price_t3,0.45548551023275063
58269,GOOG,2023-10-13,filtered_covariance_t3,0.002
58270,GOOG,2023-10-10,signal,1
58271,GOOG,2023-10-10,not_trust,0.00000005774050748641457
58272,GOOG,2023-10-10,is_close,0
58273,GOOG,2023-10-10,final_signal,0
58274,GOOG,2023-10-14,lstm_pred_t3_close,0.46142223477363586
58275,GOOG,2023-10-14,ts_mixer_t3_close,0.5216609835624695
58276,GOOG,2023-10-14,mid_pred_t3_close,0.4915416091680527
58277,GOOG,2023-10-14,pct_pred_close,0.015831941137656638
58278,GOOG,2023-10-14,filtered_mid_price_t3,0.46269673001981104
58279,GOOG,2023-10-14,filtered_covariance_t3,0.002
58280,GOOG,2023-10-11,signal,1
58281,GOOG,2023-10-11,not_trust,0.000000045283364613624144
58282,GOOG,2023-10-11,is_close,0
58283,GOOG,2023-10-11,final_signal,0
58284,GOOG,2023-10-15,lstm_pred_t3_close,0.4655084013938904
58285,GOOG,2023-10-15,ts_mixer_t3_close,0.5118221044540405
58286,GOOG,2023-10-15,mid_pred_t3_close,0.48866525292396545
58287,GOOG,2023-10-15,pct_pred_close,0.011224856896240715
58288,GOOG,2023-10-15,filtered_mid_price_t3,0.46789043460064195
58289,GOOG,2023-10-15,filtered_covariance_t3,0.002
58290,GOOG,2023-10-12,signal,1
58291,GOOG,2023-10-12,not_trust,0.00000005082729614969139
58292,GOOG,2023-10-12,is_close,0
58293,GOOG,2023-10-12,final_signal,0
58294,GOOG,2023-10-16,lstm_pred_t3_close,0.4625255763530731
58295,GOOG,2023-10-16,ts_mixer_t3_close,0.5000946521759033
58296,GOOG,2023-10-16,mid_pred_t3_close,0.4813101142644882
58297,GOOG,2023-10-16,pct_pred_close,0.0057362487759769955
58298,GOOG,2023-10-16,filtered_mid_price_t3,0.4705743705334112
58299,GOOG,2023-10-16,filtered_covariance_t3,0.002
58300,GOOG,2023-10-13,signal,1
58301,GOOG,2023-10-13,not_trust,0.00000005471642339216487
58302,GOOG,2023-10-13,is_close,0
58303,GOOG,2023-10-13,final_signal,0
58304,GOOG,2023-10-17,lstm_pred_t3_close,0.46252596378326416
58305,GOOG,2023-10-17,ts_mixer_t3_close,0.5000945329666138
58306,GOOG,2023-10-17,mid_pred_t3_close,0.48131024837493896
58307,GOOG,2023-10-17,pct_pred_close,0.004562882517107078
58308,GOOG,2023-10-17,filtered_mid_price_t3,0.4727215461017168
58309,GOOG,2023-10-17,filtered_covariance_t3,0.002
58310,GOOG,2023-10-14,signal,1
58311,GOOG,2023-10-14,not_trust,0.00000005471580166727108
58312,GOOG,2023-10-18,lstm_pred_t3_close,0.46252498030662537
58313,GOOG,2023-10-18,ts_mixer_t3_close,0.5000948905944824
58314,GOOG,2023-10-18,mid_pred_t3_close,0.4813099354505539
58315,GOOG,2023-10-18,pct_pred_close,0.0036335933572991834
58316,GOOG,2023-10-18,filtered_mid_price_t3,0.4744392239714842
58317,GOOG,2023-10-18,filtered_covariance_t3,0.002
58318,GOOG,2023-10-15,signal,1
58319,GOOG,2023-10-15,not_trust,0.0000000547175744713968
58320,GOOG,2023-10-19,lstm_pred_t3_close,0.4585045278072357
58321,GOOG,2023-10-19,ts_mixer_t3_close,0.49920710921287537
58322,GOOG,2023-10-19,mid_pred_t3_close,0.47885581851005554
58323,GOOG,2023-10-19,pct_pred_close,0.0018618167788069524
58324,GOOG,2023-10-19,filtered_mid_price_t3,0.47532254287919845
58325,GOOG,2023-10-19,filtered_covariance_t3,0.002
58326,GOOG,2023-10-16,signal,1
58327,GOOG,2023-10-16,not_trust,0.00000005817850023959181
58328,GOOG,2023-10-16,is_close,0
58329,GOOG,2023-10-16,final_signal,0
58330,GOOG,2023-10-20,lstm_pred_t3_close,0.4568360149860382
58331,GOOG,2023-10-20,ts_mixer_t3_close,0.49308428168296814
58332,GOOG,2023-10-20,mid_pred_t3_close,0.4749601483345032
58333,GOOG,2023-10-20,pct_pred_close,-0.0001524836345864157
58334,GOOG,2023-10-20,filtered_mid_price_t3,0.4752500639702594
58335,GOOG,2023-10-20,filtered_covariance_t3,0.002
58336,GOOG,2023-10-17,signal,1
58337,GOOG,2023-10-17,not_trust,0.00000006284718523374977
58338,GOOG,2023-10-17,is_close,0
58339,GOOG,2023-10-17,final_signal,0
58340,GOOG,2023-10-21,lstm_pred_t3_close,0.4524400234222412
58341,GOOG,2023-10-21,ts_mixer_t3_close,0.48071908950805664
58342,GOOG,2023-10-21,mid_pred_t3_close,0.4665795564651489
58343,GOOG,2023-10-21,pct_pred_close,-0.003648819079655334
58344,GOOG,2023-10-21,filtered_mid_price_t3,0.4735159624692373
58345,GOOG,2023-10-21,filtered_covariance_t3,0.002
58346,GOOG,2023-10-18,signal,-1
58347,GOOG,2023-10-18,not_trust,0.00000007511801669579654
58348,GOOG,2023-10-18,is_close,1
58349,GOOG,2023-10-18,final_signal,-1
58350,GOOG,2023-10-22,lstm_pred_t3_close,0.4463706910610199
58351,GOOG,2023-10-22,ts_mixer_t3_close,0.4699227511882782
58352,GOOG,2023-10-22,mid_pred_t3_close,0.45814672112464905
58353,GOOG,2023-10-22,pct_pred_close,-0.0064915409670425915
58354,GOOG,2023-10-22,filtered_mid_price_t3,0.4704421142003196
58355,GOOG,2023-10-22,filtered_covariance_t3,0.002
58356,GOOG,2023-10-19,signal,-1
58357,GOOG,2023-10-19,not_trust,0.00000010028805519368689
58358,GOOG,2023-10-19,is_close,0
58359,GOOG,2023-10-19,final_signal,0
58360,GOOG,2023-10-23,lstm_pred_t3_close,0.43492764234542847
58361,GOOG,2023-10-23,ts_mixer_t3_close,0.4429020285606384
58362,GOOG,2023-10-23,mid_pred_t3_close,0.43891483545303345
58363,GOOG,2023-10-23,pct_pred_close,-0.013403255276529726
58364,GOOG,2023-10-23,filtered_mid_price_t3,0.4641366584508624
58365,GOOG,2023-10-23,filtered_covariance_t3,0.002
58366,GOOG,2023-10-20,signal,-1
58367,GOOG,2023-10-20,not_trust,0.00000022899004648024857
58368,GOOG,2023-10-20,is_close,0
58369,GOOG,2023-10-20,final_signal,0
58370,GOOG,2023-10-24,lstm_pred_t3_close,0.43492764234542847
58371,GOOG,2023-10-24,ts_mixer_t3_close,0.4429020285606384
58372,GOOG,2023-10-24,mid_pred_t3_close,0.43891483545303345
58373,GOOG,2023-10-24,pct_pred_close,-0.01086827447847421
58374,GOOG,2023-10-24,filtered_mid_price_t3,0.4590922938512966
58375,GOOG,2023-10-24,filtered_covariance_t3,0.002
58376,GOOG,2023-10-21,signal,-1
58377,GOOG,2023-10-21,not_trust,0.00000022898963436546182
58378,GOOG,2023-10-25,lstm_pred_t3_close,0.43492794036865234
58379,GOOG,2023-10-25,ts_mixer_t3_close,0.4429018497467041
58380,GOOG,2023-10-25,mid_pred_t3_close,0.4389148950576782
58381,GOOG,2023-10-25,pct_pred_close,-0.008790127416146022
58382,GOOG,2023-10-25,filtered_mid_price_t3,0.4550568140925729
58383,GOOG,2023-10-25,filtered_covariance_t3,0.002
58384,GOOG,2023-10-22,signal,-1
58385,GOOG,2023-10-22,not_trust,0.00000022896931284321909
58386,GOOG,2023-10-26,lstm_pred_t3_close,0.42481759190559387
58387,GOOG,2023-10-26,ts_mixer_t3_close,0.4469947814941406
58388,GOOG,2023-10-26,mid_pred_t3_close,0.43590618669986725
58389,GOOG,2023-10-26,pct_pred_close,-0.008416807220387968
58390,GOOG,2023-10-26,filtered_mid_price_t3,0.4512266886140318
58391,GOOG,2023-10-26,filtered_covariance_t3,0.002
58392,GOOG,2023-10-23,signal,-1
58393,GOOG,2023-10-23,not_trust,0.0000009002200727081799
58394,GOOG,2023-10-23,is_close,0
58395,GOOG,2023-10-23,final_signal,0
58396,GOOG,2023-10-27,lstm_pred_t3_close,0.42254942655563354
58397,GOOG,2023-10-27,ts_mixer_t3_close,0.4695485830307007
58398,GOOG,2023-10-27,mid_pred_t3_close,0.4460490047931671
58399,GOOG,2023-10-27,pct_pred_close,-0.002294936869433987
58400,GOOG,2023-10-27,filtered_mid_price_t3,0.45019115184985886
58401,GOOG,2023-10-27,filtered_covariance_t3,0.002
58402,GOOG,2023-10-24,signal,-1
58403,GOOG,2023-10-24,not_trust,0.00000198744942281337
58404,GOOG,2023-10-24,is_close,0
58405,GOOG,2023-10-24,final_signal,0
58406,GOOG,2023-10-28,lstm_pred_t3_close,0.40282684564590454
58407,GOOG,2023-10-28,ts_mixer_t3_close,0.4265713691711426
58408,GOOG,2023-10-28,mid_pred_t3_close,0.41469910740852356
58409,GOOG,2023-10-28,pct_pred_close,-0.0157675442067205
58410,GOOG,2023-10-28,filtered_mid_price_t3,0.4430927429615918
58411,GOOG,2023-10-28,filtered_covariance_t3,0.002
58412,GOOG,2023-10-25,signal,-1
58413,GOOG,2023-10-25,not_trust,0.00003687871867441572
58414,GOOG,2023-10-25,is_close,0
58415,GOOG,2023-10-25,final_signal,0
58416,GOOG,2023-10-29,lstm_pred_t3_close,0.37230733036994934
58417,GOOG,2023-10-29,ts_mixer_t3_close,0.3602754473686218
58418,GOOG,2023-10-29,mid_pred_t3_close,0.3662913888692856
58419,GOOG,2023-10-29,pct_pred_close,-0.03466604015176279
58420,GOOG,2023-10-29,filtered_mid_price_t3,0.42773247214313054
58421,GOOG,2023-10-29,filtered_covariance_t3,0.002
58422,GOOG,2023-10-26,signal,-1
58423,GOOG,2023-10-26,not_trust,0.03661385178565979
58424,GOOG,2023-10-26,is_close,0
58425,GOOG,2023-10-26,final_signal,0
58426,GOOG,2023-10-30,lstm_pred_t3_close,0.34400662779808044
58427,GOOG,2023-10-30,ts_mixer_t3_close,0.36829209327697754
58428,GOOG,2023-10-30,mid_pred_t3_close,0.356149360537529
58429,GOOG,2023-10-30,pct_pred_close,-0.03347097368920258
58430,GOOG,2023-10-30,filtered_mid_price_t3,0.41341584982201024
58431,GOOG,2023-10-30,filtered_covariance_t3,0.002
58432,GOOG,2023-10-27,signal,-1
58433,GOOG,2023-10-27,not_trust,0.00007342506432905793
58434,GOOG,2023-10-27,is_close,0
58435,GOOG,2023-10-27,final_signal,0
58436,GOOG,2023-10-31,lstm_pred_t3_close,0.34400656819343567
58437,GOOG,2023-10-31,ts_mixer_t3_close,0.3682921826839447
58438,GOOG,2023-10-31,mid_pred_t3_close,0.3561493754386902
58439,GOOG,2023-10-31,pct_pred_close,-0.0277040536341194
58440,GOOG,2023-10-31,filtered_mid_price_t3,0.4019625549453462
58441,GOOG,2023-10-31,filtered_covariance_t3,0.002
58442,GOOG,2023-10-28,signal,-1
58443,GOOG,2023-10-28,not_trust,0.00007342359458561987
58444,GOOG,2023-11-01,lstm_pred_t3_close,0.34400638937950134
58445,GOOG,2023-11-01,ts_mixer_t3_close,0.36829227209091187
58446,GOOG,2023-11-01,mid_pred_t3_close,0.3561493307352066
58447,GOOG,2023-11-01,pct_pred_close,-0.022794772123173924
58448,GOOG,2023-11-01,filtered_mid_price_t3,0.3927999101033183
58449,GOOG,2023-11-01,filtered_covariance_t3,0.002
58450,GOOG,2023-10-29,signal,-1
58451,GOOG,2023-10-29,not_trust,0.00007342093886109069
58452,GOOG,2023-11-02,lstm_pred_t3_close,0.3275967240333557
58453,GOOG,2023-11-02,ts_mixer_t3_close,0.37442320585250854
58454,GOOG,2023-11-02,mid_pred_t3_close,0.35100996494293213
58455,GOOG,2023-11-02,pct_pred_close,-0.02127798102061387
58456,GOOG,2023-11-02,filtered_mid_price_t3,0.38444192107124103
58457,GOOG,2023-11-02,filtered_covariance_t3,0.002
58458,GOOG,2023-10-30,signal,-1
58459,GOOG,2023-10-30,not_trust,0.00004762775279232301
58460,GOOG,2023-10-30,is_close,0
58461,GOOG,2023-10-30,final_signal,0
58462,GOOG,2023-11-03,lstm_pred_t3_close,0.32086479663848877
58463,GOOG,2023-11-03,ts_mixer_t3_close,0.36617618799209595
58464,GOOG,2023-11-03,mid_pred_t3_close,0.34352049231529236
58465,GOOG,2023-11-03,pct_pred_close,-0.021288744287783077
58466,GOOG,2023-11-03,filtered_mid_price_t3,0.3762576353200513
58467,GOOG,2023-11-03,filtered_covariance_t3,0.002
58468,GOOG,2023-10-31,signal,-1
58469,GOOG,2023-10-31,not_trust,0.000008547512152290437
58470,GOOG,2023-10-31,is_close,0
58471,GOOG,2023-10-31,final_signal,0
58472,GOOG,2023-11-04,lstm_pred_t3_close,0.3241117000579834
58473,GOOG,2023-11-04,ts_mixer_t3_close,0.36678144335746765
58474,GOOG,2023-11-04,mid_pred_t3_close,0.3454465717077255
58475,GOOG,2023-11-04,pct_pred_close,-0.016377641658284113
58476,GOOG,2023-11-04,filtered_mid_price_t3,0.37009542259758615
58477,GOOG,2023-11-04,filtered_covariance_t3,0.002
58478,GOOG,2023-11-01,signal,-1
58479,GOOG,2023-11-01,not_trust,0.000001934304691530997
58480,GOOG,2023-11-01,is_close,0
58481,GOOG,2023-11-01,final_signal,0
58482,GOOG,2023-11-05,lstm_pred_t3_close,0.33362239599227905
58483,GOOG,2023-11-05,ts_mixer_t3_close,0.3712444305419922
58484,GOOG,2023-11-05,mid_pred_t3_close,0.3524334132671356
58485,GOOG,2023-11-05,pct_pred_close,-0.00954457053615325
58486,GOOG,2023-11-05,filtered_mid_price_t3,0.36656302073149605
58487,GOOG,2023-11-05,filtered_covariance_t3,0.002
58488,GOOG,2023-11-02,signal,-1
58489,GOOG,2023-11-02,not_trust,0.0000008004898859326204
58490,GOOG,2023-11-02,is_close,0
58491,GOOG,2023-11-02,final_signal,0
58492,GOOG,2023-11-06,lstm_pred_t3_close,0.3474022150039673
58493,GOOG,2023-11-06,ts_mixer_t3_close,0.3859594762325287
58494,GOOG,2023-11-06,mid_pred_t3_close,0.366680845618248
58495,GOOG,2023-11-06,pct_pred_close,0.00006428629189974915
58496,GOOG,2023-11-06,filtered_mid_price_t3,0.36658658570884645
58497,GOOG,2023-11-06,filtered_covariance_t3,0.002
58498,GOOG,2023-11-03,signal,-1
58499,GOOG,2023-11-03,not_trust,0.0000005858298095517966
58500,GOOG,2023-11-03,is_close,0
58501,GOOG,2023-11-03,final_signal,0
58502,GOOG,2023-11-07,lstm_pred_t3_close,0.3474026918411255
58503,GOOG,2023-11-07,ts_mixer_t3_close,0.3859592080116272
58504,GOOG,2023-11-07,mid_pred_t3_close,0.36668094992637634
58505,GOOG,2023-11-07,pct_pred_close,0.00005148263532201296
58506,GOOG,2023-11-07,filtered_mid_price_t3,0.36660545855235244
58507,GOOG,2023-11-07,filtered_covariance_t3,0.002
58508,GOOG,2023-11-04,signal,-1
58509,GOOG,2023-11-04,not_trust,0.0000005851396736034076
58510,GOOG,2023-11-08,lstm_pred_t3_close,0.3474026918411255
58511,GOOG,2023-11-08,ts_mixer_t3_close,0.3859592080116272
58512,GOOG,2023-11-08,mid_pred_t3_close,0.36668094992637634
58513,GOOG,2023-11-08,pct_pred_close,0.00004118398799734491
58514,GOOG,2023-11-08,filtered_mid_price_t3,0.3666205568271572
58515,GOOG,2023-11-08,filtered_covariance_t3,0.002
58516,GOOG,2023-11-05,signal,1
58517,GOOG,2023-11-05,not_trust,0.0000005851396736034076
58518,GOOG,2023-11-09,lstm_pred_t3_close,0.3619566559791565
58519,GOOG,2023-11-09,ts_mixer_t3_close,0.3912384510040283
58520,GOOG,2023-11-09,mid_pred_t3_close,0.3765975534915924
58521,GOOG,2023-11-09,pct_pred_close,0.005442682620297771
58522,GOOG,2023-11-09,filtered_mid_price_t3,0.3686159561600443
58523,GOOG,2023-11-09,filtered_covariance_t3,0.002
58524,GOOG,2023-11-06,signal,1
58525,GOOG,2023-11-06,not_trust,0.0000016492482473040582
58526,GOOG,2023-11-06,is_close,1
58527,GOOG,2023-11-06,final_signal,1
58528,GOOG,2023-11-10,lstm_pred_t3_close,0.37437543272972107
58529,GOOG,2023-11-10,ts_mixer_t3_close,0.41622620820999146
58530,GOOG,2023-11-10,mid_pred_t3_close,0.39530082046985626
58531,GOOG,2023-11-10,pct_pred_close,0.014478409772487436
58532,GOOG,2023-11-10,filtered_mid_price_t3,0.37395292902200666
58533,GOOG,2023-11-10,filtered_covariance_t3,0.002
58534,GOOG,2023-11-07,signal,1
58535,GOOG,2023-11-07,not_trust,0.000015533019904978573
58536,GOOG,2023-11-07,is_close,0
58537,GOOG,2023-11-07,final_signal,0
58538,GOOG,2023-11-11,lstm_pred_t3_close,0.3891143202781677
58539,GOOG,2023-11-11,ts_mixer_t3_close,0.43547746539115906
58540,GOOG,2023-11-11,mid_pred_t3_close,0.4122958928346634
58541,GOOG,2023-11-11,pct_pred_close,0.020506839677889136
58542,GOOG,2023-11-11,filtered_mid_price_t3,0.381621521784538
58543,GOOG,2023-11-11,filtered_covariance_t3,0.002
58544,GOOG,2023-11-08,signal,1
58545,GOOG,2023-11-08,not_trust,0.000016297433830914088
58546,GOOG,2023-11-08,is_close,0
58547,GOOG,2023-11-08,final_signal,0
58548,GOOG,2023-11-12,lstm_pred_t3_close,0.401021808385849
58549,GOOG,2023-11-12,ts_mixer_t3_close,0.45095643401145935
58550,GOOG,2023-11-12,mid_pred_t3_close,0.4259891211986542
58551,GOOG,2023-11-12,pct_pred_close,0.02325214741906828
58552,GOOG,2023-11-12,filtered_mid_price_t3,0.39049504166736126
58553,GOOG,2023-11-12,filtered_covariance_t3,0.002
58554,GOOG,2023-11-09,signal,1
58555,GOOG,2023-11-09,not_trust,0.0000001781686762569734
58556,GOOG,2023-11-09,is_close,0
58557,GOOG,2023-11-09,final_signal,0
58558,GOOG,2023-11-13,lstm_pred_t3_close,0.4111982583999634
58559,GOOG,2023-11-13,ts_mixer_t3_close,0.4532032907009125
58560,GOOG,2023-11-13,mid_pred_t3_close,0.4322007745504379
58561,GOOG,2023-11-13,pct_pred_close,0.021360441712652122
58562,GOOG,2023-11-13,filtered_mid_price_t3,0.3988361882439766
58563,GOOG,2023-11-13,filtered_covariance_t3,0.002
58564,GOOG,2023-11-10,signal,1
58565,GOOG,2023-11-10,not_trust,0.00000006195656254703863
58566,GOOG,2023-11-10,is_close,0
58567,GOOG,2023-11-10,final_signal,0
58568,GOOG,2023-11-14,lstm_pred_t3_close,0.4111994206905365
58569,GOOG,2023-11-14,ts_mixer_t3_close,0.4532039165496826
58570,GOOG,2023-11-14,mid_pred_t3_close,0.43220166862010956
58571,GOOG,2023-11-14,pct_pred_close,0.016731420748471594
58572,GOOG,2023-11-14,filtered_mid_price_t3,0.4055092843192032
58573,GOOG,2023-11-14,filtered_covariance_t3,0.002
58574,GOOG,2023-11-11,signal,1
58575,GOOG,2023-11-11,not_trust,0.00000006196353297127644
58576,GOOG,2023-11-15,lstm_pred_t3_close,0.411199688911438
58577,GOOG,2023-11-15,ts_mixer_t3_close,0.45320406556129456
58578,GOOG,2023-11-15,mid_pred_t3_close,0.43220187723636627
58579,GOOG,2023-11-15,pct_pred_close,0.013164972516955477
58580,GOOG,2023-11-15,filtered_mid_price_t3,0.4108478029026358
58581,GOOG,2023-11-15,filtered_covariance_t3,0.002
58582,GOOG,2023-11-12,signal,1
58583,GOOG,2023-11-12,not_trust,0.00000006196518853585076
58584,GOOG,2023-11-16,lstm_pred_t3_close,0.41642409563064575
58585,GOOG,2023-11-16,ts_mixer_t3_close,0.43752261996269226
58586,GOOG,2023-11-16,mid_pred_t3_close,0.426973357796669
58587,GOOG,2023-11-16,pct_pred_close,0.007849892237517747
58588,GOOG,2023-11-16,filtered_mid_price_t3,0.4140729138814424
58589,GOOG,2023-11-16,filtered_covariance_t3,0.002
58590,GOOG,2023-11-13,signal,1
58591,GOOG,2023-11-13,not_trust,0.00000004952333654273389
58592,GOOG,2023-11-13,is_close,0
58593,GOOG,2023-11-13,final_signal,0
58594,GOOG,2023-11-17,lstm_pred_t3_close,0.4195062220096588
58595,GOOG,2023-11-17,ts_mixer_t3_close,0.44533005356788635
58596,GOOG,2023-11-17,mid_pred_t3_close,0.4324181377887726
58597,GOOG,2023-11-17,pct_pred_close,0.008860866428265182
58598,GOOG,2023-11-17,filtered_mid_price_t3,0.4177419586629084
58599,GOOG,2023-11-17,filtered_covariance_t3,0.002
58600,GOOG,2023-11-14,signal,1
58601,GOOG,2023-11-14,not_trust,0.000000048466912261346806
58602,GOOG,2023-11-14,is_close,0
58603,GOOG,2023-11-14,final_signal,0
58604,GOOG,2023-11-18,lstm_pred_t3_close,0.42136427760124207
58605,GOOG,2023-11-18,ts_mixer_t3_close,0.44344562292099
58606,GOOG,2023-11-18,mid_pred_t3_close,0.43240495026111603
58607,GOOG,2023-11-18,pct_pred_close,0.007020119140122017
58608,GOOG,2023-11-18,filtered_mid_price_t3,0.42067455698254996
58609,GOOG,2023-11-18,filtered_covariance_t3,0.002
58610,GOOG,2023-11-15,signal,1
58611,GOOG,2023-11-15,not_trust,0.000000052485557233694635
58612,GOOG,2023-11-15,is_close,0
58613,GOOG,2023-11-15,final_signal,0
58614,GOOG,2023-11-19,lstm_pred_t3_close,0.424736350774765
58615,GOOG,2023-11-19,ts_mixer_t3_close,0.44895118474960327
58616,GOOG,2023-11-19,mid_pred_t3_close,0.43684376776218414
58617,GOOG,2023-11-19,pct_pred_close,0.007687277735841194
58618,GOOG,2023-11-19,filtered_mid_price_t3,0.4239083991384768
58619,GOOG,2023-11-19,filtered_covariance_t3,0.002
58620,GOOG,2023-11-16,signal,1
58621,GOOG,2023-11-16,not_trust,0.0000000622295459606903
58622,GOOG,2023-11-16,is_close,0
58623,GOOG,2023-11-16,final_signal,0
58624,GOOG,2023-11-20,lstm_pred_t3_close,0.4234863519668579
58625,GOOG,2023-11-20,ts_mixer_t3_close,0.43803688883781433
58626,GOOG,2023-11-20,mid_pred_t3_close,0.4307616204023361
58627,GOOG,2023-11-20,pct_pred_close,0.003233350071754882
58628,GOOG,2023-11-20,filtered_mid_price_t3,0.42527904339124867
58629,GOOG,2023-11-20,filtered_covariance_t3,0.002
58630,GOOG,2023-11-17,signal,1
58631,GOOG,2023-11-17,not_trust,0.0000000987236319360818
58632,GOOG,2023-11-17,is_close,0
58633,GOOG,2023-11-17,final_signal,0
58634,GOOG,2023-11-21,lstm_pred_t3_close,0.42348697781562805
58635,GOOG,2023-11-21,ts_mixer_t3_close,0.4380362927913666
58636,GOOG,2023-11-21,mid_pred_t3_close,0.4307616353034973
58637,GOOG,2023-11-21,pct_pred_close,0.002578350378391331
58638,GOOG,2023-11-21,filtered_mid_price_t3,0.4263755617736984
58639,GOOG,2023-11-21,filtered_covariance_t3,0.002
58640,GOOG,2023-11-18,signal,1
58641,GOOG,2023-11-18,not_trust,0.00000009876958984023076
58642,GOOG,2023-11-22,lstm_pred_t3_close,0.4234868586063385
58643,GOOG,2023-11-22,ts_mixer_t3_close,0.43803638219833374
58644,GOOG,2023-11-22,mid_pred_t3_close,0.4307616204023361
58645,GOOG,2023-11-22,pct_pred_close,0.00205736867769431
58646,GOOG,2023-11-22,filtered_mid_price_t3,0.4272527734994259
58647,GOOG,2023-11-22,filtered_covariance_t3,0.002
58648,GOOG,2023-11-19,signal,1
58649,GOOG,2023-11-19,not_trust,0.00000009876318074475421
58650,GOOG,2023-11-23,lstm_pred_t3_close,0.42063775658607483
58651,GOOG,2023-11-23,ts_mixer_t3_close,0.4338638484477997
58652,GOOG,2023-11-23,mid_pred_t3_close,0.42725080251693726
58653,GOOG,2023-11-23,pct_pred_close,-0.0000009226306350055435
58654,GOOG,2023-11-23,filtered_mid_price_t3,0.4272523793029282
58655,GOOG,2023-11-23,filtered_covariance_t3,0.002
58656,GOOG,2023-11-20,signal,1
58657,GOOG,2023-11-20,not_trust,0.00000017864267931599898
58658,GOOG,2023-11-20,is_close,0
58659,GOOG,2023-11-20,final_signal,0
58660,GOOG,2023-11-24,lstm_pred_t3_close,0.4185854494571686
58661,GOOG,2023-11-24,ts_mixer_t3_close,0.43168145418167114
58662,GOOG,2023-11-24,mid_pred_t3_close,0.42513345181941986
58663,GOOG,2023-11-24,pct_pred_close,-0.000991885633014157
58664,GOOG,2023-11-24,filtered_mid_price_t3,0.4268285938062265
58665,GOOG,2023-11-24,filtered_covariance_t3,0.002
58666,GOOG,2023-11-21,signal,1
58667,GOOG,2023-11-21,not_trust,0.000000231888250823431
58668,GOOG,2023-11-21,is_close,0
58669,GOOG,2023-11-21,final_signal,0
58670,GOOG,2023-11-25,lstm_pred_t3_close,0.4196770191192627
58671,GOOG,2023-11-25,ts_mixer_t3_close,0.4306614100933075
58672,GOOG,2023-11-25,mid_pred_t3_close,0.4251692146062851
58673,GOOG,2023-11-25,pct_pred_close,-0.0007775389109450082
58674,GOOG,2023-11-25,filtered_mid_price_t3,0.4264967179662382
58675,GOOG,2023-11-25,filtered_covariance_t3,0.002
58676,GOOG,2023-11-22,signal,-1
58677,GOOG,2023-11-22,not_trust,0.00000020472677420002583
58678,GOOG,2023-11-22,is_close,1
58679,GOOG,2023-11-22,final_signal,-1
58680,GOOG,2023-11-26,lstm_pred_t3_close,0.4196762144565582
58681,GOOG,2023-11-26,ts_mixer_t3_close,0.43066179752349854
58682,GOOG,2023-11-26,mid_pred_t3_close,0.4251690059900284
58683,GOOG,2023-11-26,pct_pred_close,-0.0006226129863512298
58684,GOOG,2023-11-26,filtered_mid_price_t3,0.42623117557099627
58685,GOOG,2023-11-26,filtered_covariance_t3,0.002
58686,GOOG,2023-11-23,signal,-1
58687,GOOG,2023-11-23,not_trust,0.00000020458760729979986
58688,GOOG,2023-11-27,lstm_pred_t3_close,0.4208475649356842
58689,GOOG,2023-11-27,ts_mixer_t3_close,0.4262508153915405
58690,GOOG,2023-11-27,mid_pred_t3_close,0.42354919016361237
58691,GOOG,2023-11-27,pct_pred_close,-0.001258465152761791
58692,GOOG,2023-11-27,filtered_mid_price_t3,0.4256947784895195
58693,GOOG,2023-11-27,filtered_covariance_t3,0.002
58694,GOOG,2023-11-24,signal,-1
58695,GOOG,2023-11-24,not_trust,0.00000014844373197320238
58696,GOOG,2023-11-24,is_close,0
58697,GOOG,2023-11-24,final_signal,0
58698,GOOG,2023-11-28,lstm_pred_t3_close,0.42084842920303345
58699,GOOG,2023-11-28,ts_mixer_t3_close,0.4262508749961853
58700,GOOG,2023-11-28,mid_pred_t3_close,0.4235496520996094
58701,GOOG,2023-11-28,pct_pred_close,-0.001007823679454787
58702,GOOG,2023-11-28,filtered_mid_price_t3,0.4252657532115375
58703,GOOG,2023-11-28,filtered_covariance_t3,0.002
58704,GOOG,2023-11-25,signal,-1
58705,GOOG,2023-11-25,not_trust,0.00000014857418761948793
58706,GOOG,2023-11-29,lstm_pred_t3_close,0.4208487868309021
58707,GOOG,2023-11-29,ts_mixer_t3_close,0.4262509346008301
58708,GOOG,2023-11-29,mid_pred_t3_close,0.4235498607158661
58709,GOOG,2023-11-29,pct_pred_close,-0.0008069742191621616
58710,GOOG,2023-11-29,filtered_mid_price_t3,0.4249225747124032
58711,GOOG,2023-11-29,filtered_covariance_t3,0.002
58712,GOOG,2023-11-26,signal,-1
58713,GOOG,2023-11-26,not_trust,0.00000014863030628475826
58714,GOOG,2023-11-30,lstm_pred_t3_close,0.4202023446559906
58715,GOOG,2023-11-30,ts_mixer_t3_close,0.4204408526420593
58716,GOOG,2023-11-30,mid_pred_t3_close,0.42032159864902496
58717,GOOG,2023-11-30,pct_pred_close,-0.002165559721788082
58718,GOOG,2023-11-30,filtered_mid_price_t3,0.4240023794997275
58719,GOOG,2023-11-30,filtered_covariance_t3,0.002
58720,GOOG,2023-11-27,signal,-1
58721,GOOG,2023-11-27,not_trust,0.00000014154892369333538
58722,GOOG,2023-11-27,is_close,0
58723,GOOG,2023-11-27,final_signal,0
58724,GOOG,2023-12-01,lstm_pred_t3_close,0.42011842131614685
58725,GOOG,2023-12-01,ts_mixer_t3_close,0.4256349802017212
58726,GOOG,2023-12-01,mid_pred_t3_close,0.422876700758934
58727,GOOG,2023-12-01,pct_pred_close,-0.0005309775582493725
58728,GOOG,2023-12-01,filtered_mid_price_t3,0.42377724375156883
58729,GOOG,2023-12-01,filtered_covariance_t3,0.002
58730,GOOG,2023-11-28,signal,-1
58731,GOOG,2023-11-28,not_trust,0.0000001107851801407378
58732,GOOG,2023-11-28,is_close,0
58733,GOOG,2023-11-28,final_signal,0
58734,GOOG,2023-12-02,lstm_pred_t3_close,0.41553381085395813
58735,GOOG,2023-12-02,ts_mixer_t3_close,0.4476567208766937
58736,GOOG,2023-12-02,mid_pred_t3_close,0.4315952658653259
58737,GOOG,2023-12-02,pct_pred_close,0.003689684724241762
58738,GOOG,2023-12-02,filtered_mid_price_t3,0.4253408481743203
58739,GOOG,2023-12-02,filtered_covariance_t3,0.002
58740,GOOG,2023-11-29,signal,1
58741,GOOG,2023-11-29,not_trust,0.00000012572691332479735
58742,GOOG,2023-11-29,is_close,1
58743,GOOG,2023-11-29,final_signal,1
58744,GOOG,2023-12-03,lstm_pred_t3_close,0.40416985750198364
58745,GOOG,2023-12-03,ts_mixer_t3_close,0.4334542453289032
58746,GOOG,2023-12-03,mid_pred_t3_close,0.4188120514154434
58747,GOOG,2023-12-03,pct_pred_close,-0.0030699128884047375
58748,GOOG,2023-12-03,filtered_mid_price_t3,0.4240350888225449
58749,GOOG,2023-12-03,filtered_covariance_t3,0.002
58750,GOOG,2023-11-30,signal,1
58751,GOOG,2023-11-30,not_trust,0.00000018342490193390404
58752,GOOG,2023-11-30,is_close,0
58753,GOOG,2023-11-30,final_signal,0
58754,GOOG,2023-12-04,lstm_pred_t3_close,0.3895661532878876
58755,GOOG,2023-12-04,ts_mixer_t3_close,0.41204479336738586
58756,GOOG,2023-12-04,mid_pred_t3_close,0.4008054733276367
58757,GOOG,2023-12-04,pct_pred_close,-0.010956459079559644
58758,GOOG,2023-12-04,filtered_mid_price_t3,0.4193891657235633
58759,GOOG,2023-12-04,filtered_covariance_t3,0.002
58760,GOOG,2023-12-01,signal,-1
58761,GOOG,2023-12-01,not_trust,0.00000032709405672903813
58762,GOOG,2023-12-01,is_close,1
58763,GOOG,2023-12-01,final_signal,-1
58764,GOOG,2023-12-05,lstm_pred_t3_close,0.38956645131111145
58765,GOOG,2023-12-05,ts_mixer_t3_close,0.4120450019836426
58766,GOOG,2023-12-05,mid_pred_t3_close,0.400805726647377
58767,GOOG,2023-12-05,pct_pred_close,-0.008862145517815034
58768,GOOG,2023-12-05,filtered_mid_price_t3,0.415672477908326
58769,GOOG,2023-12-05,filtered_covariance_t3,0.002
58770,GOOG,2023-12-02,signal,-1
58771,GOOG,2023-12-02,not_trust,0.0000003270984336722904
58772,GOOG,2023-12-06,lstm_pred_t3_close,0.38956695795059204
58773,GOOG,2023-12-06,ts_mixer_t3_close,0.41204532980918884
58774,GOOG,2023-12-06,mid_pred_t3_close,0.40080614387989044
58775,GOOG,2023-12-06,pct_pred_close,-0.007152907550311373
58776,GOOG,2023-12-06,filtered_mid_price_t3,0.4126992111026389
58777,GOOG,2023-12-06,filtered_covariance_t3,0.002
58778,GOOG,2023-12-03,signal,-1
58779,GOOG,2023-12-03,not_trust,0.000000327107187558795
58780,GOOG,2023-12-07,lstm_pred_t3_close,0.37361493706703186
58781,GOOG,2023-12-07,ts_mixer_t3_close,0.4182835817337036
58782,GOOG,2023-12-07,mid_pred_t3_close,0.39594925940036774
58783,GOOG,2023-12-07,pct_pred_close,-0.008117268582859242
58784,GOOG,2023-12-07,filtered_mid_price_t3,0.40934922076218466
58785,GOOG,2023-12-07,filtered_covariance_t3,0.002
58786,GOOG,2023-12-04,signal,-1
58787,GOOG,2023-12-04,not_trust,0.0000007156048695833306
58788,GOOG,2023-12-04,is_close,0
58789,GOOG,2023-12-04,final_signal,0
58790,GOOG,2023-12-08,lstm_pred_t3_close,0.3641749322414398
58791,GOOG,2023-12-08,ts_mixer_t3_close,0.4046472907066345
58792,GOOG,2023-12-08,mid_pred_t3_close,0.38441111147403717
58793,GOOG,2023-12-08,pct_pred_close,-0.012184271044520021
58794,GOOG,2023-12-08,filtered_mid_price_t3,0.40436159890455514
58795,GOOG,2023-12-08,filtered_covariance_t3,0.002
58796,GOOG,2023-12-05,signal,-1
58797,GOOG,2023-12-05,not_trust,0.000000829975192573329
58798,GOOG,2023-12-05,is_close,0
58799,GOOG,2023-12-05,final_signal,0
58800,GOOG,2023-12-09,lstm_pred_t3_close,0.3594360649585724
58801,GOOG,2023-12-09,ts_mixer_t3_close,0.3900509178638458
58802,GOOG,2023-12-09,mid_pred_t3_close,0.3747434914112091
58803,GOOG,2023-12-09,pct_pred_close,-0.014649317627382835
58804,GOOG,2023-12-09,filtered_mid_price_t3,0.39843797740588593
58805,GOOG,2023-12-09,filtered_covariance_t3,0.002
58806,GOOG,2023-12-06,signal,-1
58807,GOOG,2023-12-06,not_trust,0.0000006092799367252155
58808,GOOG,2023-12-06,is_close,0
58809,GOOG,2023-12-06,final_signal,0
58810,GOOG,2023-12-10,lstm_pred_t3_close,0.3700054883956909
58811,GOOG,2023-12-10,ts_mixer_t3_close,0.4040176272392273
58812,GOOG,2023-12-10,mid_pred_t3_close,0.3870115578174591
58813,GOOG,2023-12-10,pct_pred_close,-0.005735607666127019
58814,GOOG,2023-12-10,filtered_mid_price_t3,0.3961526934882006
58815,GOOG,2023-12-10,filtered_covariance_t3,0.002
58816,GOOG,2023-12-07,signal,-1
58817,GOOG,2023-12-07,not_trust,0.0000002967282171084662
58818,GOOG,2023-12-07,is_close,0
58819,GOOG,2023-12-07,final_signal,0
58820,GOOG,2023-12-11,lstm_pred_t3_close,0.38461834192276
58821,GOOG,2023-12-11,ts_mixer_t3_close,0.4083254337310791
58822,GOOG,2023-12-11,mid_pred_t3_close,0.39647188782691956
58823,GOOG,2023-12-11,pct_pred_close,0.00016114712532102327
58824,GOOG,2023-12-11,filtered_mid_price_t3,0.3962165323559444
58825,GOOG,2023-12-11,filtered_covariance_t3,0.002
58826,GOOG,2023-12-08,signal,-1
58827,GOOG,2023-12-08,not_trust,0.00000016734972518861468
58828,GOOG,2023-12-08,is_close,0
58829,GOOG,2023-12-08,final_signal,0
58830,GOOG,2023-12-12,lstm_pred_t3_close,0.3846183717250824
58831,GOOG,2023-12-12,ts_mixer_t3_close,0.40832534432411194
58832,GOOG,2023-12-12,mid_pred_t3_close,0.39647185802459717
58833,GOOG,2023-12-12,pct_pred_close,0.00012888188543497893
58834,GOOG,2023-12-12,filtered_mid_price_t3,0.39626759748967494
58835,GOOG,2023-12-12,filtered_covariance_t3,0.002
58836,GOOG,2023-12-09,signal,-1
58837,GOOG,2023-12-09,not_trust,0.00000016734844621169032
58838,GOOG,2023-12-13,lstm_pred_t3_close,0.3846189081668854
58839,GOOG,2023-12-13,ts_mixer_t3_close,0.4083249568939209
58840,GOOG,2023-12-13,mid_pred_t3_close,0.39647193253040314
58841,GOOG,2023-12-13,pct_pred_close,0.0001031298254122724
58842,GOOG,2023-12-13,filtered_mid_price_t3,0.3963084644978206
58843,GOOG,2023-12-13,filtered_covariance_t3,0.002
58844,GOOG,2023-12-10,signal,1
58845,GOOG,2023-12-10,not_trust,0.0000001673386975653557
58846,GOOG,2023-12-14,lstm_pred_t3_close,0.39416947960853577
58847,GOOG,2023-12-14,ts_mixer_t3_close,0.4136348366737366
58848,GOOG,2023-12-14,mid_pred_t3_close,0.40390215814113617
58849,GOOG,2023-12-14,pct_pred_close,0.0038322137040084484
58850,GOOG,2023-12-14,filtered_mid_price_t3,0.3978272032264837
58851,GOOG,2023-12-14,filtered_covariance_t3,0.002
58852,GOOG,2023-12-11,signal,1
58853,GOOG,2023-12-11,not_trust,0.0000001508733049604416
58854,GOOG,2023-12-11,is_close,1
58855,GOOG,2023-12-11,final_signal,1
58856,GOOG,2023-12-15,lstm_pred_t3_close,0.3971910774707794
58857,GOOG,2023-12-15,ts_mixer_t3_close,0.41304051876068115
58858,GOOG,2023-12-15,mid_pred_t3_close,0.4051157981157303
58859,GOOG,2023-12-15,pct_pred_close,0.0036642013568373715
58860,GOOG,2023-12-15,filtered_mid_price_t3,0.399284922204333
58861,GOOG,2023-12-15,filtered_covariance_t3,0.002
58862,GOOG,2023-12-12,signal,1
58863,GOOG,2023-12-12,not_trust,0.0000002636250258092332
58864,GOOG,2023-12-12,is_close,0
58865,GOOG,2023-12-12,final_signal,0
58866,GOOG,2023-12-16,lstm_pred_t3_close,0.3976284861564636
58867,GOOG,2023-12-16,ts_mixer_t3_close,0.42060229182243347
58868,GOOG,2023-12-16,mid_pred_t3_close,0.40911538898944855
58869,GOOG,2023-12-16,pct_pred_close,0.004924036064695156
58870,GOOG,2023-12-16,filtered_mid_price_t3,0.4012510155613561
58871,GOOG,2023-12-16,filtered_covariance_t3,0.002
58872,GOOG,2023-12-13,signal,1
58873,GOOG,2023-12-13,not_trust,0.0000008446790502603108
58874,GOOG,2023-12-13,is_close,0
58875,GOOG,2023-12-13,final_signal,0
58876,GOOG,2023-12-17,lstm_pred_t3_close,0.3963373601436615
58877,GOOG,2023-12-17,ts_mixer_t3_close,0.4232572317123413
58878,GOOG,2023-12-17,mid_pred_t3_close,0.4097972959280014
58879,GOOG,2023-12-17,pct_pred_close,0.0042598174385621995
58880,GOOG,2023-12-17,filtered_mid_price_t3,0.4029602716346852
58881,GOOG,2023-12-17,filtered_covariance_t3,0.002
58882,GOOG,2023-12-14,signal,1
58883,GOOG,2023-12-14,not_trust,0.0000037382967548182933
58884,GOOG,2023-12-14,is_close,0
58885,GOOG,2023-12-14,final_signal,0
58886,GOOG,2023-12-18,lstm_pred_t3_close,0.39531829953193665
58887,GOOG,2023-12-18,ts_mixer_t3_close,0.4253077208995819
58888,GOOG,2023-12-18,mid_pred_t3_close,0.4103130102157593
58889,GOOG,2023-12-18,pct_pred_close,0.003649361536930778
58890,GOOG,2023-12-18,filtered_mid_price_t3,0.4044308193509
58891,GOOG,2023-12-18,filtered_covariance_t3,0.002
58892,GOOG,2023-12-15,signal,1
58893,GOOG,2023-12-15,not_trust,0.00000666016103423317
58894,GOOG,2023-12-15,is_close,0
58895,GOOG,2023-12-15,final_signal,0
58896,GOOG,2023-12-19,lstm_pred_t3_close,0.39531776309013367
58897,GOOG,2023-12-19,ts_mixer_t3_close,0.42530766129493713
58898,GOOG,2023-12-19,mid_pred_t3_close,0.4103127121925354
58899,GOOG,2023-12-19,pct_pred_close,0.00290872631866963
58900,GOOG,2023-12-19,filtered_mid_price_t3,0.40560719791922706
58901,GOOG,2023-12-19,filtered_covariance_t3,0.002
58902,GOOG,2023-12-16,signal,1
58903,GOOG,2023-12-16,not_trust,0.000006663929070782615
58904,GOOG,2023-12-20,lstm_pred_t3_close,0.3953177034854889
58905,GOOG,2023-12-20,ts_mixer_t3_close,0.42530763149261475
58906,GOOG,2023-12-20,mid_pred_t3_close,0.4103126674890518
58907,GOOG,2023-12-20,pct_pred_close,0.00232021009191354
58908,GOOG,2023-12-20,filtered_mid_price_t3,0.406548291833192
58909,GOOG,2023-12-20,filtered_covariance_t3,0.002
58910,GOOG,2023-12-17,signal,1
58911,GOOG,2023-12-17,not_trust,0.000006664412012469256
58912,GOOG,2023-12-21,lstm_pred_t3_close,0.40106528997421265
58913,GOOG,2023-12-21,ts_mixer_t3_close,0.43353062868118286
58914,GOOG,2023-12-21,mid_pred_t3_close,0.41729795932769775
58915,GOOG,2023-12-21,pct_pred_close,0.005288261055548253
58916,GOOG,2023-12-21,filtered_mid_price_t3,0.40869822533209316
58917,GOOG,2023-12-21,filtered_covariance_t3,0.002
58918,GOOG,2023-12-18,signal,1
58919,GOOG,2023-12-18,not_trust,0.0000018280161384609528
58920,GOOG,2023-12-18,is_close,0
58921,GOOG,2023-12-18,final_signal,0
58922,GOOG,2023-12-22,lstm_pred_t3_close,0.4105125963687897
58923,GOOG,2023-12-22,ts_mixer_t3_close,0.4418593645095825
58924,GOOG,2023-12-22,mid_pred_t3_close,0.4261859804391861
58925,GOOG,2023-12-22,pct_pred_close,0.008557783725575504
58926,GOOG,2023-12-22,filtered_mid_price_t3,0.41219577635351173
58927,GOOG,2023-12-22,filtered_covariance_t3,0.002
58928,GOOG,2023-12-19,signal,1
58929,GOOG,2023-12-19,not_trust,0.0000005991432772134431
58930,GOOG,2023-12-19,is_close,0
58931,GOOG,2023-12-19,final_signal,0
58932,GOOG,2023-12-23,lstm_pred_t3_close,0.422214150428772
58933,GOOG,2023-12-23,ts_mixer_t3_close,0.4409281015396118
58934,GOOG,2023-12-23,mid_pred_t3_close,0.4315711259841919
58935,GOOG,2023-12-23,pct_pred_close,0.009401042292128271
58936,GOOG,2023-12-23,filtered_mid_price_t3,0.41607084627964774
58937,GOOG,2023-12-23,filtered_covariance_t3,0.002
58938,GOOG,2023-12-20,signal,1
58939,GOOG,2023-12-20,not_trust,0.000000422224729845766
58940,GOOG,2023-12-20,is_close,0
58941,GOOG,2023-12-20,final_signal,0
58942,GOOG,2023-12-24,lstm_pred_t3_close,0.43415921926498413
58943,GOOG,2023-12-24,ts_mixer_t3_close,0.4467570185661316
58944,GOOG,2023-12-24,mid_pred_t3_close,0.44045811891555786
58945,GOOG,2023-12-24,pct_pred_close,0.011722653896071848
58946,GOOG,2023-12-24,filtered_mid_price_t3,0.42094830080682977
58947,GOOG,2023-12-24,filtered_covariance_t3,0.002
58948,GOOG,2023-12-21,signal,1
58949,GOOG,2023-12-21,not_trust,0.0000005243753093964187
58950,GOOG,2023-12-21,is_close,0
58951,GOOG,2023-12-21,final_signal,0
58952,GOOG,2023-12-25,lstm_pred_t3_close,0.44646531343460083
58953,GOOG,2023-12-25,ts_mixer_t3_close,0.4724019169807434
58954,GOOG,2023-12-25,mid_pred_t3_close,0.4594336152076721
58955,GOOG,2023-12-25,pct_pred_close,0.01828505511345584
58956,GOOG,2023-12-25,filtered_mid_price_t3,0.42864536368699824
58957,GOOG,2023-12-25,filtered_covariance_t3,0.002
58958,GOOG,2023-12-22,signal,1
58959,GOOG,2023-12-22,not_trust,0.0000008470434522678261
58960,GOOG,2023-12-22,is_close,0
58961,GOOG,2023-12-22,final_signal,0
58962,GOOG,2023-12-26,lstm_pred_t3_close,0.44646507501602173
58963,GOOG,2023-12-26,ts_mixer_t3_close,0.472401887178421
58964,GOOG,2023-12-26,mid_pred_t3_close,0.4594334810972214
58965,GOOG,2023-12-26,pct_pred_close,0.014365309889461431
58966,GOOG,2023-12-26,filtered_mid_price_t3,0.43480298716904286
58967,GOOG,2023-12-26,filtered_covariance_t3,0.002
58968,GOOG,2023-12-23,signal,1
58969,GOOG,2023-12-23,not_trust,0.0000008471646424368373
58970,GOOG,2023-12-27,lstm_pred_t3_close,0.4464639127254486
58971,GOOG,2023-12-27,ts_mixer_t3_close,0.47240206599235535
58972,GOOG,2023-12-27,mid_pred_t3_close,0.459432989358902
58973,GOOG,2023-12-27,pct_pred_close,0.011329269998912586
58974,GOOG,2023-12-27,filtered_mid_price_t3,0.4397289876070147
58975,GOOG,2023-12-27,filtered_covariance_t3,0.002
58976,GOOG,2023-12-24,signal,1
58977,GOOG,2023-12-24,not_trust,0.0000008477732080791611
58978,GOOG,2023-12-28,lstm_pred_t3_close,0.4464639127254486
58979,GOOG,2023-12-28,ts_mixer_t3_close,0.47240206599235535
58980,GOOG,2023-12-28,mid_pred_t3_close,0.459432989358902
58981,GOOG,2023-12-28,pct_pred_close,0.008961884391163587
58982,GOOG,2023-12-28,filtered_mid_price_t3,0.44366978795739215
58983,GOOG,2023-12-28,filtered_covariance_t3,0.002
58984,GOOG,2023-12-25,signal,1
58985,GOOG,2023-12-25,not_trust,0.0000008477732080791611
58986,GOOG,2023-12-29,lstm_pred_t3_close,0.4589744806289673
58987,GOOG,2023-12-29,ts_mixer_t3_close,0.4813724756240845
58988,GOOG,2023-12-29,mid_pred_t3_close,0.4701734781265259
58989,GOOG,2023-12-29,pct_pred_close,0.011947484768414753
58990,GOOG,2023-12-29,filtered_mid_price_t3,0.4489705259912189
58991,GOOG,2023-12-29,filtered_covariance_t3,0.002
58992,GOOG,2023-12-26,signal,1
58993,GOOG,2023-12-26,not_trust,0.000001004959699457686
58994,GOOG,2023-12-26,is_close,0
58995,GOOG,2023-12-26,final_signal,0
58996,GOOG,2023-12-30,lstm_pred_t3_close,0.4663337767124176
58997,GOOG,2023-12-30,ts_mixer_t3_close,0.4839283227920532
58998,GOOG,2023-12-30,mid_pred_t3_close,0.4751310497522354
58999,GOOG,2023-12-30,pct_pred_close,0.011653559530777853
59000,GOOG,2023-12-30,filtered_mid_price_t3,0.4542026307434222
59001,GOOG,2023-12-30,filtered_covariance_t3,0.002
59002,GOOG,2023-12-27,signal,1
59003,GOOG,2023-12-27,not_trust,0.0000010276413604515255
59004,GOOG,2023-12-27,is_close,0
59005,GOOG,2023-12-27,final_signal,0
59006,GOOG,2023-12-31,lstm_pred_t3_close,0.46894487738609314
59007,GOOG,2023-12-31,ts_mixer_t3_close,0.48204946517944336
59008,GOOG,2023-12-31,mid_pred_t3_close,0.47549717128276825
59009,GOOG,2023-12-31,pct_pred_close,0.009376669837641394
59010,GOOG,2023-12-31,filtered_mid_price_t3,0.45846153885129143
59011,GOOG,2023-12-31,filtered_covariance_t3,0.002
59012,GOOG,2023-12-28,signal,1
59013,GOOG,2023-12-28,not_trust,0.000002757585662038764
59014,GOOG,2023-12-28,is_close,0
59015,GOOG,2023-12-28,final_signal,0
59016,GOOG,2024-01-01,lstm_pred_t3_close,0.46823710203170776
59017,GOOG,2024-01-01,ts_mixer_t3_close,0.48403170704841614
59018,GOOG,2024-01-01,mid_pred_t3_close,0.47613440454006195
59019,GOOG,2024-01-01,pct_pred_close,0.007709639387875928
59020,GOOG,2024-01-01,filtered_mid_price_t3,0.46199611198904555
59021,GOOG,2024-01-01,filtered_covariance_t3,0.002
59022,GOOG,2023-12-29,signal,1
59023,GOOG,2023-12-29,not_trust,0.000008273291314253584
59024,GOOG,2023-12-29,is_close,0
59025,GOOG,2023-12-29,final_signal,0
59026,GOOG,2024-01-02,lstm_pred_t3_close,0.46823742985725403
59027,GOOG,2024-01-02,ts_mixer_t3_close,0.48403164744377136
59028,GOOG,2024-01-02,mid_pred_t3_close,0.4761345386505127
59029,GOOG,2024-01-02,pct_pred_close,0.006120582530704256
59030,GOOG,2024-01-02,filtered_mid_price_t3,0.464823797321339
59031,GOOG,2024-01-02,filtered_covariance_t3,0.002
59032,GOOG,2023-12-30,signal,1
59033,GOOG,2023-12-30,not_trust,0.000008271839760709554
59034,GOOG,2024-01-03,lstm_pred_t3_close,0.46823742985725403
59035,GOOG,2024-01-03,ts_mixer_t3_close,0.48403164744377136
59036,GOOG,2024-01-03,mid_pred_t3_close,0.4761345386505127
59037,GOOG,2024-01-03,pct_pred_close,0.004866679113399413
59038,GOOG,2024-01-03,filtered_mid_price_t3,0.46708594558717376
59039,GOOG,2024-01-03,filtered_covariance_t3,0.002
59040,GOOG,2023-12-31,signal,1
59041,GOOG,2023-12-31,not_trust,0.000008271839760709554
59042,GOOG,2024-01-04,lstm_pred_t3_close,0.4682372212409973
59043,GOOG,2024-01-04,ts_mixer_t3_close,0.48403164744377136
59044,GOOG,2024-01-04,mid_pred_t3_close,0.47613443434238434
59045,GOOG,2024-01-04,pct_pred_close,0.003874442740440724
59046,GOOG,2024-01-04,filtered_mid_price_t3,0.4688956433382159
59047,GOOG,2024-01-04,filtered_covariance_t3,0.002
59048,GOOG,2024-01-01,signal,1
59049,GOOG,2024-01-01,not_trust,0.000008272502782347146
59050,GOOG,2024-01-05,lstm_pred_t3_close,0.466875821352005
59051,GOOG,2024-01-05,ts_mixer_t3_close,0.47316083312034607
59052,GOOG,2024-01-05,mid_pred_t3_close,0.47001832723617554
59053,GOOG,2024-01-05,pct_pred_close,0.0004788630109535586
59054,GOOG,2024-01-05,filtered_mid_price_t3,0.4691201801178078
59055,GOOG,2024-01-05,filtered_covariance_t3,0.002
59056,GOOG,2024-01-02,signal,1
59057,GOOG,2024-01-02,not_trust,0.00005797505218652077
59058,GOOG,2024-01-02,is_close,0
59059,GOOG,2024-01-02,final_signal,0
59060,GOOG,2024-01-06,lstm_pred_t3_close,0.4666649401187897
59061,GOOG,2024-01-06,ts_mixer_t3_close,0.4689769446849823
59062,GOOG,2024-01-06,mid_pred_t3_close,0.467820942401886
59063,GOOG,2024-01-06,pct_pred_close,-0.0005539039977327598
59064,GOOG,2024-01-06,filtered_mid_price_t3,0.46886033257462345
59065,GOOG,2024-01-06,filtered_covariance_t3,0.002
59066,GOOG,2024-01-03,signal,1
59067,GOOG,2024-01-03,not_trust,0.010424293577671051
59068,GOOG,2024-01-03,is_close,0
59069,GOOG,2024-01-03,final_signal,0
59070,GOOG,2024-01-07,lstm_pred_t3_close,0.46241629123687744
59071,GOOG,2024-01-07,ts_mixer_t3_close,0.45319026708602905
59072,GOOG,2024-01-07,mid_pred_t3_close,0.45780327916145325
59073,GOOG,2024-01-07,pct_pred_close,-0.004716565955773328
59074,GOOG,2024-01-07,filtered_mid_price_t3,0.4666489218919894
59075,GOOG,2024-01-07,filtered_covariance_t3,0.002
59076,GOOG,2024-01-04,signal,-1
59077,GOOG,2024-01-04,not_trust,0.9960353970527649
59078,GOOG,2024-01-04,is_close,1
59079,GOOG,2024-01-04,final_signal,0
59080,GOOG,2024-01-08,lstm_pred_t3_close,0.4550178647041321
59081,GOOG,2024-01-08,ts_mixer_t3_close,0.45593854784965515
59082,GOOG,2024-01-08,mid_pred_t3_close,0.4554782062768936
59083,GOOG,2024-01-08,pct_pred_close,-0.004787631596706629
59084,GOOG,2024-01-08,filtered_mid_price_t3,0.46441477876897025
59085,GOOG,2024-01-08,filtered_covariance_t3,0.002
59086,GOOG,2024-01-05,signal,-1
59087,GOOG,2024-01-05,not_trust,0.9962893724441528
59088,GOOG,2024-01-05,is_close,0
59089,GOOG,2024-01-05,final_signal,0
59090,GOOG,2024-01-09,lstm_pred_t3_close,0.4550173878669739
59091,GOOG,2024-01-09,ts_mixer_t3_close,0.45593833923339844
59092,GOOG,2024-01-09,mid_pred_t3_close,0.45547786355018616
59093,GOOG,2024-01-09,pct_pred_close,-0.003848678219273393
59094,GOOG,2024-01-09,filtered_mid_price_t3,0.46262739572521344
59095,GOOG,2024-01-09,filtered_covariance_t3,0.002
59096,GOOG,2024-01-06,signal,-1
59097,GOOG,2024-01-06,not_trust,0.9962844848632812
59098,GOOG,2024-01-10,lstm_pred_t3_close,0.45501717925071716
59099,GOOG,2024-01-10,ts_mixer_t3_close,0.4559382498264313
59100,GOOG,2024-01-10,mid_pred_t3_close,0.4554777145385742
59101,GOOG,2024-01-10,pct_pred_close,-0.003090902636853748
59102,GOOG,2024-01-10,filtered_mid_price_t3,0.4611974594878856
59103,GOOG,2024-01-10,filtered_covariance_t3,0.002
59104,GOOG,2024-01-07,signal,-1
59105,GOOG,2024-01-07,not_trust,0.9962822794914246
59106,GOOG,2024-01-11,lstm_pred_t3_close,0.4532575309276581
59107,GOOG,2024-01-11,ts_mixer_t3_close,0.46664562821388245
59108,GOOG,2024-01-11,mid_pred_t3_close,0.45995157957077026
59109,GOOG,2024-01-11,pct_pred_close,-0.0005402804770428289
59110,GOOG,2024-01-11,filtered_mid_price_t3,0.46094828350446254
59111,GOOG,2024-01-11,filtered_covariance_t3,0.002
59112,GOOG,2024-01-08,signal,-1
59113,GOOG,2024-01-08,not_trust,0.7071360945701599
59114,GOOG,2024-01-08,is_close,0
59115,GOOG,2024-01-08,final_signal,0
59116,GOOG,2024-01-12,lstm_pred_t3_close,0.4593207538127899
59117,GOOG,2024-01-12,ts_mixer_t3_close,0.47966063022613525
59118,GOOG,2024-01-12,mid_pred_t3_close,0.4694906920194626
59119,GOOG,2024-01-12,pct_pred_close,0.0037064498646375604
59120,GOOG,2024-01-12,filtered_mid_price_t3,0.4626567652074626
59121,GOOG,2024-01-12,filtered_covariance_t3,0.002
59122,GOOG,2024-01-09,signal,1
59123,GOOG,2024-01-09,not_trust,0.026990467682480812
59124,GOOG,2024-01-09,is_close,0
59125,GOOG,2024-01-09,final_signal,1
59126,GOOG,2024-01-13,lstm_pred_t3_close,0.47118324041366577
59127,GOOG,2024-01-13,ts_mixer_t3_close,0.5062794089317322
59128,GOOG,2024-01-13,mid_pred_t3_close,0.488731324672699
59129,GOOG,2024-01-13,pct_pred_close,0.011271664623144207
59130,GOOG,2024-01-13,filtered_mid_price_t3,0.46787167710050986
59131,GOOG,2024-01-13,filtered_covariance_t3,0.002
59132,GOOG,2024-01-10,signal,1
59133,GOOG,2024-01-10,not_trust,0.000027086369300377555
59134,GOOG,2024-01-10,is_close,0
59135,GOOG,2024-01-10,final_signal,0
59136,GOOG,2024-01-14,lstm_pred_t3_close,0.48442405462265015
59137,GOOG,2024-01-14,ts_mixer_t3_close,0.5273444652557373
59138,GOOG,2024-01-14,mid_pred_t3_close,0.5058842599391937
59139,GOOG,2024-01-14,pct_pred_close,0.016249148943682585
59140,GOOG,2024-01-14,filtered_mid_price_t3,0.4754741936682466
59141,GOOG,2024-01-14,filtered_covariance_t3,0.002
59142,GOOG,2024-01-11,signal,1
59143,GOOG,2024-01-11,not_trust,0.0000048959632295009214
59144,GOOG,2024-01-11,is_close,0
59145,GOOG,2024-01-11,final_signal,0
59146,GOOG,2024-01-15,lstm_pred_t3_close,0.49701979756355286
59147,GOOG,2024-01-15,ts_mixer_t3_close,0.5395482182502747
59148,GOOG,2024-01-15,mid_pred_t3_close,0.5182840079069138
59149,GOOG,2024-01-15,pct_pred_close,0.018007208302260394
59150,GOOG,2024-01-15,filtered_mid_price_t3,0.48403615651598003
59151,GOOG,2024-01-15,filtered_covariance_t3,0.002
59152,GOOG,2024-01-12,signal,1
59153,GOOG,2024-01-12,not_trust,0.0000018931525573862018
59154,GOOG,2024-01-12,is_close,0
59155,GOOG,2024-01-12,final_signal,0
59156,GOOG,2024-01-16,lstm_pred_t3_close,0.4970211684703827
59157,GOOG,2024-01-16,ts_mixer_t3_close,0.5395479798316956
59158,GOOG,2024-01-16,mid_pred_t3_close,0.5182845741510391
59159,GOOG,2024-01-16,pct_pred_close,0.0141511815487397
59160,GOOG,2024-01-16,filtered_mid_price_t3,0.49088584004299185
59161,GOOG,2024-01-16,filtered_covariance_t3,0.002
59162,GOOG,2024-01-13,signal,1
59163,GOOG,2024-01-13,not_trust,0.0000018923926745628705
59164,GOOG,2024-01-17,lstm_pred_t3_close,0.4970213770866394
59165,GOOG,2024-01-17,ts_mixer_t3_close,0.5395479202270508
59166,GOOG,2024-01-17,mid_pred_t3_close,0.5182846486568451
59167,GOOG,2024-01-17,pct_pred_close,0.01116300629549781
59168,GOOG,2024-01-17,filtered_mid_price_t3,0.4963656017657625
59169,GOOG,2024-01-17,filtered_covariance_t3,0.002
59170,GOOG,2024-01-14,signal,1
59171,GOOG,2024-01-14,not_trust,0.000001892257273539144
59172,GOOG,2024-01-18,lstm_pred_t3_close,0.4970211982727051
59173,GOOG,2024-01-18,ts_mixer_t3_close,0.5395479202270508
59174,GOOG,2024-01-18,mid_pred_t3_close,0.5182845592498779
59175,GOOG,2024-01-18,pct_pred_close,0.008831779400563382
59176,GOOG,2024-01-18,filtered_mid_price_t3,0.5007493932625856
59177,GOOG,2024-01-18,filtered_covariance_t3,0.002
59178,GOOG,2024-01-15,signal,1
59179,GOOG,2024-01-15,not_trust,0.000001892365503408655
59180,GOOG,2024-01-19,lstm_pred_t3_close,0.5066059827804565
59181,GOOG,2024-01-19,ts_mixer_t3_close,0.5552605390548706
59182,GOOG,2024-01-19,mid_pred_t3_close,0.5309332609176636
59183,GOOG,2024-01-19,pct_pred_close,0.012055478473340896
59184,GOOG,2024-01-19,filtered_mid_price_t3,0.5067861667936012
59185,GOOG,2024-01-19,filtered_covariance_t3,0.002
59186,GOOG,2024-01-16,signal,1
59187,GOOG,2024-01-16,not_trust,0.000001833517785598815
59188,GOOG,2024-01-16,is_close,0
59189,GOOG,2024-01-16,final_signal,0
59190,GOOG,2024-01-20,lstm_pred_t3_close,0.5111788511276245
59191,GOOG,2024-01-20,ts_mixer_t3_close,0.5635810494422913
59192,GOOG,2024-01-20,mid_pred_t3_close,0.5373799502849579
59193,GOOG,2024-01-20,pct_pred_close,0.012073645847486832
59194,GOOG,2024-01-20,filtered_mid_price_t3,0.5129049234918726
59195,GOOG,2024-01-20,filtered_covariance_t3,0.002
59196,GOOG,2024-01-17,signal,1
59197,GOOG,2024-01-17,not_trust,0.00000968912718235515
59198,GOOG,2024-01-17,is_close,0
59199,GOOG,2024-01-17,final_signal,0
59200,GOOG,2024-01-21,lstm_pred_t3_close,0.5156611204147339
59201,GOOG,2024-01-21,ts_mixer_t3_close,0.5756674408912659
59202,GOOG,2024-01-21,mid_pred_t3_close,0.5456642806529999
59203,GOOG,2024-01-21,pct_pred_close,0.012774046674420907
59204,GOOG,2024-01-21,filtered_mid_price_t3,0.519456794924098
59205,GOOG,2024-01-21,filtered_covariance_t3,0.002
59206,GOOG,2024-01-18,signal,1
59207,GOOG,2024-01-18,not_trust,0.00029851289582438767
59208,GOOG,2024-01-18,is_close,0
59209,GOOG,2024-01-18,final_signal,0
59210,GOOG,2024-01-22,lstm_pred_t3_close,0.5255385637283325
59211,GOOG,2024-01-22,ts_mixer_t3_close,0.586736261844635
59212,GOOG,2024-01-22,mid_pred_t3_close,0.5561374127864838
59213,GOOG,2024-01-22,pct_pred_close,0.014122682856712055
59214,GOOG,2024-01-22,filtered_mid_price_t3,0.5267929184965752
59215,GOOG,2024-01-22,filtered_covariance_t3,0.002
59216,GOOG,2024-01-19,signal,1
59217,GOOG,2024-01-19,not_trust,0.0228273905813694
59218,GOOG,2024-01-19,is_close,0
59219,GOOG,2024-01-19,final_signal,0
59220,GOOG,2024-01-23,lstm_pred_t3_close,0.5255383849143982
59221,GOOG,2024-01-23,ts_mixer_t3_close,0.5867362022399902
59222,GOOG,2024-01-23,mid_pred_t3_close,0.5561372935771942
59223,GOOG,2024-01-23,pct_pred_close,0.011140762926109684
59224,GOOG,2024-01-23,filtered_mid_price_t3,0.5326617935126989
59225,GOOG,2024-01-23,filtered_covariance_t3,0.002
59226,GOOG,2024-01-20,signal,1
59227,GOOG,2024-01-20,not_trust,0.02287963032722473
59228,GOOG,2024-01-24,lstm_pred_t3_close,0.5255383849143982
59229,GOOG,2024-01-24,ts_mixer_t3_close,0.5867362022399902
59230,GOOG,2024-01-24,mid_pred_t3_close,0.5561372935771942
59231,GOOG,2024-01-24,pct_pred_close,0.008814411076748543
59232,GOOG,2024-01-24,filtered_mid_price_t3,0.537356893525598
59233,GOOG,2024-01-24,filtered_covariance_t3,0.002
59234,GOOG,2024-01-21,signal,1
59235,GOOG,2024-01-21,not_trust,0.02287963032722473
59236,GOOG,2024-01-25,lstm_pred_t3_close,0.5365066528320312
59237,GOOG,2024-01-25,ts_mixer_t3_close,0.5931007862091064
59238,GOOG,2024-01-25,mid_pred_t3_close,0.5648037195205688
59239,GOOG,2024-01-25,pct_pred_close,0.010215492282937702
59240,GOOG,2024-01-25,filtered_mid_price_t3,0.5428462587245921
59241,GOOG,2024-01-25,filtered_covariance_t3,0.002
59242,GOOG,2024-01-22,signal,1
59243,GOOG,2024-01-22,not_trust,0.0009259039652533829
59244,GOOG,2024-01-22,is_close,0
59245,GOOG,2024-01-22,final_signal,0
59246,GOOG,2024-01-26,lstm_pred_t3_close,0.5464928150177002
59247,GOOG,2024-01-26,ts_mixer_t3_close,0.5952978134155273
59248,GOOG,2024-01-26,mid_pred_t3_close,0.5708953142166138
59249,GOOG,2024-01-26,pct_pred_close,0.010334069744874835
59250,GOOG,2024-01-26,filtered_mid_price_t3,0.5484560698229964
59251,GOOG,2024-01-26,filtered_covariance_t3,0.002
59252,GOOG,2024-01-23,signal,1
59253,GOOG,2024-01-23,not_trust,0.000049099166062660515
59254,GOOG,2024-01-23,is_close,0
59255,GOOG,2024-01-23,final_signal,0
59256,GOOG,2024-01-27,lstm_pred_t3_close,0.5532307028770447
59257,GOOG,2024-01-27,ts_mixer_t3_close,0.5823199152946472
59258,GOOG,2024-01-27,mid_pred_t3_close,0.567775309085846
59259,GOOG,2024-01-27,pct_pred_close,0.007044954126985706
59260,GOOG,2024-01-27,filtered_mid_price_t3,0.5523199176755663
59261,GOOG,2024-01-27,filtered_covariance_t3,0.002
59262,GOOG,2024-01-24,signal,1
59263,GOOG,2024-01-24,not_trust,0.00001042509848048212
59264,GOOG,2024-01-24,is_close,0
59265,GOOG,2024-01-24,final_signal,0
59266,GOOG,2024-01-28,lstm_pred_t3_close,0.5563939809799194
59267,GOOG,2024-01-28,ts_mixer_t3_close,0.5686784982681274
59268,GOOG,2024-01-28,mid_pred_t3_close,0.5625362396240234
59269,GOOG,2024-01-28,pct_pred_close,0.003699421882684297
59270,GOOG,2024-01-28,filtered_mid_price_t3,0.5543631820652577
59271,GOOG,2024-01-28,filtered_covariance_t3,0.002
59272,GOOG,2024-01-25,signal,1
59273,GOOG,2024-01-25,not_trust,0.0000033136327601823723
59274,GOOG,2024-01-25,is_close,0
59275,GOOG,2024-01-25,final_signal,0
59276,GOOG,2024-01-29,lstm_pred_t3_close,0.5687733888626099
59277,GOOG,2024-01-29,ts_mixer_t3_close,0.568031370639801
59278,GOOG,2024-01-29,mid_pred_t3_close,0.5684023797512054
59279,GOOG,2024-01-29,pct_pred_close,0.005064981997413782
59280,GOOG,2024-01-29,filtered_mid_price_t3,0.5571710216024472
59281,GOOG,2024-01-29,filtered_covariance_t3,0.002
59282,GOOG,2024-01-26,signal,1
59283,GOOG,2024-01-26,not_trust,0.000022823360268375836
59284,GOOG,2024-01-26,is_close,0
59285,GOOG,2024-01-26,final_signal,0
59286,GOOG,2024-01-30,lstm_pred_t3_close,0.5687734484672546
59287,GOOG,2024-01-30,ts_mixer_t3_close,0.5680314898490906
59288,GOOG,2024-01-30,mid_pred_t3_close,0.5684024691581726
59289,GOOG,2024-01-30,pct_pred_close,0.004031597882970662
59290,GOOG,2024-01-30,filtered_mid_price_t3,0.5594173111135923
59291,GOOG,2024-01-30,filtered_covariance_t3,0.002
59292,GOOG,2024-01-27,signal,1
59293,GOOG,2024-01-27,not_trust,0.000022812915631220676
59294,GOOG,2024-01-31,lstm_pred_t3_close,0.5687743425369263
59295,GOOG,2024-01-31,ts_mixer_t3_close,0.5680320262908936
59296,GOOG,2024-01-31,mid_pred_t3_close,0.5684031844139099
59297,GOOG,2024-01-31,pct_pred_close,0.0032125832082065247
59298,GOOG,2024-01-31,filtered_mid_price_t3,0.5612144857736558
59299,GOOG,2024-01-31,filtered_covariance_t3,0.002
59300,GOOG,2024-01-28,signal,1
59301,GOOG,2024-01-28,not_trust,0.000022645255739917047
59302,GOOG,2024-02-01,lstm_pred_t3_close,0.5777498483657837
59303,GOOG,2024-02-01,ts_mixer_t3_close,0.564909815788269
59304,GOOG,2024-02-01,mid_pred_t3_close,0.5713298320770264
59305,GOOG,2024-02-01,pct_pred_close,0.0036048058486680057
59306,GOOG,2024-02-01,filtered_mid_price_t3,0.5632375550343299
59307,GOOG,2024-02-01,filtered_covariance_t3,0.002
59308,GOOG,2024-01-29,signal,1
59309,GOOG,2024-01-29,not_trust,0.00020594082889147103
59310,GOOG,2024-01-29,is_close,0
59311,GOOG,2024-01-29,final_signal,0
59312,GOOG,2024-02-02,lstm_pred_t3_close,0.5847384929656982
59313,GOOG,2024-02-02,ts_mixer_t3_close,0.5670521855354309
59314,GOOG,2024-02-02,mid_pred_t3_close,0.5758953392505646
59315,GOOG,2024-02-02,pct_pred_close,0.004494652071083232
59316,GOOG,2024-02-02,filtered_mid_price_t3,0.5657691118775768
59317,GOOG,2024-02-02,filtered_covariance_t3,0.002
59318,GOOG,2024-01-30,signal,1
59319,GOOG,2024-01-30,not_trust,0.00007145096606109291
59320,GOOG,2024-01-30,is_close,0
59321,GOOG,2024-01-30,final_signal,0
59322,GOOG,2024-02-03,lstm_pred_t3_close,0.5567702054977417
59323,GOOG,2024-02-03,ts_mixer_t3_close,0.5375680327415466
59324,GOOG,2024-02-03,mid_pred_t3_close,0.5471691191196442
59325,GOOG,2024-02-03,pct_pred_close,-0.006575117788316982
59326,GOOG,2024-02-03,filtered_mid_price_t3,0.5620491133259903
59327,GOOG,2024-02-03,filtered_covariance_t3,0.002
59328,GOOG,2024-01-31,signal,1
59329,GOOG,2024-01-31,not_trust,0.9808681607246399
59330,GOOG,2024-01-31,is_close,0
59331,GOOG,2024-01-31,final_signal,0
59332,GOOG,2024-02-04,lstm_pred_t3_close,0.5261383056640625
59333,GOOG,2024-02-04,ts_mixer_t3_close,0.5240698456764221
59334,GOOG,2024-02-04,mid_pred_t3_close,0.5251040756702423
59335,GOOG,2024-02-04,pct_pred_close,-0.013146551352824436
59336,GOOG,2024-02-04,filtered_mid_price_t3,0.5546601057948407
59337,GOOG,2024-02-04,filtered_covariance_t3,0.002
59338,GOOG,2024-02-01,signal,-1
59339,GOOG,2024-02-01,not_trust,0.00042593025136739016
59340,GOOG,2024-02-01,is_close,1
59341,GOOG,2024-02-01,final_signal,-1
59342,GOOG,2024-02-05,lstm_pred_t3_close,0.5057183504104614
59343,GOOG,2024-02-05,ts_mixer_t3_close,0.5223868489265442
59344,GOOG,2024-02-05,mid_pred_t3_close,0.5140525996685028
59345,GOOG,2024-02-05,pct_pred_close,-0.014642302809265973
59346,GOOG,2024-02-05,filtered_mid_price_t3,0.5465386045695731
59347,GOOG,2024-02-05,filtered_covariance_t3,0.002
59348,GOOG,2024-02-02,signal,-1
59349,GOOG,2024-02-02,not_trust,0.00019639731908682734
59350,GOOG,2024-02-02,is_close,0
59351,GOOG,2024-02-02,final_signal,0
59352,GOOG,2024-02-06,lstm_pred_t3_close,0.5057183504104614
59353,GOOG,2024-02-06,ts_mixer_t3_close,0.5223868489265442
59354,GOOG,2024-02-06,mid_pred_t3_close,0.5140525996685028
59355,GOOG,2024-02-06,pct_pred_close,-0.011887908604975832
59356,GOOG,2024-02-06,filtered_mid_price_t3,0.540041403589359
59357,GOOG,2024-02-06,filtered_covariance_t3,0.002
59358,GOOG,2024-02-03,signal,-1
59359,GOOG,2024-02-03,not_trust,0.0001964167895494029
59360,GOOG,2024-02-07,lstm_pred_t3_close,0.5057183504104614
59361,GOOG,2024-02-07,ts_mixer_t3_close,0.522386908531189
59362,GOOG,2024-02-07,mid_pred_t3_close,0.5140526294708252
59363,GOOG,2024-02-07,pct_pred_close,-0.009624733935509652
59364,GOOG,2024-02-07,filtered_mid_price_t3,0.5348436487656523
59365,GOOG,2024-02-07,filtered_covariance_t3,0.002
59366,GOOG,2024-02-04,signal,-1
59367,GOOG,2024-02-04,not_trust,0.00019637972582131624
59368,GOOG,2024-02-08,lstm_pred_t3_close,0.495624840259552
59369,GOOG,2024-02-08,ts_mixer_t3_close,0.5364664793014526
59370,GOOG,2024-02-08,mid_pred_t3_close,0.5160456597805023
59371,GOOG,2024-02-08,pct_pred_close,-0.007029339893455957
59372,GOOG,2024-02-08,filtered_mid_price_t3,0.5310840509686223
59373,GOOG,2024-02-08,filtered_covariance_t3,0.002
59374,GOOG,2024-02-05,signal,-1
59375,GOOG,2024-02-05,not_trust,0.000010580839443719015
59376,GOOG,2024-02-05,is_close,0
59377,GOOG,2024-02-05,final_signal,0
59378,GOOG,2024-02-09,lstm_pred_t3_close,0.4942839741706848
59379,GOOG,2024-02-09,ts_mixer_t3_close,0.5436485409736633
59380,GOOG,2024-02-09,mid_pred_t3_close,0.5189662575721741
59381,GOOG,2024-02-09,pct_pred_close,-0.004563418304257948
59382,GOOG,2024-02-09,filtered_mid_price_t3,0.5286604922893327
59383,GOOG,2024-02-09,filtered_covariance_t3,0.002
59384,GOOG,2024-02-06,signal,-1
59385,GOOG,2024-02-06,not_trust,0.0000058681057453213725
59386,GOOG,2024-02-06,is_close,0
59387,GOOG,2024-02-06,final_signal,0
59388,GOOG,2024-02-10,lstm_pred_t3_close,0.49946656823158264
59389,GOOG,2024-02-10,ts_mixer_t3_close,0.5466139912605286
59390,GOOG,2024-02-10,mid_pred_t3_close,0.5230402797460556
59391,GOOG,2024-02-10,pct_pred_close,-0.0021262086443944173
59392,GOOG,2024-02-10,filtered_mid_price_t3,0.5275364497806773
59393,GOOG,2024-02-10,filtered_covariance_t3,0.002
59394,GOOG,2024-02-07,signal,-1
59395,GOOG,2024-02-07,not_trust,0.00015981681644916534
59396,GOOG,2024-02-07,is_close,0
59397,GOOG,2024-02-07,final_signal,0
59398,GOOG,2024-02-11,lstm_pred_t3_close,0.50745689868927
59399,GOOG,2024-02-11,ts_mixer_t3_close,0.5450007915496826
59400,GOOG,2024-02-11,mid_pred_t3_close,0.5262288451194763
59401,GOOG,2024-02-11,pct_pred_close,-0.0004957400239337321
59402,GOOG,2024-02-11,filtered_mid_price_t3,0.5272749288484371
59403,GOOG,2024-02-11,filtered_covariance_t3,0.002
59404,GOOG,2024-02-08,signal,-1
59405,GOOG,2024-02-08,not_trust,0.9934870004653931
59406,GOOG,2024-02-08,is_close,0
59407,GOOG,2024-02-08,final_signal,0
59408,GOOG,2024-02-12,lstm_pred_t3_close,0.5202529430389404
59409,GOOG,2024-02-12,ts_mixer_t3_close,0.5758162140846252
59410,GOOG,2024-02-12,mid_pred_t3_close,0.5480345785617828
59411,GOOG,2024-02-12,pct_pred_close,0.007874317012828355
59412,GOOG,2024-02-12,filtered_mid_price_t3,0.5314268587911062
59413,GOOG,2024-02-12,filtered_covariance_t3,0.002
59414,GOOG,2024-02-09,signal,1
59415,GOOG,2024-02-09,not_trust,0.0011369847925379872
59416,GOOG,2024-02-09,is_close,1
59417,GOOG,2024-02-09,final_signal,1
59418,GOOG,2024-02-13,lstm_pred_t3_close,0.5202529430389404
59419,GOOG,2024-02-13,ts_mixer_t3_close,0.57581627368927
59420,GOOG,2024-02-13,mid_pred_t3_close,0.5480346083641052
59421,GOOG,2024-02-13,pct_pred_close,0.006250248476630727
59422,GOOG,2024-02-13,filtered_mid_price_t3,0.534748408705706
59423,GOOG,2024-02-13,filtered_covariance_t3,0.002
59424,GOOG,2024-02-10,signal,1
59425,GOOG,2024-02-10,not_trust,0.0011369653511792421
59426,GOOG,2024-02-14,lstm_pred_t3_close,0.5202529430389404
59427,GOOG,2024-02-14,ts_mixer_t3_close,0.57581627368927
59428,GOOG,2024-02-14,mid_pred_t3_close,0.5480346083641052
59429,GOOG,2024-02-14,pct_pred_close,0.0049691404189708705
59430,GOOG,2024-02-14,filtered_mid_price_t3,0.5374056486373858
59431,GOOG,2024-02-14,filtered_covariance_t3,0.002
59432,GOOG,2024-02-11,signal,1
59433,GOOG,2024-02-11,not_trust,0.001136978855356574
59434,GOOG,2024-02-15,lstm_pred_t3_close,0.5318913459777832
59435,GOOG,2024-02-15,ts_mixer_t3_close,0.577930748462677
59436,GOOG,2024-02-15,mid_pred_t3_close,0.5549110472202301
59437,GOOG,2024-02-15,pct_pred_close,0.006514780269701314
59438,GOOG,2024-02-15,filtered_mid_price_t3,0.5409067283539547
59439,GOOG,2024-02-15,filtered_covariance_t3,0.002
59440,GOOG,2024-02-12,signal,1
59441,GOOG,2024-02-12,not_trust,0.008395357988774776
59442,GOOG,2024-02-12,is_close,0
59443,GOOG,2024-02-12,final_signal,0
59444,GOOG,2024-02-16,lstm_pred_t3_close,0.537255048751831
59445,GOOG,2024-02-16,ts_mixer_t3_close,0.5775837302207947
59446,GOOG,2024-02-16,mid_pred_t3_close,0.5574193894863129
59447,GOOG,2024-02-16,pct_pred_close,0.006105548430727785
59448,GOOG,2024-02-16,filtered_mid_price_t3,0.5442092605804263
59449,GOOG,2024-02-16,filtered_covariance_t3,0.002
59450,GOOG,2024-02-13,signal,1
59451,GOOG,2024-02-13,not_trust,0.00005111014979775064
59452,GOOG,2024-02-13,is_close,0
59453,GOOG,2024-02-13,final_signal,0
59454,GOOG,2024-02-17,lstm_pred_t3_close,0.543226957321167
59455,GOOG,2024-02-17,ts_mixer_t3_close,0.5931587815284729
59456,GOOG,2024-02-17,mid_pred_t3_close,0.56819286942482
59457,GOOG,2024-02-17,pct_pred_close,0.008814112725246064
59458,GOOG,2024-02-17,filtered_mid_price_t3,0.549005982349305
59459,GOOG,2024-02-17,filtered_covariance_t3,0.002
59460,GOOG,2024-02-14,signal,1
59461,GOOG,2024-02-14,not_trust,0.000006382345873134909
59462,GOOG,2024-02-14,is_close,0
59463,GOOG,2024-02-14,final_signal,0
59464,GOOG,2024-02-18,lstm_pred_t3_close,0.5409610867500305
59465,GOOG,2024-02-18,ts_mixer_t3_close,0.5765645503997803
59466,GOOG,2024-02-18,mid_pred_t3_close,0.5587628185749054
59467,GOOG,2024-02-18,pct_pred_close,0.0035543642653397736
59468,GOOG,2024-02-18,filtered_mid_price_t3,0.5509573495944251
59469,GOOG,2024-02-18,filtered_covariance_t3,0.002
59470,GOOG,2024-02-15,signal,1
59471,GOOG,2024-02-15,not_trust,0.000003743812385437195
59472,GOOG,2024-02-15,is_close,0
59473,GOOG,2024-02-15,final_signal,0
59474,GOOG,2024-02-19,lstm_pred_t3_close,0.5319342613220215
59475,GOOG,2024-02-19,ts_mixer_t3_close,0.5562783479690552
59476,GOOG,2024-02-19,mid_pred_t3_close,0.5441063046455383
59477,GOOG,2024-02-19,pct_pred_close,-0.0024869601808307005
59478,GOOG,2024-02-19,filtered_mid_price_t3,0.5495871406046478
59479,GOOG,2024-02-19,filtered_covariance_t3,0.002
59480,GOOG,2024-02-16,signal,1
59481,GOOG,2024-02-16,not_trust,0.000008256188266386744
59482,GOOG,2024-02-16,is_close,0
59483,GOOG,2024-02-16,final_signal,0
59484,GOOG,2024-02-20,lstm_pred_t3_close,0.5319344997406006
59485,GOOG,2024-02-20,ts_mixer_t3_close,0.5562794208526611
59486,GOOG,2024-02-20,mid_pred_t3_close,0.5441069602966309
59487,GOOG,2024-02-20,pct_pred_close,-0.001994289859834626
59488,GOOG,2024-02-20,filtered_mid_price_t3,0.5484911045430444
59489,GOOG,2024-02-20,filtered_covariance_t3,0.002
59490,GOOG,2024-02-17,signal,-1
59491,GOOG,2024-02-17,not_trust,0.00000825409370008856
59492,GOOG,2024-02-21,lstm_pred_t3_close,0.5319339632987976
59493,GOOG,2024-02-21,ts_mixer_t3_close,0.5562773942947388
59494,GOOG,2024-02-21,mid_pred_t3_close,0.5441056787967682
59495,GOOG,2024-02-21,pct_pred_close,-0.0015990872814353678
59496,GOOG,2024-02-21,filtered_mid_price_t3,0.5476140193937892
59497,GOOG,2024-02-21,filtered_covariance_t3,0.002
59498,GOOG,2024-02-18,signal,-1
59499,GOOG,2024-02-18,not_trust,0.00000825800725579029
59500,GOOG,2024-02-22,lstm_pred_t3_close,0.5319341421127319
59501,GOOG,2024-02-22,ts_mixer_t3_close,0.5562781691551208
59502,GOOG,2024-02-22,mid_pred_t3_close,0.5441061556339264
59503,GOOG,2024-02-22,pct_pred_close,-0.00128114461486801
59504,GOOG,2024-02-22,filtered_mid_price_t3,0.5469124466418166
59505,GOOG,2024-02-22,filtered_covariance_t3,0.002
59506,GOOG,2024-02-19,signal,-1
59507,GOOG,2024-02-19,not_trust,0.000008256526598415803
59508,GOOG,2024-02-23,lstm_pred_t3_close,0.5203177332878113
59509,GOOG,2024-02-23,ts_mixer_t3_close,0.5319181084632874
59510,GOOG,2024-02-23,mid_pred_t3_close,0.5261179208755493
59511,GOOG,2024-02-23,pct_pred_close,-0.007604334439251119
59512,GOOG,2024-02-23,filtered_mid_price_t3,0.5427535414885631
59513,GOOG,2024-02-23,filtered_covariance_t3,0.002
59514,GOOG,2024-02-20,signal,-1
59515,GOOG,2024-02-20,not_trust,0.00008124397572828457
59516,GOOG,2024-02-20,is_close,1
59517,GOOG,2024-02-20,final_signal,-1
59518,GOOG,2024-02-24,lstm_pred_t3_close,0.513261616230011
59519,GOOG,2024-02-24,ts_mixer_t3_close,0.5388856530189514
59520,GOOG,2024-02-24,mid_pred_t3_close,0.5260736346244812
59521,GOOG,2024-02-24,pct_pred_close,-0.006146401852426655
59522,GOOG,2024-02-24,filtered_mid_price_t3,0.5394175601157467
59523,GOOG,2024-02-24,filtered_covariance_t3,0.002
59524,GOOG,2024-02-21,signal,-1
59525,GOOG,2024-02-21,not_trust,0.0012902661692351103
59526,GOOG,2024-02-21,is_close,0
59527,GOOG,2024-02-21,final_signal,0
59528,GOOG,2024-02-25,lstm_pred_t3_close,0.5122630596160889
59529,GOOG,2024-02-25,ts_mixer_t3_close,0.5361921191215515
59530,GOOG,2024-02-25,mid_pred_t3_close,0.5242275893688202
59531,GOOG,2024-02-25,pct_pred_close,-0.005631989712632717
59532,GOOG,2024-02-25,filtered_mid_price_t3,0.5363795659663614
59533,GOOG,2024-02-25,filtered_covariance_t3,0.002
59534,GOOG,2024-02-22,signal,-1
59535,GOOG,2024-02-22,not_trust,0.0003781236882787198
59536,GOOG,2024-02-22,is_close,0
59537,GOOG,2024-02-22,final_signal,0
59538,GOOG,2024-02-26,lstm_pred_t3_close,0.5144091248512268
59539,GOOG,2024-02-26,ts_mixer_t3_close,0.5232712626457214
59540,GOOG,2024-02-26,mid_pred_t3_close,0.5188401937484741
59541,GOOG,2024-02-26,pct_pred_close,-0.006539910664302726
59542,GOOG,2024-02-26,filtered_mid_price_t3,0.5328716915227839
59543,GOOG,2024-02-26,filtered_covariance_t3,0.002
59544,GOOG,2024-02-23,signal,-1
59545,GOOG,2024-02-23,not_trust,0.000007365480541920988
59546,GOOG,2024-02-23,is_close,0
59547,GOOG,2024-02-23,final_signal,0
59548,GOOG,2024-02-27,lstm_pred_t3_close,0.5144084692001343
59549,GOOG,2024-02-27,ts_mixer_t3_close,0.5232694745063782
59550,GOOG,2024-02-27,mid_pred_t3_close,0.5188389718532562
59551,GOOG,2024-02-27,pct_pred_close,-0.005266828729229952
59552,GOOG,2024-02-27,filtered_mid_price_t3,0.5300651475888783
59553,GOOG,2024-02-27,filtered_covariance_t3,0.002
59554,GOOG,2024-02-24,signal,-1
59555,GOOG,2024-02-24,not_trust,0.00000742678912502015
59556,GOOG,2024-02-28,lstm_pred_t3_close,0.5144084692001343
59557,GOOG,2024-02-28,ts_mixer_t3_close,0.5232696533203125
59558,GOOG,2024-02-28,mid_pred_t3_close,0.5188390612602234
59559,GOOG,2024-02-28,pct_pred_close,-0.004235738335078046
59560,GOOG,2024-02-28,filtered_mid_price_t3,0.5278199303231473
59561,GOOG,2024-02-28,filtered_covariance_t3,0.002
59562,GOOG,2024-02-25,signal,-1
59563,GOOG,2024-02-25,not_trust,0.000007426569482049672
59564,GOOG,2024-02-29,lstm_pred_t3_close,0.5044475197792053
59565,GOOG,2024-02-29,ts_mixer_t3_close,0.4792986512184143
59566,GOOG,2024-02-29,mid_pred_t3_close,0.4918730854988098
59567,GOOG,2024-02-29,pct_pred_close,-0.013620874377490821
59568,GOOG,2024-02-29,filtered_mid_price_t3,0.5206305613582798
59569,GOOG,2024-02-29,filtered_covariance_t3,0.002
59570,GOOG,2024-02-26,signal,-1
59571,GOOG,2024-02-26,not_trust,0.000002943204435723601
59572,GOOG,2024-02-26,is_close,0
59573,GOOG,2024-02-26,final_signal,0
59574,GOOG,2024-03-01,lstm_pred_t3_close,0.49168872833251953
59575,GOOG,2024-03-01,ts_mixer_t3_close,0.46541017293930054
59576,GOOG,2024-03-01,mid_pred_t3_close,0.47854945063591003
59577,GOOG,2024-03-01,pct_pred_close,-0.016165440081958915
59578,GOOG,2024-03-01,filtered_mid_price_t3,0.5122143392138059
59579,GOOG,2024-03-01,filtered_covariance_t3,0.002
59580,GOOG,2024-02-27,signal,-1
59581,GOOG,2024-02-27,not_trust,0.0000013803689853375545
59582,GOOG,2024-02-27,is_close,0
59583,GOOG,2024-02-27,final_signal,0
59584,GOOG,2024-03-02,lstm_pred_t3_close,0.47659921646118164
59585,GOOG,2024-03-02,ts_mixer_t3_close,0.44504308700561523
59586,GOOG,2024-03-02,mid_pred_t3_close,0.46082115173339844
59587,GOOG,2024-03-02,pct_pred_close,-0.020067063159258866
59588,GOOG,2024-03-02,filtered_mid_price_t3,0.5019357017177244
59589,GOOG,2024-03-02,filtered_covariance_t3,0.002
59590,GOOG,2024-02-28,signal,-1
59591,GOOG,2024-02-28,not_trust,0.000000985646124718187
59592,GOOG,2024-02-28,is_close,0
59593,GOOG,2024-02-28,final_signal,0
59594,GOOG,2024-03-03,lstm_pred_t3_close,0.4668586850166321
59595,GOOG,2024-03-03,ts_mixer_t3_close,0.4605650007724762
59596,GOOG,2024-03-03,mid_pred_t3_close,0.46371184289455414
59597,GOOG,2024-03-03,pct_pred_close,-0.015230579810266803
59598,GOOG,2024-03-03,filtered_mid_price_t3,0.4942909299530903
59599,GOOG,2024-03-03,filtered_covariance_t3,0.002
59600,GOOG,2024-02-29,signal,-1
59601,GOOG,2024-02-29,not_trust,0.000000983376708063588
59602,GOOG,2024-02-29,is_close,0
59603,GOOG,2024-02-29,final_signal,0
59604,GOOG,2024-03-04,lstm_pred_t3_close,0.46142205595970154
59605,GOOG,2024-03-04,ts_mixer_t3_close,0.4565390646457672
59606,GOOG,2024-03-04,mid_pred_t3_close,0.4589805603027344
59607,GOOG,2024-03-04,pct_pred_close,-0.014287282048127811
59608,GOOG,2024-03-04,filtered_mid_price_t3,0.48722885602301913
59609,GOOG,2024-03-04,filtered_covariance_t3,0.002
59610,GOOG,2024-03-01,signal,-1
59611,GOOG,2024-03-01,not_trust,0.0000010338617357774638
59612,GOOG,2024-03-01,is_close,0
59613,GOOG,2024-03-01,final_signal,0
59614,GOOG,2024-03-05,lstm_pred_t3_close,0.46152839064598083
59615,GOOG,2024-03-05,ts_mixer_t3_close,0.45535191893577576
59616,GOOG,2024-03-05,mid_pred_t3_close,0.4584401547908783
59617,GOOG,2024-03-05,pct_pred_close,-0.01181732193250094
59618,GOOG,2024-03-05,filtered_mid_price_t3,0.48147111577659096
59619,GOOG,2024-03-05,filtered_covariance_t3,0.002
59620,GOOG,2024-03-02,signal,-1
59621,GOOG,2024-03-02,not_trust,0.0000009697961331767146
59622,GOOG,2024-03-06,lstm_pred_t3_close,0.46152839064598083
59623,GOOG,2024-03-06,ts_mixer_t3_close,0.45535191893577576
59624,GOOG,2024-03-06,mid_pred_t3_close,0.4584401547908783
59625,GOOG,2024-03-06,pct_pred_close,-0.009566912834870593
59626,GOOG,2024-03-06,filtered_mid_price_t3,0.47686492357944843
59627,GOOG,2024-03-06,filtered_covariance_t3,0.002
59628,GOOG,2024-03-03,signal,-1
59629,GOOG,2024-03-03,not_trust,0.0000009697961331767146
59630,GOOG,2024-03-07,lstm_pred_t3_close,0.451935738325119
59631,GOOG,2024-03-07,ts_mixer_t3_close,0.4402998089790344
59632,GOOG,2024-03-07,mid_pred_t3_close,0.4461177736520767
59633,GOOG,2024-03-07,pct_pred_close,-0.012895538508715294
59634,GOOG,2024-03-07,filtered_mid_price_t3,0.4707154935939741
59635,GOOG,2024-03-07,filtered_covariance_t3,0.002
59636,GOOG,2024-03-04,signal,-1
59637,GOOG,2024-03-04,not_trust,0.0000016783078535809182
59638,GOOG,2024-03-04,is_close,0
59639,GOOG,2024-03-04,final_signal,0
59640,GOOG,2024-03-08,lstm_pred_t3_close,0.4409177005290985
59641,GOOG,2024-03-08,ts_mixer_t3_close,0.4322991967201233
59642,GOOG,2024-03-08,mid_pred_t3_close,0.4366084486246109
59643,GOOG,2024-03-08,pct_pred_close,-0.014491575243870302
59644,GOOG,2024-03-08,filtered_mid_price_t3,0.46389408460010145
59645,GOOG,2024-03-08,filtered_covariance_t3,0.002
59646,GOOG,2024-03-05,signal,-1
59647,GOOG,2024-03-05,not_trust,0.000002655214302649256
59648,GOOG,2024-03-05,is_close,0
59649,GOOG,2024-03-05,final_signal,0
59650,GOOG,2024-03-09,lstm_pred_t3_close,0.4291503131389618
59651,GOOG,2024-03-09,ts_mixer_t3_close,0.44275277853012085
59652,GOOG,2024-03-09,mid_pred_t3_close,0.4359515458345413
59653,GOOG,2024-03-09,pct_pred_close,-0.012046947651702854
59654,GOOG,2024-03-09,filtered_mid_price_t3,0.4583055768469894
59655,GOOG,2024-03-09,filtered_covariance_t3,0.002
59656,GOOG,2024-03-06,signal,-1
59657,GOOG,2024-03-06,not_trust,0.0000031002791729406454
59658,GOOG,2024-03-06,is_close,0
59659,GOOG,2024-03-06,final_signal,0
59660,GOOG,2024-03-10,lstm_pred_t3_close,0.4234108328819275
59661,GOOG,2024-03-10,ts_mixer_t3_close,0.4509396255016327
59662,GOOG,2024-03-10,mid_pred_t3_close,0.4371752291917801
59663,GOOG,2024-03-10,pct_pred_close,-0.009221073765054353
59664,GOOG,2024-03-10,filtered_mid_price_t3,0.45407950731594754
59665,GOOG,2024-03-10,filtered_covariance_t3,0.002
59666,GOOG,2024-03-07,signal,-1
59667,GOOG,2024-03-07,not_trust,0.000001998374045797391
59668,GOOG,2024-03-07,is_close,0
59669,GOOG,2024-03-07,final_signal,0
59670,GOOG,2024-03-11,lstm_pred_t3_close,0.424060583114624
59671,GOOG,2024-03-11,ts_mixer_t3_close,0.4666033089160919
59672,GOOG,2024-03-11,mid_pred_t3_close,0.44533194601535797
59673,GOOG,2024-03-11,pct_pred_close,-0.0038528764939410247
59674,GOOG,2024-03-11,filtered_mid_price_t3,0.4523299950558296
59675,GOOG,2024-03-11,filtered_covariance_t3,0.002
59676,GOOG,2024-03-08,signal,-1
59677,GOOG,2024-03-08,not_trust,0.0000010069512654808932
59678,GOOG,2024-03-08,is_close,0
59679,GOOG,2024-03-08,final_signal,0
59680,GOOG,2024-03-12,lstm_pred_t3_close,0.42406073212623596
59681,GOOG,2024-03-12,ts_mixer_t3_close,0.46660366654396057
59682,GOOG,2024-03-12,mid_pred_t3_close,0.44533219933509827
59683,GOOG,2024-03-12,pct_pred_close,-0.0030941108470454236
59684,GOOG,2024-03-12,filtered_mid_price_t3,0.45093043591168336
59685,GOOG,2024-03-12,filtered_covariance_t3,0.002
59686,GOOG,2024-03-09,signal,-1
59687,GOOG,2024-03-09,not_trust,0.0000010068754363601329
59688,GOOG,2024-03-13,lstm_pred_t3_close,0.42406073212623596
59689,GOOG,2024-03-13,ts_mixer_t3_close,0.46660366654396057
59690,GOOG,2024-03-13,mid_pred_t3_close,0.44533219933509827
59691,GOOG,2024-03-13,pct_pred_close,-0.002482971265963258
59692,GOOG,2024-03-13,filtered_mid_price_t3,0.44981078859636636
59693,GOOG,2024-03-13,filtered_covariance_t3,0.002
59694,GOOG,2024-03-10,signal,-1
59695,GOOG,2024-03-10,not_trust,0.0000010068754363601329
59696,GOOG,2024-03-14,lstm_pred_t3_close,0.43360215425491333
59697,GOOG,2024-03-14,ts_mixer_t3_close,0.48728877305984497
59698,GOOG,2024-03-14,mid_pred_t3_close,0.46044546365737915
59699,GOOG,2024-03-14,pct_pred_close,0.0047285104451132995
59700,GOOG,2024-03-14,filtered_mid_price_t3,0.45193772360856893
59701,GOOG,2024-03-14,filtered_covariance_t3,0.002
59702,GOOG,2024-03-11,signal,-1
59703,GOOG,2024-03-11,not_trust,0.00000037928666074549255
59704,GOOG,2024-03-11,is_close,0
59705,GOOG,2024-03-11,final_signal,0
59706,GOOG,2024-03-15,lstm_pred_t3_close,0.4463309645652771
59707,GOOG,2024-03-15,ts_mixer_t3_close,0.4984775483608246
59708,GOOG,2024-03-15,mid_pred_t3_close,0.47240425646305084
59709,GOOG,2024-03-15,pct_pred_close,0.009057235891292155
59710,GOOG,2024-03-15,filtered_mid_price_t3,0.45603103017946534
59711,GOOG,2024-03-15,filtered_covariance_t3,0.002
59712,GOOG,2024-03-12,signal,1
59713,GOOG,2024-03-12,not_trust,0.00000020601058281499718
59714,GOOG,2024-03-12,is_close,1
59715,GOOG,2024-03-12,final_signal,1
59716,GOOG,2024-03-16,lstm_pred_t3_close,0.460378497838974
59717,GOOG,2024-03-16,ts_mixer_t3_close,0.5186781287193298
59718,GOOG,2024-03-16,mid_pred_t3_close,0.4895283132791519
59719,GOOG,2024-03-16,pct_pred_close,0.014690791144850009
59720,GOOG,2024-03-16,filtered_mid_price_t3,0.46273048679940265
59721,GOOG,2024-03-16,filtered_covariance_t3,0.002
59722,GOOG,2024-03-13,signal,1
59723,GOOG,2024-03-13,not_trust,0.00000019980488730197976
59724,GOOG,2024-03-13,is_close,0
59725,GOOG,2024-03-13,final_signal,0
59726,GOOG,2024-03-17,lstm_pred_t3_close,0.47628048062324524
59727,GOOG,2024-03-17,ts_mixer_t3_close,0.5404148101806641
59728,GOOG,2024-03-17,mid_pred_t3_close,0.5083476454019547
59729,GOOG,2024-03-17,pct_pred_close,0.019716513134059976
59730,GOOG,2024-03-17,filtered_mid_price_t3,0.47185391851991304
59731,GOOG,2024-03-17,filtered_covariance_t3,0.002
59732,GOOG,2024-03-14,signal,1
59733,GOOG,2024-03-14,not_trust,0.00000026896046279034636
59734,GOOG,2024-03-14,is_close,0
59735,GOOG,2024-03-14,final_signal,0
59736,GOOG,2024-03-18,lstm_pred_t3_close,0.4865427017211914
59737,GOOG,2024-03-18,ts_mixer_t3_close,0.5381424427032471
59738,GOOG,2024-03-18,mid_pred_t3_close,0.5123425722122192
59739,GOOG,2024-03-18,pct_pred_close,0.017161520590656117
59740,GOOG,2024-03-18,filtered_mid_price_t3,0.4799516492583743
59741,GOOG,2024-03-18,filtered_covariance_t3,0.002
59742,GOOG,2024-03-15,signal,1
59743,GOOG,2024-03-15,not_trust,0.0000004152607573360001
59744,GOOG,2024-03-15,is_close,0
59745,GOOG,2024-03-15,final_signal,0
59746,GOOG,2024-03-19,lstm_pred_t3_close,0.48654288053512573
59747,GOOG,2024-03-19,ts_mixer_t3_close,0.53814297914505
59748,GOOG,2024-03-19,mid_pred_t3_close,0.5123429298400879
59749,GOOG,2024-03-19,pct_pred_close,0.013497726544648798
59750,GOOG,2024-03-19,filtered_mid_price_t3,0.48642990537471703
59751,GOOG,2024-03-19,filtered_covariance_t3,0.002
59752,GOOG,2024-03-16,signal,1
59753,GOOG,2024-03-16,not_trust,0.00000041527061966917245
59754,GOOG,2024-03-20,lstm_pred_t3_close,0.48654288053512573
59755,GOOG,2024-03-20,ts_mixer_t3_close,0.53814297914505
59756,GOOG,2024-03-20,mid_pred_t3_close,0.5123429298400879
59757,GOOG,2024-03-20,pct_pred_close,0.010654371443469897
59758,GOOG,2024-03-20,filtered_mid_price_t3,0.4916125102677912
59759,GOOG,2024-03-20,filtered_covariance_t3,0.002
59760,GOOG,2024-03-17,signal,1
59761,GOOG,2024-03-17,not_trust,0.00000041527061966917245
59762,GOOG,2024-03-21,lstm_pred_t3_close,0.5019447803497314
59763,GOOG,2024-03-21,ts_mixer_t3_close,0.5423645377159119
59764,GOOG,2024-03-21,mid_pred_t3_close,0.5221546590328217
59765,GOOG,2024-03-21,pct_pred_close,0.012425293550155363
59766,GOOG,2024-03-21,filtered_mid_price_t3,0.49772094002079725
59767,GOOG,2024-03-21,filtered_covariance_t3,0.002
59768,GOOG,2024-03-18,signal,1
59769,GOOG,2024-03-18,not_trust,0.00000026179856149610714
59770,GOOG,2024-03-18,is_close,0
59771,GOOG,2024-03-18,final_signal,0
59772,GOOG,2024-03-22,lstm_pred_t3_close,0.5165326595306396
59773,GOOG,2024-03-22,ts_mixer_t3_close,0.5528621077537537
59774,GOOG,2024-03-22,mid_pred_t3_close,0.5346973836421967
59775,GOOG,2024-03-22,pct_pred_close,0.01485830337773381
59776,GOOG,2024-03-22,filtered_mid_price_t3,0.5051162287450771
59777,GOOG,2024-03-22,filtered_covariance_t3,0.002
59778,GOOG,2024-03-19,signal,1
59779,GOOG,2024-03-19,not_trust,0.00000014156579197788233
59780,GOOG,2024-03-19,is_close,0
59781,GOOG,2024-03-19,final_signal,0
59782,GOOG,2024-03-23,lstm_pred_t3_close,0.5301477313041687
59783,GOOG,2024-03-23,ts_mixer_t3_close,0.5605197548866272
59784,GOOG,2024-03-23,mid_pred_t3_close,0.545333743095398
59785,GOOG,2024-03-23,pct_pred_close,0.015924063437929206
59786,GOOG,2024-03-23,filtered_mid_price_t3,0.5131597316151413
59787,GOOG,2024-03-23,filtered_covariance_t3,0.002
59788,GOOG,2024-03-20,signal,1
59789,GOOG,2024-03-20,not_trust,0.00000009140479306779525
59790,GOOG,2024-03-20,is_close,0
59791,GOOG,2024-03-20,final_signal,0
59792,GOOG,2024-03-24,lstm_pred_t3_close,0.5383701324462891
59793,GOOG,2024-03-24,ts_mixer_t3_close,0.5745128393173218
59794,GOOG,2024-03-24,mid_pred_t3_close,0.5564414858818054
59795,GOOG,2024-03-24,pct_pred_close,0.016868725895711756
59796,GOOG,2024-03-24,filtered_mid_price_t3,0.5218160824684741
59797,GOOG,2024-03-24,filtered_covariance_t3,0.002
59798,GOOG,2024-03-21,signal,1
59799,GOOG,2024-03-21,not_trust,0.00000007611271968244182
59800,GOOG,2024-03-21,is_close,0
59801,GOOG,2024-03-21,final_signal,0
59802,GOOG,2024-03-25,lstm_pred_t3_close,0.5458633899688721
59803,GOOG,2024-03-25,ts_mixer_t3_close,0.5753903388977051
59804,GOOG,2024-03-25,mid_pred_t3_close,0.5606268644332886
59805,GOOG,2024-03-25,pct_pred_close,0.014875272445118257
59806,GOOG,2024-03-25,filtered_mid_price_t3,0.529578238861437
59807,GOOG,2024-03-25,filtered_covariance_t3,0.002
59808,GOOG,2024-03-22,signal,1
59809,GOOG,2024-03-22,not_trust,0.00000007407878399590118
59810,GOOG,2024-03-22,is_close,0
59811,GOOG,2024-03-22,final_signal,0
59812,GOOG,2024-03-26,lstm_pred_t3_close,0.5458636283874512
59813,GOOG,2024-03-26,ts_mixer_t3_close,0.5753908157348633
59814,GOOG,2024-03-26,mid_pred_t3_close,0.5606272220611572
59815,GOOG,2024-03-26,pct_pred_close,0.011725928643319523
59816,GOOG,2024-03-26,filtered_mid_price_t3,0.535788035501381
59817,GOOG,2024-03-26,filtered_covariance_t3,0.002
59818,GOOG,2024-03-23,signal,1
59819,GOOG,2024-03-23,not_trust,0.00000007407991375885103
59820,GOOG,2024-03-27,lstm_pred_t3_close,0.5458636283874512
59821,GOOG,2024-03-27,ts_mixer_t3_close,0.5753908157348633
59822,GOOG,2024-03-27,mid_pred_t3_close,0.5606272220611572
59823,GOOG,2024-03-27,pct_pred_close,0.009272019871265798
59824,GOOG,2024-03-27,filtered_mid_price_t3,0.5407558728133363
59825,GOOG,2024-03-27,filtered_covariance_t3,0.002
59826,GOOG,2024-03-24,signal,1
59827,GOOG,2024-03-24,not_trust,0.00000007407991375885103
59828,GOOG,2024-03-28,lstm_pred_t3_close,0.5505961179733276
59829,GOOG,2024-03-28,ts_mixer_t3_close,0.5701794028282166
59830,GOOG,2024-03-28,mid_pred_t3_close,0.5603877604007721
59831,GOOG,2024-03-28,pct_pred_close,0.00726090591870926
59832,GOOG,2024-03-28,filtered_mid_price_t3,0.5446822503308234
59833,GOOG,2024-03-28,filtered_covariance_t3,0.002
59834,GOOG,2024-03-25,signal,1
59835,GOOG,2024-03-25,not_trust,0.00000008122922423581258
59836,GOOG,2024-03-25,is_close,0
59837,GOOG,2024-03-25,final_signal,0
59838,GOOG,2024-03-29,lstm_pred_t3_close,0.5535521507263184
59839,GOOG,2024-03-29,ts_mixer_t3_close,0.5636351704597473
59840,GOOG,2024-03-29,mid_pred_t3_close,0.5585936605930328
59841,GOOG,2024-03-29,pct_pred_close,0.005108082833160133
59842,GOOG,2024-03-29,filtered_mid_price_t3,0.5474645323832653
59843,GOOG,2024-03-29,filtered_covariance_t3,0.002
59844,GOOG,2024-03-26,signal,1
59845,GOOG,2024-03-26,not_trust,0.00000009589450655766996
59846,GOOG,2024-03-26,is_close,0
59847,GOOG,2024-03-26,final_signal,0
59848,GOOG,2024-03-30,lstm_pred_t3_close,0.5554325580596924
59849,GOOG,2024-03-30,ts_mixer_t3_close,0.5544652342796326
59850,GOOG,2024-03-30,mid_pred_t3_close,0.5549488961696625
59851,GOOG,2024-03-30,pct_pred_close,0.0027341912922889907
59852,GOOG,2024-03-30,filtered_mid_price_t3,0.5489614051405447
59853,GOOG,2024-03-30,filtered_covariance_t3,0.002
59854,GOOG,2024-03-27,signal,1
59855,GOOG,2024-03-27,not_trust,0.00000011481470352237011
59856,GOOG,2024-03-27,is_close,0
59857,GOOG,2024-03-27,final_signal,0
59858,GOOG,2024-03-31,lstm_pred_t3_close,0.5562366247177124
59859,GOOG,2024-03-31,ts_mixer_t3_close,0.5497840046882629
59860,GOOG,2024-03-31,mid_pred_t3_close,0.5530103147029877
59861,GOOG,2024-03-31,pct_pred_close,0.001475116292157687
59862,GOOG,2024-03-31,filtered_mid_price_t3,0.5497711870530333
59863,GOOG,2024-03-31,filtered_covariance_t3,0.002
59864,GOOG,2024-03-28,signal,1
59865,GOOG,2024-03-28,not_trust,0.00000015347342241511797
59866,GOOG,2024-03-28,is_close,0
59867,GOOG,2024-03-28,final_signal,0
59868,GOOG,2024-04-01,lstm_pred_t3_close,0.5562362670898438
59869,GOOG,2024-04-01,ts_mixer_t3_close,0.5497832298278809
59870,GOOG,2024-04-01,mid_pred_t3_close,0.5530097484588623
59871,GOOG,2024-04-01,pct_pred_close,0.001178148830675804
59872,GOOG,2024-04-01,filtered_mid_price_t3,0.5504188993341991
59873,GOOG,2024-04-01,filtered_covariance_t3,0.002
59874,GOOG,2024-03-29,signal,1
59875,GOOG,2024-03-29,not_trust,0.00000015347386295161414
59876,GOOG,2024-04-02,lstm_pred_t3_close,0.5562379956245422
59877,GOOG,2024-04-02,ts_mixer_t3_close,0.5497866868972778
59878,GOOG,2024-04-02,mid_pred_t3_close,0.55301234126091
59879,GOOG,2024-04-02,pct_pred_close,0.0009423520630734353
59880,GOOG,2024-04-02,filtered_mid_price_t3,0.5509375877195413
59881,GOOG,2024-04-02,filtered_covariance_t3,0.002
59882,GOOG,2024-03-30,signal,1
59883,GOOG,2024-03-30,not_trust,0.0000001534709355155428
59884,GOOG,2024-04-03,lstm_pred_t3_close,0.5562379956245422
59885,GOOG,2024-04-03,ts_mixer_t3_close,0.5497866868972778
59886,GOOG,2024-04-03,mid_pred_t3_close,0.55301234126091
59887,GOOG,2024-04-03,pct_pred_close,0.0007531718973674957
59888,GOOG,2024-04-03,filtered_mid_price_t3,0.5513525384278151
59889,GOOG,2024-04-03,filtered_covariance_t3,0.002
59890,GOOG,2024-03-31,signal,1
59891,GOOG,2024-03-31,not_trust,0.0000001534709355155428
59892,GOOG,2024-04-04,lstm_pred_t3_close,0.557837724685669
59893,GOOG,2024-04-04,ts_mixer_t3_close,0.5529179573059082
59894,GOOG,2024-04-04,mid_pred_t3_close,0.5553778409957886
59895,GOOG,2024-04-04,pct_pred_close,0.001460155630897032
59896,GOOG,2024-04-04,filtered_mid_price_t3,0.5521575989414098
59897,GOOG,2024-04-04,filtered_covariance_t3,0.002
59898,GOOG,2024-04-01,signal,1
59899,GOOG,2024-04-01,not_trust,0.00000022501609464598005
59900,GOOG,2024-04-01,is_close,0
59901,GOOG,2024-04-01,final_signal,0
59902,GOOG,2024-04-05,lstm_pred_t3_close,0.564004123210907
59903,GOOG,2024-04-05,ts_mixer_t3_close,0.5608566999435425
59904,GOOG,2024-04-05,mid_pred_t3_close,0.5624304115772247
59905,GOOG,2024-04-05,pct_pred_close,0.003720971206593816
59906,GOOG,2024-04-05,filtered_mid_price_t3,0.5542121614685728
59907,GOOG,2024-04-05,filtered_covariance_t3,0.002
59908,GOOG,2024-04-02,signal,1
59909,GOOG,2024-04-02,not_trust,0.00000044714334990203497
59910,GOOG,2024-04-02,is_close,0
59911,GOOG,2024-04-02,final_signal,0
59912,GOOG,2024-04-06,lstm_pred_t3_close,0.5771199464797974
59913,GOOG,2024-04-06,ts_mixer_t3_close,0.578374445438385
59914,GOOG,2024-04-06,mid_pred_t3_close,0.5777471959590912
59915,GOOG,2024-04-06,pct_pred_close,0.008493149781540072
59916,GOOG,2024-04-06,filtered_mid_price_t3,0.5589191683666764
59917,GOOG,2024-04-06,filtered_covariance_t3,0.002
59918,GOOG,2024-04-03,signal,1
59919,GOOG,2024-04-03,not_trust,0.0000024856899472069927
59920,GOOG,2024-04-03,is_close,0
59921,GOOG,2024-04-03,final_signal,0
59922,GOOG,2024-04-07,lstm_pred_t3_close,0.5768526792526245
59923,GOOG,2024-04-07,ts_mixer_t3_close,0.5779236555099487
59924,GOOG,2024-04-07,mid_pred_t3_close,0.5773881673812866
59925,GOOG,2024-04-07,pct_pred_close,0.006608826485082649
59926,GOOG,2024-04-07,filtered_mid_price_t3,0.5626129681695985
59927,GOOG,2024-04-07,filtered_covariance_t3,0.002
59928,GOOG,2024-04-04,signal,1
59929,GOOG,2024-04-04,not_trust,0.000001525900415799697
59930,GOOG,2024-04-04,is_close,0
59931,GOOG,2024-04-04,final_signal,0
59932,GOOG,2024-04-08,lstm_pred_t3_close,0.5734665393829346
59933,GOOG,2024-04-08,ts_mixer_t3_close,0.5823938846588135
59934,GOOG,2024-04-08,mid_pred_t3_close,0.577930212020874
59935,GOOG,2024-04-08,pct_pred_close,0.005445037607685637
59936,GOOG,2024-04-08,filtered_mid_price_t3,0.5656764169398536
59937,GOOG,2024-04-08,filtered_covariance_t3,0.002
59938,GOOG,2024-04-05,signal,1
59939,GOOG,2024-04-05,not_trust,0.0000019335816432430875
59940,GOOG,2024-04-05,is_close,0
59941,GOOG,2024-04-05,final_signal,0
59942,GOOG,2024-04-09,lstm_pred_t3_close,0.5734673738479614
59943,GOOG,2024-04-09,ts_mixer_t3_close,0.5823962092399597
59944,GOOG,2024-04-09,mid_pred_t3_close,0.5779317915439606
59945,GOOG,2024-04-09,pct_pred_close,0.004332998243202405
59946,GOOG,2024-04-09,filtered_mid_price_t3,0.568127491860675
59947,GOOG,2024-04-09,filtered_covariance_t3,0.002
59948,GOOG,2024-04-06,signal,1
59949,GOOG,2024-04-06,not_trust,0.000001933813791765715
59950,GOOG,2024-04-10,lstm_pred_t3_close,0.5734672546386719
59951,GOOG,2024-04-10,ts_mixer_t3_close,0.5823957324028015
59952,GOOG,2024-04-10,mid_pred_t3_close,0.5779314935207367
59953,GOOG,2024-04-10,pct_pred_close,0.003451338581751205
59954,GOOG,2024-04-10,filtered_mid_price_t3,0.5700882921926873
59955,GOOG,2024-04-10,filtered_covariance_t3,0.002
59956,GOOG,2024-04-07,signal,1
59957,GOOG,2024-04-07,not_trust,0.0000019337678622832755
59958,GOOG,2024-04-11,lstm_pred_t3_close,0.5744283199310303
59959,GOOG,2024-04-11,ts_mixer_t3_close,0.5982251167297363
59960,GOOG,2024-04-11,mid_pred_t3_close,0.5863267183303833
59961,GOOG,2024-04-11,pct_pred_close,0.005696810953699521
59962,GOOG,2024-04-11,filtered_mid_price_t3,0.5733359774202265
59963,GOOG,2024-04-11,filtered_covariance_t3,0.002
59964,GOOG,2024-04-08,signal,1
59965,GOOG,2024-04-08,not_trust,0.0000037945997064525727
59966,GOOG,2024-04-08,is_close,0
59967,GOOG,2024-04-08,final_signal,0
59968,GOOG,2024-04-12,lstm_pred_t3_close,0.5816486477851868
59969,GOOG,2024-04-12,ts_mixer_t3_close,0.6205389499664307
59970,GOOG,2024-04-12,mid_pred_t3_close,0.6010937988758087
59971,GOOG,2024-04-12,pct_pred_close,0.009682916317402937
59972,GOOG,2024-04-12,filtered_mid_price_t3,0.5788875417113429
59973,GOOG,2024-04-12,filtered_covariance_t3,0.002
59974,GOOG,2024-04-09,signal,1
59975,GOOG,2024-04-09,not_trust,0.000010020360605267342
59976,GOOG,2024-04-09,is_close,0
59977,GOOG,2024-04-09,final_signal,0
59978,GOOG,2024-04-13,lstm_pred_t3_close,0.590543806552887
59979,GOOG,2024-04-13,ts_mixer_t3_close,0.6250911355018616
59980,GOOG,2024-04-13,mid_pred_t3_close,0.6078174710273743
59981,GOOG,2024-04-13,pct_pred_close,0.009995008436528683
59982,GOOG,2024-04-13,filtered_mid_price_t3,0.5846735275745492
59983,GOOG,2024-04-13,filtered_covariance_t3,0.002
59984,GOOG,2024-04-10,signal,1
59985,GOOG,2024-04-10,not_trust,0.000007087680842232658
59986,GOOG,2024-04-10,is_close,0
59987,GOOG,2024-04-10,final_signal,0
59988,GOOG,2024-04-14,lstm_pred_t3_close,0.598875880241394
59989,GOOG,2024-04-14,ts_mixer_t3_close,0.6454004645347595
59990,GOOG,2024-04-14,mid_pred_t3_close,0.6221381723880768
59991,GOOG,2024-04-14,pct_pred_close,0.012815577598987651
59992,GOOG,2024-04-14,filtered_mid_price_t3,0.5921664565372546
59993,GOOG,2024-04-14,filtered_covariance_t3,0.002
59994,GOOG,2024-04-11,signal,1
59995,GOOG,2024-04-11,not_trust,0.000005412377049651695
59996,GOOG,2024-04-11,is_close,0
59997,GOOG,2024-04-11,final_signal,0
59998,GOOG,2024-04-15,lstm_pred_t3_close,0.6135388612747192
59999,GOOG,2024-04-15,ts_mixer_t3_close,0.6543363332748413
60000,GOOG,2024-04-15,mid_pred_t3_close,0.6339375972747803
60001,GOOG,2024-04-15,pct_pred_close,0.01410790505824522
60002,GOOG,2024-04-15,filtered_mid_price_t3,0.6005206846847597
60003,GOOG,2024-04-15,filtered_covariance_t3,0.002
60004,GOOG,2024-04-12,signal,1
60005,GOOG,2024-04-12,not_trust,0.0000036755382097908296
60006,GOOG,2024-04-12,is_close,0
60007,GOOG,2024-04-12,final_signal,0
60008,GOOG,2024-04-16,lstm_pred_t3_close,0.613538384437561
60009,GOOG,2024-04-16,ts_mixer_t3_close,0.6543354392051697
60010,GOOG,2024-04-16,mid_pred_t3_close,0.6339369118213654
60011,GOOG,2024-04-16,pct_pred_close,0.011129084472468194
60012,GOOG,2024-04-16,filtered_mid_price_t3,0.6072039301120808
60013,GOOG,2024-04-16,filtered_covariance_t3,0.002
60014,GOOG,2024-04-13,signal,1
60015,GOOG,2024-04-13,not_trust,0.0000036780488699150737
60016,GOOG,2024-04-17,lstm_pred_t3_close,0.6135389804840088
60017,GOOG,2024-04-17,ts_mixer_t3_close,0.6543365716934204
60018,GOOG,2024-04-17,mid_pred_t3_close,0.6339377760887146
60019,GOOG,2024-04-17,pct_pred_close,0.008805557622691595
60020,GOOG,2024-04-17,filtered_mid_price_t3,0.6125506993074076
60021,GOOG,2024-04-17,filtered_covariance_t3,0.002
60022,GOOG,2024-04-14,signal,1
60023,GOOG,2024-04-14,not_trust,0.0000036750159324583365
60024,GOOG,2024-04-18,lstm_pred_t3_close,0.6148325204849243
60025,GOOG,2024-04-18,ts_mixer_t3_close,0.645115315914154
60026,GOOG,2024-04-18,mid_pred_t3_close,0.6299739181995392
60027,GOOG,2024-04-18,pct_pred_close,0.005688743449915669
60028,GOOG,2024-04-18,filtered_mid_price_t3,0.6160353430858339
60029,GOOG,2024-04-18,filtered_covariance_t3,0.002
60030,GOOG,2024-04-15,signal,1
60031,GOOG,2024-04-15,not_trust,0.00002204584416176658
60032,GOOG,2024-04-15,is_close,0
60033,GOOG,2024-04-15,final_signal,0
60034,GOOG,2024-04-19,lstm_pred_t3_close,0.6113560199737549
60035,GOOG,2024-04-19,ts_mixer_t3_close,0.6422758102416992
60036,GOOG,2024-04-19,mid_pred_t3_close,0.626815915107727
60037,GOOG,2024-04-19,pct_pred_close,0.003499984909272108
60038,GOOG,2024-04-19,filtered_mid_price_t3,0.6181914574902125
60039,GOOG,2024-04-19,filtered_covariance_t3,0.002
60040,GOOG,2024-04-16,signal,1
60041,GOOG,2024-04-16,not_trust,0.0006684617837890983
60042,GOOG,2024-04-16,is_close,0
60043,GOOG,2024-04-16,final_signal,0
60044,GOOG,2024-04-20,lstm_pred_t3_close,0.6084963083267212
60045,GOOG,2024-04-20,ts_mixer_t3_close,0.643001914024353
60046,GOOG,2024-04-20,mid_pred_t3_close,0.6257491111755371
60047,GOOG,2024-04-20,pct_pred_close,0.0024450851249247867
60048,GOOG,2024-04-20,filtered_mid_price_t3,0.6197029882272774
60049,GOOG,2024-04-20,filtered_covariance_t3,0.002
60050,GOOG,2024-04-17,signal,1
60051,GOOG,2024-04-17,not_trust,0.12351320683956146
60052,GOOG,2024-04-17,is_close,0
60053,GOOG,2024-04-17,final_signal,0
60054,GOOG,2024-04-21,lstm_pred_t3_close,0.6105010509490967
60055,GOOG,2024-04-21,ts_mixer_t3_close,0.655105710029602
60056,GOOG,2024-04-21,mid_pred_t3_close,0.6328033804893494
60057,GOOG,2024-04-21,pct_pred_close,0.004227958396504439
60058,GOOG,2024-04-21,filtered_mid_price_t3,0.6223230666796918
60059,GOOG,2024-04-21,filtered_covariance_t3,0.002
60060,GOOG,2024-04-18,signal,1
60061,GOOG,2024-04-18,not_trust,0.002013029297813773
60062,GOOG,2024-04-18,is_close,0
60063,GOOG,2024-04-18,final_signal,0
60064,GOOG,2024-04-22,lstm_pred_t3_close,0.6110814809799194
60065,GOOG,2024-04-22,ts_mixer_t3_close,0.653751015663147
60066,GOOG,2024-04-22,mid_pred_t3_close,0.6324162483215332
60067,GOOG,2024-04-22,pct_pred_close,0.003243711243323208
60068,GOOG,2024-04-22,filtered_mid_price_t3,0.6243417030080601
60069,GOOG,2024-04-22,filtered_covariance_t3,0.002
60070,GOOG,2024-04-19,signal,1
60071,GOOG,2024-04-19,not_trust,0.0000445924888481386
60072,GOOG,2024-04-19,is_close,0
60073,GOOG,2024-04-19,final_signal,0
60074,GOOG,2024-04-23,lstm_pred_t3_close,0.6110808849334717
60075,GOOG,2024-04-23,ts_mixer_t3_close,0.6537500619888306
60076,GOOG,2024-04-23,mid_pred_t3_close,0.6324154734611511
60077,GOOG,2024-04-23,pct_pred_close,0.002586330662901961
60078,GOOG,2024-04-23,filtered_mid_price_t3,0.6259564570986783
60079,GOOG,2024-04-23,filtered_covariance_t3,0.002
60080,GOOG,2024-04-20,signal,1
60081,GOOG,2024-04-20,not_trust,0.000044630611228058115
60082,GOOG,2024-04-24,lstm_pred_t3_close,0.6110812425613403
60083,GOOG,2024-04-24,ts_mixer_t3_close,0.6537505984306335
60084,GOOG,2024-04-24,mid_pred_t3_close,0.6324159204959869
60085,GOOG,2024-04-24,pct_pred_close,0.0020638698823392224
60086,GOOG,2024-04-24,filtered_mid_price_t3,0.62724834977814
60087,GOOG,2024-04-24,filtered_covariance_t3,0.002
60088,GOOG,2024-04-21,signal,1
60089,GOOG,2024-04-21,not_trust,0.00004460925265448168
60090,GOOG,2024-04-25,lstm_pred_t3_close,0.6135069131851196
60091,GOOG,2024-04-25,ts_mixer_t3_close,0.6590092182159424
60092,GOOG,2024-04-25,mid_pred_t3_close,0.636258065700531
60093,GOOG,2024-04-25,pct_pred_close,0.002872774691421017
60094,GOOG,2024-04-25,filtered_mid_price_t3,0.6290502929626183
60095,GOOG,2024-04-25,filtered_covariance_t3,0.002
60096,GOOG,2024-04-22,signal,1
60097,GOOG,2024-04-22,not_trust,0.00002311155549250543
60098,GOOG,2024-04-22,is_close,0
60099,GOOG,2024-04-22,final_signal,0
60100,GOOG,2024-04-26,lstm_pred_t3_close,0.619404673576355
60101,GOOG,2024-04-26,ts_mixer_t3_close,0.6612347960472107
60102,GOOG,2024-04-26,mid_pred_t3_close,0.6403197348117828
60103,GOOG,2024-04-26,pct_pred_close,0.003583001860181642
60104,GOOG,2024-04-26,filtered_mid_price_t3,0.6313041813324511
60105,GOOG,2024-04-26,filtered_covariance_t3,0.002
60106,GOOG,2024-04-23,signal,1
60107,GOOG,2024-04-23,not_trust,0.000055947260989341885
60108,GOOG,2024-04-23,is_close,0
60109,GOOG,2024-04-23,final_signal,0
60110,GOOG,2024-04-27,lstm_pred_t3_close,0.6282062530517578
60111,GOOG,2024-04-27,ts_mixer_t3_close,0.673032283782959
60112,GOOG,2024-04-27,mid_pred_t3_close,0.6506192684173584
60113,GOOG,2024-04-27,pct_pred_close,0.006119106337658121
60114,GOOG,2024-04-27,filtered_mid_price_t3,0.6351671987494326
60115,GOOG,2024-04-27,filtered_covariance_t3,0.002
60116,GOOG,2024-04-24,signal,1
60117,GOOG,2024-04-24,not_trust,0.000815010629594326
60118,GOOG,2024-04-24,is_close,0
60119,GOOG,2024-04-24,final_signal,0
60120,GOOG,2024-04-28,lstm_pred_t3_close,0.6298733949661255
60121,GOOG,2024-04-28,ts_mixer_t3_close,0.6622474789619446
60122,GOOG,2024-04-28,mid_pred_t3_close,0.646060436964035
60123,GOOG,2024-04-28,pct_pred_close,0.0034300380233897813
60124,GOOG,2024-04-28,filtered_mid_price_t3,0.6373458463923531
60125,GOOG,2024-04-28,filtered_covariance_t3,0.002
60126,GOOG,2024-04-25,signal,1
60127,GOOG,2024-04-25,not_trust,0.9442459344863892
60128,GOOG,2024-04-25,is_close,0
60129,GOOG,2024-04-25,final_signal,0
60130,GOOG,2024-04-29,lstm_pred_t3_close,0.6290346384048462
60131,GOOG,2024-04-29,ts_mixer_t3_close,0.6548792719841003
60132,GOOG,2024-04-29,mid_pred_t3_close,0.6419569551944733
60133,GOOG,2024-04-29,pct_pred_close,0.0014469722610481693
60134,GOOG,2024-04-29,filtered_mid_price_t3,0.6382680681527771
60135,GOOG,2024-04-29,filtered_covariance_t3,0.002
60136,GOOG,2024-04-26,signal,1
60137,GOOG,2024-04-26,not_trust,0.2973666489124298
60138,GOOG,2024-04-26,is_close,0
60139,GOOG,2024-04-26,final_signal,0
60140,GOOG,2024-04-30,lstm_pred_t3_close,0.6290345191955566
60141,GOOG,2024-04-30,ts_mixer_t3_close,0.6548792719841003
60142,GOOG,2024-04-30,mid_pred_t3_close,0.6419568955898285
60143,GOOG,2024-04-30,pct_pred_close,0.0011558865690170037
60144,GOOG,2024-04-30,filtered_mid_price_t3,0.6390058336401874
60145,GOOG,2024-04-30,filtered_covariance_t3,0.002
60146,GOOG,2024-04-27,signal,1
60147,GOOG,2024-04-27,not_trust,0.29733094573020935
60148,GOOG,2024-05-01,lstm_pred_t3_close,0.629035234451294
60149,GOOG,2024-05-01,ts_mixer_t3_close,0.654880940914154
60150,GOOG,2024-05-01,mid_pred_t3_close,0.641958087682724
60151,GOOG,2024-05-01,pct_pred_close,0.0009240147388697447
60152,GOOG,2024-05-01,filtered_mid_price_t3,0.6395962844486947
60153,GOOG,2024-05-01,filtered_covariance_t3,0.002
60154,GOOG,2024-04-28,signal,1
60155,GOOG,2024-04-28,not_trust,0.299677312374115
60156,GOOG,2024-05-02,lstm_pred_t3_close,0.6423031091690063
60157,GOOG,2024-05-02,ts_mixer_t3_close,0.6950587630271912
60158,GOOG,2024-05-02,mid_pred_t3_close,0.6686809360980988
60159,GOOG,2024-05-02,pct_pred_close,0.009094690621748678
60160,GOOG,2024-05-02,filtered_mid_price_t3,0.6454132147785755
60161,GOOG,2024-05-02,filtered_covariance_t3,0.002
60162,GOOG,2024-04-29,signal,1
60163,GOOG,2024-04-29,not_trust,0.0001290490763494745
60164,GOOG,2024-04-29,is_close,0
60165,GOOG,2024-04-29,final_signal,0
60166,GOOG,2024-05-03,lstm_pred_t3_close,0.6690201759338379
60167,GOOG,2024-05-03,ts_mixer_t3_close,0.7160419821739197
60168,GOOG,2024-05-03,mid_pred_t3_close,0.6925310790538788
60169,GOOG,2024-05-03,pct_pred_close,0.0146008365482471
60170,GOOG,2024-05-03,filtered_mid_price_t3,0.6548367876336362
60171,GOOG,2024-05-03,filtered_covariance_t3,0.002
60172,GOOG,2024-04-30,signal,1
60173,GOOG,2024-04-30,not_trust,0.000004818238721782109
60174,GOOG,2024-04-30,is_close,0
60175,GOOG,2024-04-30,final_signal,0
60176,GOOG,2024-05-04,lstm_pred_t3_close,0.6771837472915649
60177,GOOG,2024-05-04,ts_mixer_t3_close,0.7219737768173218
60178,GOOG,2024-05-04,mid_pred_t3_close,0.6995787620544434
60179,GOOG,2024-05-04,pct_pred_close,0.01366507663153437
60180,GOOG,2024-05-04,filtered_mid_price_t3,0.6637851825177976
60181,GOOG,2024-05-04,filtered_covariance_t3,0.002
60182,GOOG,2024-05-01,signal,1
60183,GOOG,2024-05-01,not_trust,0.0000015840666947042337
60184,GOOG,2024-05-01,is_close,0
60185,GOOG,2024-05-01,final_signal,0
60186,GOOG,2024-05-05,lstm_pred_t3_close,0.6858192682266235
60187,GOOG,2024-05-05,ts_mixer_t3_close,0.7325253486633301
60188,GOOG,2024-05-05,mid_pred_t3_close,0.7091723084449768
60189,GOOG,2024-05-05,pct_pred_close,0.013675245281921421
60190,GOOG,2024-05-05,filtered_mid_price_t3,0.6728626077032335
60191,GOOG,2024-05-05,filtered_covariance_t3,0.002
60192,GOOG,2024-05-02,signal,1
60193,GOOG,2024-05-02,not_trust,0.0000008206374673136452
60194,GOOG,2024-05-02,is_close,0
60195,GOOG,2024-05-02,final_signal,0
60196,GOOG,2024-05-06,lstm_pred_t3_close,0.6947174072265625
60197,GOOG,2024-05-06,ts_mixer_t3_close,0.7381181716918945
60198,GOOG,2024-05-06,mid_pred_t3_close,0.7164177894592285
60199,GOOG,2024-05-06,pct_pred_close,0.01294623337880736
60200,GOOG,2024-05-06,filtered_mid_price_t3,0.6815736440544324
60201,GOOG,2024-05-06,filtered_covariance_t3,0.002
60202,GOOG,2024-05-03,signal,1
60203,GOOG,2024-05-03,not_trust,0.0000008515808644915523
60204,GOOG,2024-05-03,is_close,0
60205,GOOG,2024-05-03,final_signal,0
60206,GOOG,2024-05-07,lstm_pred_t3_close,0.6947176456451416
60207,GOOG,2024-05-07,ts_mixer_t3_close,0.7381210327148438
60208,GOOG,2024-05-07,mid_pred_t3_close,0.7164193391799927
60209,GOOG,2024-05-07,pct_pred_close,0.010225071180357315
60210,GOOG,2024-05-07,filtered_mid_price_t3,0.6885427830795445
60211,GOOG,2024-05-07,filtered_covariance_t3,0.002
60212,GOOG,2024-05-04,signal,1
60213,GOOG,2024-05-04,not_trust,0.0000008517075684721931
60214,GOOG,2024-05-08,lstm_pred_t3_close,0.6947176456451416
60215,GOOG,2024-05-08,ts_mixer_t3_close,0.7381210327148438
60216,GOOG,2024-05-08,mid_pred_t3_close,0.7164193391799927
60217,GOOG,2024-05-08,pct_pred_close,0.00809726186534656
60218,GOOG,2024-05-08,filtered_mid_price_t3,0.6941180942996341
60219,GOOG,2024-05-08,filtered_covariance_t3,0.002
60220,GOOG,2024-05-05,signal,1
60221,GOOG,2024-05-05,not_trust,0.0000008517075684721931
60222,GOOG,2024-05-09,lstm_pred_t3_close,0.7033896446228027
60223,GOOG,2024-05-09,ts_mixer_t3_close,0.7456703186035156
60224,GOOG,2024-05-09,mid_pred_t3_close,0.7245299816131592
60225,GOOG,2024-05-09,pct_pred_close,0.00876274154593555
60226,GOOG,2024-05-09,filtered_mid_price_t3,0.7002004717623391
60227,GOOG,2024-05-09,filtered_covariance_t3,0.002
60228,GOOG,2024-05-06,signal,1
60229,GOOG,2024-05-06,not_trust,0.000001391297473674058
60230,GOOG,2024-05-06,is_close,0
60231,GOOG,2024-05-06,final_signal,0
60232,GOOG,2024-05-10,lstm_pred_t3_close,0.7100670337677002
60233,GOOG,2024-05-10,ts_mixer_t3_close,0.7485950589179993
60234,GOOG,2024-05-10,mid_pred_t3_close,0.7293310463428497
60235,GOOG,2024-05-10,pct_pred_close,0.008320638375804417
60236,GOOG,2024-05-10,filtered_mid_price_t3,0.7060265866784412
60237,GOOG,2024-05-10,filtered_covariance_t3,0.002
60238,GOOG,2024-05-07,signal,1
60239,GOOG,2024-05-07,not_trust,0.00000044155862610750773
60240,GOOG,2024-05-07,is_close,0
60241,GOOG,2024-05-07,final_signal,0
60242,GOOG,2024-05-11,lstm_pred_t3_close,0.7209564447402954
60243,GOOG,2024-05-11,ts_mixer_t3_close,0.7576261758804321
60244,GOOG,2024-05-11,mid_pred_t3_close,0.7392913103103638
60245,GOOG,2024-05-11,pct_pred_close,0.009423079600562736
60246,GOOG,2024-05-11,filtered_mid_price_t3,0.7126795314048258
60247,GOOG,2024-05-11,filtered_covariance_t3,0.002
60248,GOOG,2024-05-08,signal,1
60249,GOOG,2024-05-08,not_trust,0.00000008628765613138967
60250,GOOG,2024-05-08,is_close,0
60251,GOOG,2024-05-08,final_signal,0
60252,GOOG,2024-05-12,lstm_pred_t3_close,0.7250020503997803
60253,GOOG,2024-05-12,ts_mixer_t3_close,0.750898003578186
60254,GOOG,2024-05-12,mid_pred_t3_close,0.7379500269889832
60255,GOOG,2024-05-12,pct_pred_close,0.007091685525005805
60256,GOOG,2024-05-12,filtered_mid_price_t3,0.7177336305216573
60257,GOOG,2024-05-12,filtered_covariance_t3,0.002
60258,GOOG,2024-05-09,signal,1
60259,GOOG,2024-05-09,not_trust,0.00000007159012227475614
60260,GOOG,2024-05-09,is_close,0
60261,GOOG,2024-05-09,final_signal,0
60262,GOOG,2024-05-13,lstm_pred_t3_close,0.7244662046432495
60263,GOOG,2024-05-13,ts_mixer_t3_close,0.7436795234680176
60264,GOOG,2024-05-13,mid_pred_t3_close,0.7340728640556335
60265,GOOG,2024-05-13,pct_pred_close,0.00455300764493945
60266,GOOG,2024-05-13,filtered_mid_price_t3,0.7210014772284525
60267,GOOG,2024-05-13,filtered_covariance_t3,0.002
60268,GOOG,2024-05-10,signal,1
60269,GOOG,2024-05-10,not_trust,0.00000008766972570128928
60270,GOOG,2024-05-10,is_close,0
60271,GOOG,2024-05-10,final_signal,0
60272,GOOG,2024-05-14,lstm_pred_t3_close,0.7244662046432495
60273,GOOG,2024-05-14,ts_mixer_t3_close,0.7436782717704773
60274,GOOG,2024-05-14,mid_pred_t3_close,0.7340722382068634
60275,GOOG,2024-05-14,pct_pred_close,0.0036257237720663748
60276,GOOG,2024-05-14,filtered_mid_price_t3,0.7236156294241347
60277,GOOG,2024-05-14,filtered_covariance_t3,0.002
60278,GOOG,2024-05-11,signal,1
60279,GOOG,2024-05-11,not_trust,0.00000008766989623154586
60280,GOOG,2024-05-15,lstm_pred_t3_close,0.7244662046432495
60281,GOOG,2024-05-15,ts_mixer_t3_close,0.7436782717704773
60282,GOOG,2024-05-15,mid_pred_t3_close,0.7340722382068634
60283,GOOG,2024-05-15,pct_pred_close,0.0028901003122472667
60284,GOOG,2024-05-15,filtered_mid_price_t3,0.7257069511806804
60285,GOOG,2024-05-15,filtered_covariance_t3,0.002
60286,GOOG,2024-05-12,signal,1
60287,GOOG,2024-05-12,not_trust,0.00000008766989623154586
60288,GOOG,2024-05-16,lstm_pred_t3_close,0.7233105897903442
60289,GOOG,2024-05-16,ts_mixer_t3_close,0.7475906610488892
60290,GOOG,2024-05-16,mid_pred_t3_close,0.7354506254196167
60291,GOOG,2024-05-16,pct_pred_close,0.0026852916933161044
60292,GOOG,2024-05-16,filtered_mid_price_t3,0.7276556860284676
60293,GOOG,2024-05-16,filtered_covariance_t3,0.002
60294,GOOG,2024-05-13,signal,1
60295,GOOG,2024-05-13,not_trust,0.00000009173262327522025
60296,GOOG,2024-05-13,is_close,0
60297,GOOG,2024-05-13,final_signal,0
60298,GOOG,2024-05-17,lstm_pred_t3_close,0.7262160778045654
60299,GOOG,2024-05-17,ts_mixer_t3_close,0.7514206171035767
60300,GOOG,2024-05-17,mid_pred_t3_close,0.738818347454071
60301,GOOG,2024-05-17,pct_pred_close,0.0030681163192797707
60302,GOOG,2024-05-17,filtered_mid_price_t3,0.7298882183135883
60303,GOOG,2024-05-17,filtered_covariance_t3,0.002
60304,GOOG,2024-05-14,signal,1
60305,GOOG,2024-05-14,not_trust,0.00000008551627672659379
60306,GOOG,2024-05-14,is_close,0
60307,GOOG,2024-05-14,final_signal,0
60308,GOOG,2024-05-18,lstm_pred_t3_close,0.7330961227416992
60309,GOOG,2024-05-18,ts_mixer_t3_close,0.7658510804176331
60310,GOOG,2024-05-18,mid_pred_t3_close,0.7494736015796661
60311,GOOG,2024-05-18,pct_pred_close,0.0053666802051772315
60312,GOOG,2024-05-18,filtered_mid_price_t3,0.7338052949668039
60313,GOOG,2024-05-18,filtered_covariance_t3,0.002
60314,GOOG,2024-05-15,signal,1
60315,GOOG,2024-05-15,not_trust,0.0000000905066812606492
60316,GOOG,2024-05-15,is_close,0
60317,GOOG,2024-05-15,final_signal,0
60318,GOOG,2024-05-19,lstm_pred_t3_close,0.7420259714126587
60319,GOOG,2024-05-19,ts_mixer_t3_close,0.7691617012023926
60320,GOOG,2024-05-19,mid_pred_t3_close,0.7555938363075256
60321,GOOG,2024-05-19,pct_pred_close,0.005938507527860556
60322,GOOG,2024-05-19,filtered_mid_price_t3,0.7381630032349482
60323,GOOG,2024-05-19,filtered_covariance_t3,0.002
60324,GOOG,2024-05-16,signal,1
60325,GOOG,2024-05-16,not_trust,0.00000015571079359233408
60326,GOOG,2024-05-16,is_close,0
60327,GOOG,2024-05-16,final_signal,0
60328,GOOG,2024-05-20,lstm_pred_t3_close,0.7523455619812012
60329,GOOG,2024-05-20,ts_mixer_t3_close,0.7868500351905823
60330,GOOG,2024-05-20,mid_pred_t3_close,0.7695977985858917
60331,GOOG,2024-05-20,pct_pred_close,0.008517033558491231
60332,GOOG,2024-05-20,filtered_mid_price_t3,0.7444499623051369
60333,GOOG,2024-05-20,filtered_covariance_t3,0.002
60334,GOOG,2024-05-17,signal,1
60335,GOOG,2024-05-17,not_trust,0.00000045019245931143814
60336,GOOG,2024-05-17,is_close,0
60337,GOOG,2024-05-17,final_signal,0
60338,GOOG,2024-05-21,lstm_pred_t3_close,0.7523456811904907
60339,GOOG,2024-05-21,ts_mixer_t3_close,0.7868528366088867
60340,GOOG,2024-05-21,mid_pred_t3_close,0.7695992588996887
60341,GOOG,2024-05-21,pct_pred_close,0.006756477363952988
60342,GOOG,2024-05-21,filtered_mid_price_t3,0.7494798216240472
60343,GOOG,2024-05-21,filtered_covariance_t3,0.002
60344,GOOG,2024-05-18,signal,1
60345,GOOG,2024-05-18,not_trust,0.0000004500095656112535
60346,GOOG,2024-05-22,lstm_pred_t3_close,0.7523456811904907
60347,GOOG,2024-05-22,ts_mixer_t3_close,0.7868528366088867
60348,GOOG,2024-05-22,mid_pred_t3_close,0.7695992588996887
60349,GOOG,2024-05-22,pct_pred_close,0.005368906992597764
60350,GOOG,2024-05-22,filtered_mid_price_t3,0.7535037090791755
60351,GOOG,2024-05-22,filtered_covariance_t3,0.002
60352,GOOG,2024-05-19,signal,1
60353,GOOG,2024-05-19,not_trust,0.0000004500095656112535
60354,GOOG,2024-05-23,lstm_pred_t3_close,0.7626936435699463
60355,GOOG,2024-05-23,ts_mixer_t3_close,0.795697033405304
60356,GOOG,2024-05-23,mid_pred_t3_close,0.7791953384876251
60357,GOOG,2024-05-23,pct_pred_close,0.006819244311311048
60358,GOOG,2024-05-23,filtered_mid_price_t3,0.7586420349608655
60359,GOOG,2024-05-23,filtered_covariance_t3,0.002
60360,GOOG,2024-05-20,signal,1
60361,GOOG,2024-05-20,not_trust,0.0000009204553066410881
60362,GOOG,2024-05-20,is_close,0
60363,GOOG,2024-05-20,final_signal,0
60364,GOOG,2024-05-24,lstm_pred_t3_close,0.7719944715499878
60365,GOOG,2024-05-24,ts_mixer_t3_close,0.8062806725502014
60366,GOOG,2024-05-24,mid_pred_t3_close,0.7891375720500946
60367,GOOG,2024-05-24,pct_pred_close,0.008039506297802795
60368,GOOG,2024-05-24,filtered_mid_price_t3,0.7647411423787113
60369,GOOG,2024-05-24,filtered_covariance_t3,0.002
60370,GOOG,2024-05-21,signal,1
60371,GOOG,2024-05-21,not_trust,0.0000013125967370797298
60372,GOOG,2024-05-21,is_close,0
60373,GOOG,2024-05-21,final_signal,0
60374,GOOG,2024-05-25,lstm_pred_t3_close,0.7777749300003052
60375,GOOG,2024-05-25,ts_mixer_t3_close,0.8061838150024414
60376,GOOG,2024-05-25,mid_pred_t3_close,0.7919793725013733
60377,GOOG,2024-05-25,pct_pred_close,0.007123516341212682
60378,GOOG,2024-05-25,filtered_mid_price_t3,0.7701887884032437
60379,GOOG,2024-05-25,filtered_covariance_t3,0.002
60380,GOOG,2024-05-22,signal,1
60381,GOOG,2024-05-22,not_trust,0.0000013708213373320177
60382,GOOG,2024-05-22,is_close,0
60383,GOOG,2024-05-22,final_signal,0
60384,GOOG,2024-05-26,lstm_pred_t3_close,0.7759157419204712
60385,GOOG,2024-05-26,ts_mixer_t3_close,0.8128913044929504
60386,GOOG,2024-05-26,mid_pred_t3_close,0.7944035232067108
60387,GOOG,2024-05-26,pct_pred_close,0.006287999817205638
60388,GOOG,2024-05-26,filtered_mid_price_t3,0.7750317353639371
60389,GOOG,2024-05-26,filtered_covariance_t3,0.002
60390,GOOG,2024-05-23,signal,1
60391,GOOG,2024-05-23,not_trust,0.000003807453822446405
60392,GOOG,2024-05-23,is_close,0
60393,GOOG,2024-05-23,final_signal,0
60394,GOOG,2024-05-27,lstm_pred_t3_close,0.7732524871826172
60395,GOOG,2024-05-27,ts_mixer_t3_close,0.8086109161376953
60396,GOOG,2024-05-27,mid_pred_t3_close,0.7909317016601562
60397,GOOG,2024-05-27,pct_pred_close,0.004103049093532323
60398,GOOG,2024-05-27,filtered_mid_price_t3,0.7782117286231809
60399,GOOG,2024-05-27,filtered_covariance_t3,0.002
60400,GOOG,2024-05-24,signal,1
60401,GOOG,2024-05-24,not_trust,0.000077455559221562
60402,GOOG,2024-05-24,is_close,0
60403,GOOG,2024-05-24,final_signal,0
60404,GOOG,2024-05-28,lstm_pred_t3_close,0.7732524871826172
60405,GOOG,2024-05-28,ts_mixer_t3_close,0.8086103796958923
60406,GOOG,2024-05-28,mid_pred_t3_close,0.7909314334392548
60407,GOOG,2024-05-28,pct_pred_close,0.0032689573668023683
60408,GOOG,2024-05-28,filtered_mid_price_t3,0.7807556695863956
60409,GOOG,2024-05-28,filtered_covariance_t3,0.002
60410,GOOG,2024-05-25,signal,1
60411,GOOG,2024-05-25,not_trust,0.0000774679720052518
60412,GOOG,2024-05-29,lstm_pred_t3_close,0.7732524871826172
60413,GOOG,2024-05-29,ts_mixer_t3_close,0.8086103796958923
60414,GOOG,2024-05-29,mid_pred_t3_close,0.7909314334392548
60415,GOOG,2024-05-29,pct_pred_close,0.0026066448824508546
60416,GOOG,2024-05-29,filtered_mid_price_t3,0.7827908223569675
60417,GOOG,2024-05-29,filtered_covariance_t3,0.002
60418,GOOG,2024-05-26,signal,1
60419,GOOG,2024-05-26,not_trust,0.0000774679720052518
60420,GOOG,2024-05-30,lstm_pred_t3_close,0.7732524871826172
60421,GOOG,2024-05-30,ts_mixer_t3_close,0.8086103796958923
60422,GOOG,2024-05-30,mid_pred_t3_close,0.7909314334392548
60423,GOOG,2024-05-30,pct_pred_close,0.002079894359971198
60424,GOOG,2024-05-30,filtered_mid_price_t3,0.784418944573425
60425,GOOG,2024-05-30,filtered_covariance_t3,0.002
60426,GOOG,2024-05-27,signal,1
60427,GOOG,2024-05-27,not_trust,0.0000774679720052518
60428,GOOG,2024-05-31,lstm_pred_t3_close,0.7731113433837891
60429,GOOG,2024-05-31,ts_mixer_t3_close,0.8079082369804382
60430,GOOG,2024-05-31,mid_pred_t3_close,0.7905097901821136
60431,GOOG,2024-05-31,pct_pred_close,0.001552957294268601
60432,GOOG,2024-05-31,filtered_mid_price_t3,0.7856371136951628
60433,GOOG,2024-05-31,filtered_covariance_t3,0.002
60434,GOOG,2024-05-28,signal,1
60435,GOOG,2024-05-28,not_trust,0.0024843921419233084
60436,GOOG,2024-05-28,is_close,0
60437,GOOG,2024-05-28,final_signal,0
60438,GOOG,2024-06-01,lstm_pred_t3_close,0.7734580039978027
60439,GOOG,2024-06-01,ts_mixer_t3_close,0.8195010423660278
60440,GOOG,2024-06-01,mid_pred_t3_close,0.7964795231819153
60441,GOOG,2024-06-01,pct_pred_close,0.0027601571508648532
60442,GOOG,2024-06-01,filtered_mid_price_t3,0.7878055955925133
60443,GOOG,2024-06-01,filtered_covariance_t3,0.002
60444,GOOG,2024-05-29,signal,1
60445,GOOG,2024-05-29,not_trust,0.005389587953686714
60446,GOOG,2024-05-29,is_close,0
60447,GOOG,2024-05-29,final_signal,0
60448,GOOG,2024-06-02,lstm_pred_t3_close,0.7670718431472778
60449,GOOG,2024-06-02,ts_mixer_t3_close,0.8052406907081604
60450,GOOG,2024-06-02,mid_pred_t3_close,0.7861562669277191
60451,GOOG,2024-06-02,pct_pred_close,-0.00041871463569726934
60452,GOOG,2024-06-02,filtered_mid_price_t3,0.7874757298595545
60453,GOOG,2024-06-02,filtered_covariance_t3,0.002
60454,GOOG,2024-05-30,signal,1
60455,GOOG,2024-05-30,not_trust,0.8612926602363586
60456,GOOG,2024-05-30,is_close,0
60457,GOOG,2024-05-30,final_signal,0
60458,GOOG,2024-06-03,lstm_pred_t3_close,0.7576324939727783
60459,GOOG,2024-06-03,ts_mixer_t3_close,0.7876219153404236
60460,GOOG,2024-06-03,mid_pred_t3_close,0.772627204656601
60461,GOOG,2024-06-03,pct_pred_close,-0.003771170244345601
60462,GOOG,2024-06-03,filtered_mid_price_t3,0.7845060248189638
60463,GOOG,2024-06-03,filtered_covariance_t3,0.002
60464,GOOG,2024-05-31,signal,-1
60465,GOOG,2024-05-31,not_trust,0.009755703620612621
60466,GOOG,2024-05-31,is_close,1
60467,GOOG,2024-05-31,final_signal,-1
60468,GOOG,2024-06-04,lstm_pred_t3_close,0.7576323747634888
60469,GOOG,2024-06-04,ts_mixer_t3_close,0.7876201272010803
60470,GOOG,2024-06-04,mid_pred_t3_close,0.7726262509822845
60471,GOOG,2024-06-04,pct_pred_close,-0.003028599771281758
60472,GOOG,2024-06-04,filtered_mid_price_t3,0.7821300700516279
60473,GOOG,2024-06-04,filtered_covariance_t3,0.002
60474,GOOG,2024-06-01,signal,-1
60475,GOOG,2024-06-01,not_trust,0.009744525887072086
60476,GOOG,2024-06-05,lstm_pred_t3_close,0.7576320171356201
60477,GOOG,2024-06-05,ts_mixer_t3_close,0.7876120209693909
60478,GOOG,2024-06-05,mid_pred_t3_close,0.7726220190525055
60479,GOOG,2024-06-05,pct_pred_close,-0.0024313221964461285
60480,GOOG,2024-06-05,filtered_mid_price_t3,0.7802284598518034
60481,GOOG,2024-06-05,filtered_covariance_t3,0.002
60482,GOOG,2024-06-02,signal,-1
60483,GOOG,2024-06-02,not_trust,0.009691048413515091
60484,GOOG,2024-06-06,lstm_pred_t3_close,0.7488641738891602
60485,GOOG,2024-06-06,ts_mixer_t3_close,0.7925605177879333
60486,GOOG,2024-06-06,mid_pred_t3_close,0.7707123458385468
60487,GOOG,2024-06-06,pct_pred_close,-0.002439314765591625
60488,GOOG,2024-06-06,filtered_mid_price_t3,0.7783252370491521
60489,GOOG,2024-06-06,filtered_covariance_t3,0.002
60490,GOOG,2024-06-03,signal,-1
60491,GOOG,2024-06-03,not_trust,0.015066690742969513
60492,GOOG,2024-06-03,is_close,0
60493,GOOG,2024-06-03,final_signal,0
60494,GOOG,2024-06-07,lstm_pred_t3_close,0.7435092926025391
60495,GOOG,2024-06-07,ts_mixer_t3_close,0.7938489317893982
60496,GOOG,2024-06-07,mid_pred_t3_close,0.7686791121959686
60497,GOOG,2024-06-07,pct_pred_close,-0.0024786874160100144
60498,GOOG,2024-06-07,filtered_mid_price_t3,0.7763960120785154
60499,GOOG,2024-06-07,filtered_covariance_t3,0.002
60500,GOOG,2024-06-04,signal,-1
60501,GOOG,2024-06-04,not_trust,0.003806379623711109
60502,GOOG,2024-06-04,is_close,0
60503,GOOG,2024-06-04,final_signal,0
60504,GOOG,2024-06-08,lstm_pred_t3_close,0.7439236640930176
60505,GOOG,2024-06-08,ts_mixer_t3_close,0.7832117080688477
60506,GOOG,2024-06-08,mid_pred_t3_close,0.7635676860809326
60507,GOOG,2024-06-08,pct_pred_close,-0.003304583176113801
60508,GOOG,2024-06-08,filtered_mid_price_t3,0.7738303468789989
60509,GOOG,2024-06-08,filtered_covariance_t3,0.002
60510,GOOG,2024-06-05,signal,-1
60511,GOOG,2024-06-05,not_trust,0.6336422562599182
60512,GOOG,2024-06-05,is_close,0
60513,GOOG,2024-06-05,final_signal,0
60514,GOOG,2024-06-09,lstm_pred_t3_close,0.7500554323196411
60515,GOOG,2024-06-09,ts_mixer_t3_close,0.8077805638313293
60516,GOOG,2024-06-09,mid_pred_t3_close,0.7789179980754852
60517,GOOG,2024-06-09,pct_pred_close,0.0013149267709662471
60518,GOOG,2024-06-09,filtered_mid_price_t3,0.7748478771182962
60519,GOOG,2024-06-09,filtered_covariance_t3,0.002
60520,GOOG,2024-06-06,signal,-1
60521,GOOG,2024-06-06,not_trust,0.00046432853559963405
60522,GOOG,2024-06-06,is_close,0
60523,GOOG,2024-06-06,final_signal,0
60524,GOOG,2024-06-10,lstm_pred_t3_close,0.7556356191635132
60525,GOOG,2024-06-10,ts_mixer_t3_close,0.8133531212806702
60526,GOOG,2024-06-10,mid_pred_t3_close,0.7844943702220917
60527,GOOG,2024-06-10,pct_pred_close,0.0024899063128807314
60528,GOOG,2024-06-10,filtered_mid_price_t3,0.7767771757390552
60529,GOOG,2024-06-10,filtered_covariance_t3,0.002
60530,GOOG,2024-06-07,signal,1
60531,GOOG,2024-06-07,not_trust,0.00009622483776183799
60532,GOOG,2024-06-07,is_close,1
60533,GOOG,2024-06-07,final_signal,1
60534,GOOG,2024-06-11,lstm_pred_t3_close,0.7556352615356445
60535,GOOG,2024-06-11,ts_mixer_t3_close,0.8133480548858643
60536,GOOG,2024-06-11,mid_pred_t3_close,0.7844916582107544
60537,GOOG,2024-06-11,pct_pred_close,0.00198627938941671
60538,GOOG,2024-06-11,filtered_mid_price_t3,0.778320072233395
60539,GOOG,2024-06-11,filtered_covariance_t3,0.002
60540,GOOG,2024-06-08,signal,1
60541,GOOG,2024-06-08,not_trust,0.00009617639443604276
60542,GOOG,2024-06-12,lstm_pred_t3_close,0.7556350231170654
60543,GOOG,2024-06-12,ts_mixer_t3_close,0.813342273235321
60544,GOOG,2024-06-12,mid_pred_t3_close,0.7844886481761932
60545,GOOG,2024-06-12,pct_pred_close,0.0015851000540426535
60546,GOOG,2024-06-12,filtered_mid_price_t3,0.7795537874219547
60547,GOOG,2024-06-12,filtered_covariance_t3,0.002
60548,GOOG,2024-06-09,signal,1
60549,GOOG,2024-06-09,not_trust,0.00009612037683837116
60550,GOOG,2024-06-13,lstm_pred_t3_close,0.7601274251937866
60551,GOOG,2024-06-13,ts_mixer_t3_close,0.7989159226417542
60552,GOOG,2024-06-13,mid_pred_t3_close,0.7795216739177704
60553,GOOG,2024-06-13,pct_pred_close,-0.00000823894507405231
60554,GOOG,2024-06-13,filtered_mid_price_t3,0.7795473647211179
60555,GOOG,2024-06-13,filtered_covariance_t3,0.002
60556,GOOG,2024-06-10,signal,1
60557,GOOG,2024-06-10,not_trust,0.000023439908545697108
60558,GOOG,2024-06-10,is_close,0
60559,GOOG,2024-06-10,final_signal,0
60560,GOOG,2024-06-14,lstm_pred_t3_close,0.7649933099746704
60561,GOOG,2024-06-14,ts_mixer_t3_close,0.8141114115715027
60562,GOOG,2024-06-14,mid_pred_t3_close,0.7895523607730865
60563,GOOG,2024-06-14,pct_pred_close,0.002566873163774489
60564,GOOG,2024-06-14,filtered_mid_price_t3,0.7815483639315116
60565,GOOG,2024-06-14,filtered_covariance_t3,0.002
60566,GOOG,2024-06-11,signal,1
60567,GOOG,2024-06-11,not_trust,0.000006361460236803396
60568,GOOG,2024-06-11,is_close,0
60569,GOOG,2024-06-11,final_signal,0
60570,GOOG,2024-06-15,lstm_pred_t3_close,0.7715047597885132
60571,GOOG,2024-06-15,ts_mixer_t3_close,0.8223253488540649
60572,GOOG,2024-06-15,mid_pred_t3_close,0.7969150543212891
60573,GOOG,2024-06-15,pct_pred_close,0.003932370944384491
60574,GOOG,2024-06-15,filtered_mid_price_t3,0.7846217020094671
60575,GOOG,2024-06-15,filtered_covariance_t3,0.002
60576,GOOG,2024-06-12,signal,1
60577,GOOG,2024-06-12,not_trust,0.000001482871311964118
60578,GOOG,2024-06-12,is_close,0
60579,GOOG,2024-06-12,final_signal,0
60580,GOOG,2024-06-16,lstm_pred_t3_close,0.7751001119613647
60581,GOOG,2024-06-16,ts_mixer_t3_close,0.8220013976097107
60582,GOOG,2024-06-16,mid_pred_t3_close,0.7985507547855377
60583,GOOG,2024-06-16,pct_pred_close,0.0035505142772363483
60584,GOOG,2024-06-16,filtered_mid_price_t3,0.7874075125646812
60585,GOOG,2024-06-16,filtered_covariance_t3,0.002
60586,GOOG,2024-06-13,signal,1
60587,GOOG,2024-06-13,not_trust,0.000000489605213260802
60588,GOOG,2024-06-13,is_close,0
60589,GOOG,2024-06-13,final_signal,0
60590,GOOG,2024-06-17,lstm_pred_t3_close,0.7786158323287964
60591,GOOG,2024-06-17,ts_mixer_t3_close,0.8347790837287903
60592,GOOG,2024-06-17,mid_pred_t3_close,0.8066974580287933
60593,GOOG,2024-06-17,pct_pred_close,0.00489960920014147
60594,GOOG,2024-06-17,filtered_mid_price_t3,0.7912655016575036
60595,GOOG,2024-06-17,filtered_covariance_t3,0.002
60596,GOOG,2024-06-14,signal,1
60597,GOOG,2024-06-14,not_trust,0.0000001674961396247454
60598,GOOG,2024-06-14,is_close,0
60599,GOOG,2024-06-14,final_signal,0
60600,GOOG,2024-06-18,lstm_pred_t3_close,0.7786158323287964
60601,GOOG,2024-06-18,ts_mixer_t3_close,0.8347808718681335
60602,GOOG,2024-06-18,mid_pred_t3_close,0.806698352098465
60603,GOOG,2024-06-18,pct_pred_close,0.0039008020465022782
60604,GOOG,2024-06-18,filtered_mid_price_t3,0.7943520717456959
60605,GOOG,2024-06-18,filtered_covariance_t3,0.002
60606,GOOG,2024-06-15,signal,1
60607,GOOG,2024-06-15,not_trust,0.00000016748001030464366
60608,GOOG,2024-06-19,lstm_pred_t3_close,0.7786163091659546
60609,GOOG,2024-06-19,ts_mixer_t3_close,0.8347914814949036
60610,GOOG,2024-06-19,mid_pred_t3_close,0.8067038953304291
60611,GOOG,2024-06-19,pct_pred_close,0.003109911593127284
60612,GOOG,2024-06-19,filtered_mid_price_t3,0.7968224364626425
60613,GOOG,2024-06-19,filtered_covariance_t3,0.002
60614,GOOG,2024-06-16,signal,1
60615,GOOG,2024-06-16,not_trust,0.00000016739009822686057
60616,GOOG,2024-06-20,lstm_pred_t3_close,0.7818503379821777
60617,GOOG,2024-06-20,ts_mixer_t3_close,0.8425509333610535
60618,GOOG,2024-06-20,mid_pred_t3_close,0.8122006356716156
60619,GOOG,2024-06-20,pct_pred_close,0.0038598810739421154
60620,GOOG,2024-06-20,filtered_mid_price_t3,0.7998980763044371
60621,GOOG,2024-06-20,filtered_covariance_t3,0.002
60622,GOOG,2024-06-17,signal,1
60623,GOOG,2024-06-17,not_trust,0.00000012386662717744912
60624,GOOG,2024-06-17,is_close,0
60625,GOOG,2024-06-17,final_signal,0
60626,GOOG,2024-06-21,lstm_pred_t3_close,0.7801928520202637
60627,GOOG,2024-06-21,ts_mixer_t3_close,0.83307284116745
60628,GOOG,2024-06-21,mid_pred_t3_close,0.8066328465938568
60629,GOOG,2024-06-21,pct_pred_close,0.0016839071098995154
60630,GOOG,2024-06-21,filtered_mid_price_t3,0.8012450303623211
60631,GOOG,2024-06-21,filtered_covariance_t3,0.002
60632,GOOG,2024-06-18,signal,1
60633,GOOG,2024-06-18,not_trust,0.0000000939726874094049
60634,GOOG,2024-06-18,is_close,0
60635,GOOG,2024-06-18,final_signal,0
60636,GOOG,2024-06-22,lstm_pred_t3_close,0.7801929712295532
60637,GOOG,2024-06-22,ts_mixer_t3_close,0.8330757021903992
60638,GOOG,2024-06-22,mid_pred_t3_close,0.8066343367099762
60639,GOOG,2024-06-22,pct_pred_close,0.0013452330169756131
60640,GOOG,2024-06-22,filtered_mid_price_t3,0.8023228916318521
60641,GOOG,2024-06-22,filtered_covariance_t3,0.002
60642,GOOG,2024-06-19,signal,1
60643,GOOG,2024-06-19,not_trust,0.0000000939703568292316
60644,GOOG,2024-06-23,lstm_pred_t3_close,0.7770613431930542
60645,GOOG,2024-06-23,ts_mixer_t3_close,0.8287609815597534
60646,GOOG,2024-06-23,mid_pred_t3_close,0.8029111623764038
60647,GOOG,2024-06-23,pct_pred_close,0.00014664189460056125
60648,GOOG,2024-06-23,filtered_mid_price_t3,0.8024405457807624
60649,GOOG,2024-06-23,filtered_covariance_t3,0.002
60650,GOOG,2024-06-20,signal,1
60651,GOOG,2024-06-20,not_trust,0.00000007935889811960806
60652,GOOG,2024-06-20,is_close,0
60653,GOOG,2024-06-20,final_signal,0
60654,GOOG,2024-06-24,lstm_pred_t3_close,0.7767583131790161
60655,GOOG,2024-06-24,ts_mixer_t3_close,0.8314720988273621
60656,GOOG,2024-06-24,mid_pred_t3_close,0.8041152060031891
60657,GOOG,2024-06-24,pct_pred_close,0.0004173917260866106
60658,GOOG,2024-06-24,filtered_mid_price_t3,0.8027754778252477
60659,GOOG,2024-06-24,filtered_covariance_t3,0.002
60660,GOOG,2024-06-21,signal,1
60661,GOOG,2024-06-21,not_trust,0.00000008388527561464798
60662,GOOG,2024-06-21,is_close,0
60663,GOOG,2024-06-21,final_signal,0
60664,GOOG,2024-06-25,lstm_pred_t3_close,0.7767584323883057
60665,GOOG,2024-06-25,ts_mixer_t3_close,0.8314750790596008
60666,GOOG,2024-06-25,mid_pred_t3_close,0.8041167557239532
60667,GOOG,2024-06-25,pct_pred_close,0.00033416015704390854
60668,GOOG,2024-06-25,filtered_mid_price_t3,0.8030437334049888
60669,GOOG,2024-06-25,filtered_covariance_t3,0.002
60670,GOOG,2024-06-22,signal,1
60671,GOOG,2024-06-22,not_trust,0.00000008388607852793939
60672,GOOG,2024-06-26,lstm_pred_t3_close,0.7767584323883057
60673,GOOG,2024-06-26,ts_mixer_t3_close,0.8314754962921143
60674,GOOG,2024-06-26,mid_pred_t3_close,0.80411696434021
60675,GOOG,2024-06-26,pct_pred_close,0.00026729078145486777
60676,GOOG,2024-06-26,filtered_mid_price_t3,0.8032583795920331
60677,GOOG,2024-06-26,filtered_covariance_t3,0.002
60678,GOOG,2024-06-23,signal,1
60679,GOOG,2024-06-23,not_trust,0.00000008388607852793939
60680,GOOG,2024-06-27,lstm_pred_t3_close,0.7799795866012573
60681,GOOG,2024-06-27,ts_mixer_t3_close,0.8329417109489441
60682,GOOG,2024-06-27,mid_pred_t3_close,0.8064606487751007
60683,GOOG,2024-06-27,pct_pred_close,0.0007973198324289703
60684,GOOG,2024-06-27,filtered_mid_price_t3,0.8038988334286465
60685,GOOG,2024-06-27,filtered_covariance_t3,0.002
60686,GOOG,2024-06-24,signal,1
60687,GOOG,2024-06-24,not_trust,0.00000007432149828900947
60688,GOOG,2024-06-24,is_close,0
60689,GOOG,2024-06-24,final_signal,0
60690,GOOG,2024-06-28,lstm_pred_t3_close,0.7899222373962402
60691,GOOG,2024-06-28,ts_mixer_t3_close,0.8491939902305603
60692,GOOG,2024-06-28,mid_pred_t3_close,0.8195581138134003
60693,GOOG,2024-06-28,pct_pred_close,0.0038958335884048136
60694,GOOG,2024-06-28,filtered_mid_price_t3,0.8070306895055973
60695,GOOG,2024-06-28,filtered_covariance_t3,0.002
60696,GOOG,2024-06-25,signal,1
60697,GOOG,2024-06-25,not_trust,0.00000007145902003458104
60698,GOOG,2024-06-25,is_close,0
60699,GOOG,2024-06-25,final_signal,0
60700,GOOG,2024-06-29,lstm_pred_t3_close,0.8012301921844482
60701,GOOG,2024-06-29,ts_mixer_t3_close,0.8577355742454529
60702,GOOG,2024-06-29,mid_pred_t3_close,0.8294828832149506
60703,GOOG,2024-06-29,pct_pred_close,0.005564148675215234
60704,GOOG,2024-06-29,filtered_mid_price_t3,0.8115211282474679
60705,GOOG,2024-06-29,filtered_covariance_t3,0.002
60706,GOOG,2024-06-26,signal,1
60707,GOOG,2024-06-26,not_trust,0.00000006043009648237785
60708,GOOG,2024-06-26,is_close,0
60709,GOOG,2024-06-26,final_signal,0
60710,GOOG,2024-06-30,lstm_pred_t3_close,0.8122739791870117
60711,GOOG,2024-06-30,ts_mixer_t3_close,0.8726622462272644
60712,GOOG,2024-06-30,mid_pred_t3_close,0.8424681127071381
60713,GOOG,2024-06-30,pct_pred_close,0.007626907885073042
60714,GOOG,2024-06-30,filtered_mid_price_t3,0.8177105251394019
60715,GOOG,2024-06-30,filtered_covariance_t3,0.002
60716,GOOG,2024-06-27,signal,1
60717,GOOG,2024-06-27,not_trust,0.00000005029381711096903
60718,GOOG,2024-06-27,is_close,0
60719,GOOG,2024-06-27,final_signal,0
60720,GOOG,2024-07-01,lstm_pred_t3_close,0.8166437149047852
60721,GOOG,2024-07-01,ts_mixer_t3_close,0.8816704154014587
60722,GOOG,2024-07-01,mid_pred_t3_close,0.849157065153122
60723,GOOG,2024-07-01,pct_pred_close,0.007691362419080731
60724,GOOG,2024-07-01,filtered_mid_price_t3,0.8239998331421459
60725,GOOG,2024-07-01,filtered_covariance_t3,0.002
60726,GOOG,2024-06-28,signal,1
60727,GOOG,2024-06-28,not_trust,0.0000000477068660131863
60728,GOOG,2024-06-28,is_close,0
60729,GOOG,2024-06-28,final_signal,0
60730,GOOG,2024-07-02,lstm_pred_t3_close,0.8166437149047852
60731,GOOG,2024-07-02,ts_mixer_t3_close,0.8816693425178528
60732,GOOG,2024-07-02,mid_pred_t3_close,0.849156528711319
60733,GOOG,2024-07-02,pct_pred_close,0.0061059953066357415
60734,GOOG,2024-07-02,filtered_mid_price_t3,0.8290311722559804
60735,GOOG,2024-07-02,filtered_covariance_t3,0.002
60736,GOOG,2024-06-29,signal,1
60737,GOOG,2024-06-29,not_trust,0.00000004770677364263065
60738,GOOG,2024-07-03,lstm_pred_t3_close,0.8166435956954956
60739,GOOG,2024-07-03,ts_mixer_t3_close,0.8816648721694946
60740,GOOG,2024-07-03,mid_pred_t3_close,0.8491542339324951
60741,GOOG,2024-07-03,pct_pred_close,0.004854597112857722
60742,GOOG,2024-07-03,filtered_mid_price_t3,0.8330557845912834
60743,GOOG,2024-07-03,filtered_covariance_t3,0.002
60744,GOOG,2024-06-30,signal,1
60745,GOOG,2024-06-30,not_trust,0.0000000477068660131863
60746,GOOG,2024-07-04,lstm_pred_t3_close,0.8178842067718506
60747,GOOG,2024-07-04,ts_mixer_t3_close,0.8790276646614075
60748,GOOG,2024-07-04,mid_pred_t3_close,0.848455935716629
60749,GOOG,2024-07-04,pct_pred_close,0.0036972676764740558
60750,GOOG,2024-07-04,filtered_mid_price_t3,0.8361358148163525
60751,GOOG,2024-07-04,filtered_covariance_t3,0.002
60752,GOOG,2024-07-01,signal,1
60753,GOOG,2024-07-01,not_trust,0.000000046591427604880664
60754,GOOG,2024-07-01,is_close,0
60755,GOOG,2024-07-01,final_signal,0
60756,GOOG,2024-07-05,lstm_pred_t3_close,0.8201346397399902
60757,GOOG,2024-07-05,ts_mixer_t3_close,0.8897038102149963
60758,GOOG,2024-07-05,mid_pred_t3_close,0.8549192249774933
60759,GOOG,2024-07-05,pct_pred_close,0.004492908885924509
60760,GOOG,2024-07-05,filtered_mid_price_t3,0.8398924968485806
60761,GOOG,2024-07-05,filtered_covariance_t3,0.002
60762,GOOG,2024-07-02,signal,1
60763,GOOG,2024-07-02,not_trust,0.000000055025065393010664
60764,GOOG,2024-07-02,is_close,0
60765,GOOG,2024-07-02,final_signal,0
60766,GOOG,2024-07-06,lstm_pred_t3_close,0.8257896900177002
60767,GOOG,2024-07-06,ts_mixer_t3_close,0.9051915407180786
60768,GOOG,2024-07-06,mid_pred_t3_close,0.8654906153678894
60769,GOOG,2024-07-06,pct_pred_close,0.006095570234371021
60770,GOOG,2024-07-06,filtered_mid_price_t3,0.8450121205524423
60771,GOOG,2024-07-06,filtered_covariance_t3,0.002
60772,GOOG,2024-07-03,signal,1
60773,GOOG,2024-07-03,not_trust,0.00000006080539804997898
60774,GOOG,2024-07-03,is_close,0
60775,GOOG,2024-07-03,final_signal,0
60776,GOOG,2024-07-07,lstm_pred_t3_close,0.8257894515991211
60777,GOOG,2024-07-07,ts_mixer_t3_close,0.9051846265792847
60778,GOOG,2024-07-07,mid_pred_t3_close,0.8654870390892029
60779,GOOG,2024-07-07,pct_pred_close,0.004846065053688095
60780,GOOG,2024-07-07,filtered_mid_price_t3,0.8491071042597944
60781,GOOG,2024-07-07,filtered_covariance_t3,0.002
60782,GOOG,2024-07-04,signal,1
60783,GOOG,2024-07-04,not_trust,0.00000006080470171809793
60784,GOOG,2024-07-08,lstm_pred_t3_close,0.835834264755249
60785,GOOG,2024-07-08,ts_mixer_t3_close,0.9165259003639221
60786,GOOG,2024-07-08,mid_pred_t3_close,0.8761800825595856
60787,GOOG,2024-07-08,pct_pred_close,0.00637681116174199
60788,GOOG,2024-07-08,filtered_mid_price_t3,0.8545216999197527
60789,GOOG,2024-07-08,filtered_covariance_t3,0.002
60790,GOOG,2024-07-05,signal,1
60791,GOOG,2024-07-05,not_trust,0.00000006685073827839005
60792,GOOG,2024-07-05,is_close,0
60793,GOOG,2024-07-05,final_signal,0
60794,GOOG,2024-07-09,lstm_pred_t3_close,0.8358345031738281
60795,GOOG,2024-07-09,ts_mixer_t3_close,0.9165360927581787
60796,GOOG,2024-07-09,mid_pred_t3_close,0.8761852979660034
60797,GOOG,2024-07-09,pct_pred_close,0.0050703447433307685
60798,GOOG,2024-07-09,filtered_mid_price_t3,0.8588544195290029
60799,GOOG,2024-07-09,filtered_covariance_t3,0.002
60800,GOOG,2024-07-06,signal,1
60801,GOOG,2024-07-06,not_trust,0.000000066849842994543
60802,GOOG,2024-07-10,lstm_pred_t3_close,0.8358345031738281
60803,GOOG,2024-07-10,ts_mixer_t3_close,0.9165360927581787
60804,GOOG,2024-07-10,mid_pred_t3_close,0.8761852979660034
60805,GOOG,2024-07-10,pct_pred_close,0.00403581283228537
60806,GOOG,2024-07-10,filtered_mid_price_t3,0.862320595216403
60807,GOOG,2024-07-10,filtered_covariance_t3,0.002
60808,GOOG,2024-07-07,signal,1
60809,GOOG,2024-07-07,not_trust,0.000000066849842994543
60810,GOOG,2024-07-11,lstm_pred_t3_close,0.8440334796905518
60811,GOOG,2024-07-11,ts_mixer_t3_close,0.9121404886245728
60812,GOOG,2024-07-11,mid_pred_t3_close,0.8780869841575623
60813,GOOG,2024-07-11,pct_pred_close,0.0036567348683589013
60814,GOOG,2024-07-11,filtered_mid_price_t3,0.8654738730046349
60815,GOOG,2024-07-11,filtered_covariance_t3,0.002
60816,GOOG,2024-07-08,signal,1
60817,GOOG,2024-07-08,not_trust,0.00000007686668368478422
60818,GOOG,2024-07-08,is_close,0
60819,GOOG,2024-07-08,final_signal,0
60820,GOOG,2024-07-12,lstm_pred_t3_close,0.8496556282043457
60821,GOOG,2024-07-12,ts_mixer_t3_close,0.9099489450454712
60822,GOOG,2024-07-12,mid_pred_t3_close,0.8798022866249084
60823,GOOG,2024-07-12,pct_pred_close,0.0033111140768537035
60824,GOOG,2024-07-12,filtered_mid_price_t3,0.8683395557286896
60825,GOOG,2024-07-12,filtered_covariance_t3,0.002
60826,GOOG,2024-07-09,signal,1
60827,GOOG,2024-07-09,not_trust,0.00000009063329997616165
60828,GOOG,2024-07-09,is_close,0
60829,GOOG,2024-07-09,final_signal,0
60830,GOOG,2024-07-13,lstm_pred_t3_close,0.8544104099273682
60831,GOOG,2024-07-13,ts_mixer_t3_close,0.9138957858085632
60832,GOOG,2024-07-13,mid_pred_t3_close,0.8841530978679657
60833,GOOG,2024-07-13,pct_pred_close,0.003642248481011782
60834,GOOG,2024-07-13,filtered_mid_price_t3,0.8715022641565449
60835,GOOG,2024-07-13,filtered_covariance_t3,0.002
60836,GOOG,2024-07-10,signal,1
60837,GOOG,2024-07-10,not_trust,0.00000010822731155712972
60838,GOOG,2024-07-10,is_close,0
60839,GOOG,2024-07-10,final_signal,0
60840,GOOG,2024-07-14,lstm_pred_t3_close,0.8508709669113159
60841,GOOG,2024-07-14,ts_mixer_t3_close,0.8931062817573547
60842,GOOG,2024-07-14,mid_pred_t3_close,0.8719886243343353
60843,GOOG,2024-07-14,pct_pred_close,0.00011161420865869486
60844,GOOG,2024-07-14,filtered_mid_price_t3,0.871599536192103
60845,GOOG,2024-07-14,filtered_covariance_t3,0.002
60846,GOOG,2024-07-11,signal,1
60847,GOOG,2024-07-11,not_trust,0.00000016479479825193266
60848,GOOG,2024-07-11,is_close,0
60849,GOOG,2024-07-11,final_signal,0
60850,GOOG,2024-07-15,lstm_pred_t3_close,0.842371940612793
60851,GOOG,2024-07-15,ts_mixer_t3_close,0.879708468914032
60852,GOOG,2024-07-15,mid_pred_t3_close,0.8610402047634125
60853,GOOG,2024-07-15,pct_pred_close,-0.0024229777530224116
60854,GOOG,2024-07-15,filtered_mid_price_t3,0.8694876699063648
60855,GOOG,2024-07-15,filtered_covariance_t3,0.002
60856,GOOG,2024-07-12,signal,1
60857,GOOG,2024-07-12,not_trust,0.00000029278052693371137
60858,GOOG,2024-07-12,is_close,0
60859,GOOG,2024-07-12,final_signal,0
60860,GOOG,2024-07-16,lstm_pred_t3_close,0.842371940612793
60861,GOOG,2024-07-16,ts_mixer_t3_close,0.879707932472229
60862,GOOG,2024-07-16,mid_pred_t3_close,0.861039936542511
60863,GOOG,2024-07-16,pct_pred_close,-0.0019431519632161283
60864,GOOG,2024-07-16,filtered_mid_price_t3,0.8677981232335941
60865,GOOG,2024-07-16,filtered_covariance_t3,0.002
60866,GOOG,2024-07-13,signal,-1
60867,GOOG,2024-07-13,not_trust,0.00000029277995849952276
60868,GOOG,2024-07-17,lstm_pred_t3_close,0.842371940612793
60869,GOOG,2024-07-17,ts_mixer_t3_close,0.879707932472229
60870,GOOG,2024-07-17,mid_pred_t3_close,0.861039936542511
60871,GOOG,2024-07-17,pct_pred_close,-0.001557548123266457
60872,GOOG,2024-07-17,filtered_mid_price_t3,0.8664464858953774
60873,GOOG,2024-07-17,filtered_covariance_t3,0.002
60874,GOOG,2024-07-14,signal,-1
60875,GOOG,2024-07-14,not_trust,0.00000029277995849952276
60876,GOOG,2024-07-18,lstm_pred_t3_close,0.8364791870117188
60877,GOOG,2024-07-18,ts_mixer_t3_close,0.8863341212272644
60878,GOOG,2024-07-18,mid_pred_t3_close,0.8614066541194916
60879,GOOG,2024-07-18,pct_pred_close,-0.0011633336525516283
60880,GOOG,2024-07-18,filtered_mid_price_t3,0.8654385195402002
60881,GOOG,2024-07-18,filtered_covariance_t3,0.002
60882,GOOG,2024-07-15,signal,-1
60883,GOOG,2024-07-15,not_trust,0.0000004595337941282196
60884,GOOG,2024-07-15,is_close,1
60885,GOOG,2024-07-15,final_signal,-1
60886,GOOG,2024-07-19,lstm_pred_t3_close,0.8298306465148926
60887,GOOG,2024-07-19,ts_mixer_t3_close,0.8813777565956116
60888,GOOG,2024-07-19,mid_pred_t3_close,0.8556042015552521
60889,GOOG,2024-07-19,pct_pred_close,-0.0022726785930843323
60890,GOOG,2024-07-19,filtered_mid_price_t3,0.8634716559432106
60891,GOOG,2024-07-19,filtered_covariance_t3,0.002
60892,GOOG,2024-07-16,signal,-1
60893,GOOG,2024-07-16,not_trust,0.0000021208609268796863
60894,GOOG,2024-07-16,is_close,0
60895,GOOG,2024-07-16,final_signal,0
60896,GOOG,2024-07-20,lstm_pred_t3_close,0.818881630897522
60897,GOOG,2024-07-20,ts_mixer_t3_close,0.8681456446647644
60898,GOOG,2024-07-20,mid_pred_t3_close,0.8435136377811432
60899,GOOG,2024-07-20,pct_pred_close,-0.004622738459264478
60900,GOOG,2024-07-20,filtered_mid_price_t3,0.8594800523107972
60901,GOOG,2024-07-20,filtered_covariance_t3,0.002
60902,GOOG,2024-07-17,signal,-1
60903,GOOG,2024-07-17,not_trust,0.0000316962759825401
60904,GOOG,2024-07-17,is_close,0
60905,GOOG,2024-07-17,final_signal,0
60906,GOOG,2024-07-21,lstm_pred_t3_close,0.802632212638855
60907,GOOG,2024-07-21,ts_mixer_t3_close,0.8382826447486877
60908,GOOG,2024-07-21,mid_pred_t3_close,0.8204574286937714
60909,GOOG,2024-07-21,pct_pred_close,-0.009080518742025446
60910,GOOG,2024-07-21,filtered_mid_price_t3,0.851675527587392
60911,GOOG,2024-07-21,filtered_covariance_t3,0.002
60912,GOOG,2024-07-18,signal,-1
60913,GOOG,2024-07-18,not_trust,0.00022154772887006402
60914,GOOG,2024-07-18,is_close,0
60915,GOOG,2024-07-18,final_signal,0
60916,GOOG,2024-07-22,lstm_pred_t3_close,0.7850645780563354
60917,GOOG,2024-07-22,ts_mixer_t3_close,0.8122139573097229
60918,GOOG,2024-07-22,mid_pred_t3_close,0.7986392676830292
60919,GOOG,2024-07-22,pct_pred_close,-0.012454569419084436
60920,GOOG,2024-07-22,filtered_mid_price_t3,0.8410682756065194
60921,GOOG,2024-07-22,filtered_covariance_t3,0.002
60922,GOOG,2024-07-19,signal,-1
60923,GOOG,2024-07-19,not_trust,0.000046020009904168546
60924,GOOG,2024-07-19,is_close,0
60925,GOOG,2024-07-19,final_signal,0
60926,GOOG,2024-07-23,lstm_pred_t3_close,0.7850644588470459
60927,GOOG,2024-07-23,ts_mixer_t3_close,0.8122135996818542
60928,GOOG,2024-07-23,mid_pred_t3_close,0.7986390292644501
60929,GOOG,2024-07-23,pct_pred_close,-0.010089370286014525
60930,GOOG,2024-07-23,filtered_mid_price_t3,0.8325824263381055
60931,GOOG,2024-07-23,filtered_covariance_t3,0.002
60932,GOOG,2024-07-20,signal,-1
60933,GOOG,2024-07-20,not_trust,0.00004601750697474927
60934,GOOG,2024-07-24,lstm_pred_t3_close,0.7850644588470459
60935,GOOG,2024-07-24,ts_mixer_t3_close,0.8122135996818542
60936,GOOG,2024-07-24,mid_pred_t3_close,0.7986390292644501
60937,GOOG,2024-07-24,pct_pred_close,-0.00815376255848837
60938,GOOG,2024-07-24,filtered_mid_price_t3,0.8257937469233745
60939,GOOG,2024-07-24,filtered_covariance_t3,0.002
60940,GOOG,2024-07-21,signal,-1
60941,GOOG,2024-07-21,not_trust,0.00004601750697474927
60942,GOOG,2024-07-25,lstm_pred_t3_close,0.7771002054214478
60943,GOOG,2024-07-25,ts_mixer_t3_close,0.8067808151245117
60944,GOOG,2024-07-25,mid_pred_t3_close,0.7919405102729797
60945,GOOG,2024-07-25,pct_pred_close,-0.008198956888816424
60946,GOOG,2024-07-25,filtered_mid_price_t3,0.8190230995932956
60947,GOOG,2024-07-25,filtered_covariance_t3,0.002
60948,GOOG,2024-07-22,signal,-1
60949,GOOG,2024-07-22,not_trust,0.0000017031870811479166
60950,GOOG,2024-07-22,is_close,0
60951,GOOG,2024-07-22,final_signal,0
60952,GOOG,2024-07-26,lstm_pred_t3_close,0.7765753269195557
60953,GOOG,2024-07-26,ts_mixer_t3_close,0.804562509059906
60954,GOOG,2024-07-26,mid_pred_t3_close,0.7905689179897308
60955,GOOG,2024-07-26,pct_pred_close,-0.0069483221212428585
60956,GOOG,2024-07-26,filtered_mid_price_t3,0.8133322632725826
60957,GOOG,2024-07-26,filtered_covariance_t3,0.002
60958,GOOG,2024-07-23,signal,-1
60959,GOOG,2024-07-23,not_trust,0.0000003142736204608809
60960,GOOG,2024-07-23,is_close,0
60961,GOOG,2024-07-23,final_signal,0
60962,GOOG,2024-07-27,lstm_pred_t3_close,0.7664796113967896
60963,GOOG,2024-07-27,ts_mixer_t3_close,0.7629396319389343
60964,GOOG,2024-07-27,mid_pred_t3_close,0.7647096216678619
60965,GOOG,2024-07-27,pct_pred_close,-0.011956403010272646
60966,GOOG,2024-07-27,filtered_mid_price_t3,0.8036077349516384
60967,GOOG,2024-07-27,filtered_covariance_t3,0.002
60968,GOOG,2024-07-24,signal,-1
60969,GOOG,2024-07-24,not_trust,0.0000002967041723422881
60970,GOOG,2024-07-24,is_close,0
60971,GOOG,2024-07-24,final_signal,0
60972,GOOG,2024-07-28,lstm_pred_t3_close,0.7456152439117432
60973,GOOG,2024-07-28,ts_mixer_t3_close,0.7217714190483093
60974,GOOG,2024-07-28,mid_pred_t3_close,0.7336933314800262
60975,GOOG,2024-07-28,pct_pred_close,-0.017400132037260575
60976,GOOG,2024-07-28,filtered_mid_price_t3,0.789624854257316
60977,GOOG,2024-07-28,filtered_covariance_t3,0.002
60978,GOOG,2024-07-25,signal,-1
60979,GOOG,2024-07-25,not_trust,0.0000014616534826927818
60980,GOOG,2024-07-25,is_close,0
60981,GOOG,2024-07-25,final_signal,0
60982,GOOG,2024-07-29,lstm_pred_t3_close,0.7223542928695679
60983,GOOG,2024-07-29,ts_mixer_t3_close,0.7065936923027039
60984,GOOG,2024-07-29,mid_pred_t3_close,0.7144739925861359
60985,GOOG,2024-07-29,pct_pred_close,-0.019034573510699145
60986,GOOG,2024-07-29,filtered_mid_price_t3,0.77459468192308
60987,GOOG,2024-07-29,filtered_covariance_t3,0.002
60988,GOOG,2024-07-26,signal,-1
60989,GOOG,2024-07-26,not_trust,0.000008048416020756122
60990,GOOG,2024-07-26,is_close,0
60991,GOOG,2024-07-26,final_signal,0
60992,GOOG,2024-07-30,lstm_pred_t3_close,0.7223544120788574
60993,GOOG,2024-07-30,ts_mixer_t3_close,0.7065945863723755
60994,GOOG,2024-07-30,mid_pred_t3_close,0.7144744992256165
60995,GOOG,2024-07-30,pct_pred_close,-0.015523004249965555
60996,GOOG,2024-07-30,filtered_mid_price_t3,0.7625706453835873
60997,GOOG,2024-07-30,filtered_covariance_t3,0.002
60998,GOOG,2024-07-27,signal,-1
60999,GOOG,2024-07-27,not_trust,0.00000804870796855539
61000,GOOG,2024-07-31,lstm_pred_t3_close,0.7223544120788574
61001,GOOG,2024-07-31,ts_mixer_t3_close,0.7065945863723755
61002,GOOG,2024-07-31,mid_pred_t3_close,0.7144744992256165
61003,GOOG,2024-07-31,pct_pred_close,-0.01261421389588835
61004,GOOG,2024-07-31,filtered_mid_price_t3,0.7529514161519931
61005,GOOG,2024-07-31,filtered_covariance_t3,0.002
61006,GOOG,2024-07-28,signal,-1
61007,GOOG,2024-07-28,not_trust,0.00000804870796855539
61008,GOOG,2024-08-01,lstm_pred_t3_close,0.7069883346557617
61009,GOOG,2024-08-01,ts_mixer_t3_close,0.7091214656829834
61010,GOOG,2024-08-01,mid_pred_t3_close,0.7080549001693726
61011,GOOG,2024-08-01,pct_pred_close,-0.011925474876471285
61012,GOOG,2024-08-01,filtered_mid_price_t3,0.7439721129554691
61013,GOOG,2024-08-01,filtered_covariance_t3,0.002
61014,GOOG,2024-07-29,signal,-1
61015,GOOG,2024-07-29,not_trust,0.0000035265356927993707
61016,GOOG,2024-07-29,is_close,0
61017,GOOG,2024-07-29,final_signal,0
61018,GOOG,2024-08-02,lstm_pred_t3_close,0.7009626626968384
61019,GOOG,2024-08-02,ts_mixer_t3_close,0.7044667601585388
61020,GOOG,2024-08-02,mid_pred_t3_close,0.7027147114276886
61021,GOOG,2024-08-02,pct_pred_close,-0.011091115059107077
61022,GOOG,2024-08-02,filtered_mid_price_t3,0.7357206326499129
61023,GOOG,2024-08-02,filtered_covariance_t3,0.002
61024,GOOG,2024-07-30,signal,-1
61025,GOOG,2024-07-30,not_trust,0.0000024009198114072205
61026,GOOG,2024-07-30,is_close,0
61027,GOOG,2024-07-30,final_signal,0
61028,GOOG,2024-08-03,lstm_pred_t3_close,0.7031987905502319
61029,GOOG,2024-08-03,ts_mixer_t3_close,0.709590494632721
61030,GOOG,2024-08-03,mid_pred_t3_close,0.7063946425914764
61031,GOOG,2024-08-03,pct_pred_close,-0.007972045028235857
61032,GOOG,2024-08-03,filtered_mid_price_t3,0.7298554346382257
61033,GOOG,2024-08-03,filtered_covariance_t3,0.002
61034,GOOG,2024-07-31,signal,-1
61035,GOOG,2024-07-31,not_trust,0.0000007961237429299217
61036,GOOG,2024-07-31,is_close,0
61037,GOOG,2024-07-31,final_signal,0
61038,GOOG,2024-08-04,lstm_pred_t3_close,0.7084795236587524
61039,GOOG,2024-08-04,ts_mixer_t3_close,0.7114423513412476
61040,GOOG,2024-08-04,mid_pred_t3_close,0.7099609375
61041,GOOG,2024-08-04,pct_pred_close,-0.005451626772660035
61042,GOOG,2024-08-04,filtered_mid_price_t3,0.7258765352105805
61043,GOOG,2024-08-04,filtered_covariance_t3,0.002
61044,GOOG,2024-08-01,signal,-1
61045,GOOG,2024-08-01,not_trust,0.0000008519390348737943
61046,GOOG,2024-08-01,is_close,0
61047,GOOG,2024-08-01,final_signal,0
61048,GOOG,2024-08-05,lstm_pred_t3_close,0.707960844039917
61049,GOOG,2024-08-05,ts_mixer_t3_close,0.6944300532341003
61050,GOOG,2024-08-05,mid_pred_t3_close,0.7011954486370087
61051,GOOG,2024-08-05,pct_pred_close,-0.006800353882885007
61052,GOOG,2024-08-05,filtered_mid_price_t3,0.7209403178958661
61053,GOOG,2024-08-05,filtered_covariance_t3,0.002
61054,GOOG,2024-08-02,signal,-1
61055,GOOG,2024-08-02,not_trust,0.00000165876770097384
61056,GOOG,2024-08-02,is_close,0
61057,GOOG,2024-08-02,final_signal,0
61058,GOOG,2024-08-06,lstm_pred_t3_close,0.7079609632492065
61059,GOOG,2024-08-06,ts_mixer_t3_close,0.6944315433502197
61060,GOOG,2024-08-06,mid_pred_t3_close,0.7011962532997131
61061,GOOG,2024-08-06,pct_pred_close,-0.00547730903822322
61062,GOOG,2024-08-06,filtered_mid_price_t3,0.7169915049766356
61063,GOOG,2024-08-06,filtered_covariance_t3,0.002
61064,GOOG,2024-08-03,signal,-1
61065,GOOG,2024-08-03,not_trust,0.0000016591362737017334
61066,GOOG,2024-08-07,lstm_pred_t3_close,0.7079609632492065
61067,GOOG,2024-08-07,ts_mixer_t3_close,0.6944315433502197
61068,GOOG,2024-08-07,mid_pred_t3_close,0.7011962532997131
61069,GOOG,2024-08-07,pct_pred_close,-0.00440598014545149
61070,GOOG,2024-08-07,filtered_mid_price_t3,0.7138324546412511
61071,GOOG,2024-08-07,filtered_covariance_t3,0.002
61072,GOOG,2024-08-04,signal,-1
61073,GOOG,2024-08-04,not_trust,0.0000016591362737017334
61074,GOOG,2024-08-08,lstm_pred_t3_close,0.6916533708572388
61075,GOOG,2024-08-08,ts_mixer_t3_close,0.6619536280632019
61076,GOOG,2024-08-08,mid_pred_t3_close,0.6768034994602203
61077,GOOG,2024-08-08,pct_pred_close,-0.01037469085084974
61078,GOOG,2024-08-08,filtered_mid_price_t3,0.7064266636050449
61079,GOOG,2024-08-08,filtered_covariance_t3,0.002
61080,GOOG,2024-08-05,signal,-1
61081,GOOG,2024-08-05,not_trust,0.000010305795512977056
61082,GOOG,2024-08-05,is_close,0
61083,GOOG,2024-08-05,final_signal,0
61084,GOOG,2024-08-09,lstm_pred_t3_close,0.6690744161605835
61085,GOOG,2024-08-09,ts_mixer_t3_close,0.6479835510253906
61086,GOOG,2024-08-09,mid_pred_t3_close,0.6585289835929871
61087,GOOG,2024-08-09,pct_pred_close,-0.013560552702704013
61088,GOOG,2024-08-09,filtered_mid_price_t3,0.6968471276026333
61089,GOOG,2024-08-09,filtered_covariance_t3,0.002
61090,GOOG,2024-08-06,signal,-1
61091,GOOG,2024-08-06,not_trust,0.000017285045032622293
61092,GOOG,2024-08-06,is_close,0
61093,GOOG,2024-08-06,final_signal,0
61094,GOOG,2024-08-10,lstm_pred_t3_close,0.6495236158370972
61095,GOOG,2024-08-10,ts_mixer_t3_close,0.645479679107666
61096,GOOG,2024-08-10,mid_pred_t3_close,0.6475016474723816
61097,GOOG,2024-08-10,pct_pred_close,-0.014162497964227893
61098,GOOG,2024-08-10,filtered_mid_price_t3,0.686978031576583
61099,GOOG,2024-08-10,filtered_covariance_t3,0.002
61100,GOOG,2024-08-07,signal,-1
61101,GOOG,2024-08-07,not_trust,0.000004013410489278613
61102,GOOG,2024-08-07,is_close,0
61103,GOOG,2024-08-07,final_signal,0
61104,GOOG,2024-08-11,lstm_pred_t3_close,0.6420103311538696
61105,GOOG,2024-08-11,ts_mixer_t3_close,0.6605665683746338
61106,GOOG,2024-08-11,mid_pred_t3_close,0.6512884497642517
61107,GOOG,2024-08-11,pct_pred_close,-0.010390312403564217
61108,GOOG,2024-08-11,filtered_mid_price_t3,0.6798401152141167
61109,GOOG,2024-08-11,filtered_covariance_t3,0.002
61110,GOOG,2024-08-08,signal,-1
61111,GOOG,2024-08-08,not_trust,0.0000014236622973839985
61112,GOOG,2024-08-08,is_close,0
61113,GOOG,2024-08-08,final_signal,0
61114,GOOG,2024-08-12,lstm_pred_t3_close,0.6449524164199829
61115,GOOG,2024-08-12,ts_mixer_t3_close,0.6705549359321594
61116,GOOG,2024-08-12,mid_pred_t3_close,0.6577536761760712
61117,GOOG,2024-08-12,pct_pred_close,-0.006497539213639741
61118,GOOG,2024-08-12,filtered_mid_price_t3,0.6754228274065076
61119,GOOG,2024-08-12,filtered_covariance_t3,0.002
61120,GOOG,2024-08-09,signal,-1
61121,GOOG,2024-08-09,not_trust,0.000000877196328019636
61122,GOOG,2024-08-09,is_close,0
61123,GOOG,2024-08-09,final_signal,0
61124,GOOG,2024-08-13,lstm_pred_t3_close,0.6449522972106934
61125,GOOG,2024-08-13,ts_mixer_t3_close,0.6705524921417236
61126,GOOG,2024-08-13,mid_pred_t3_close,0.6577523946762085
61127,GOOG,2024-08-13,pct_pred_close,-0.005232406135324158
61128,GOOG,2024-08-13,filtered_mid_price_t3,0.6718887408604478
61129,GOOG,2024-08-13,filtered_covariance_t3,0.002
61130,GOOG,2024-08-10,signal,-1
61131,GOOG,2024-08-10,not_trust,0.0000008772079809205025
61132,GOOG,2024-08-14,lstm_pred_t3_close,0.6449522972106934
61133,GOOG,2024-08-14,ts_mixer_t3_close,0.6705524921417236
61134,GOOG,2024-08-14,mid_pred_t3_close,0.6577523946762085
61135,GOOG,2024-08-14,pct_pred_close,-0.004207942572794307
61136,GOOG,2024-08-14,filtered_mid_price_t3,0.6690614716236
61137,GOOG,2024-08-14,filtered_covariance_t3,0.002
61138,GOOG,2024-08-11,signal,-1
61139,GOOG,2024-08-11,not_trust,0.0000008772079809205025
61140,GOOG,2024-08-15,lstm_pred_t3_close,0.6491729021072388
61141,GOOG,2024-08-15,ts_mixer_t3_close,0.6689013838768005
61142,GOOG,2024-08-15,mid_pred_t3_close,0.6590371429920197
61143,GOOG,2024-08-15,pct_pred_close,-0.002996534416263594
61144,GOOG,2024-08-15,filtered_mid_price_t3,0.6670566058972839
61145,GOOG,2024-08-15,filtered_covariance_t3,0.002
61146,GOOG,2024-08-12,signal,-1
61147,GOOG,2024-08-12,not_trust,0.0000005072749331702653
61148,GOOG,2024-08-12,is_close,0
61149,GOOG,2024-08-12,final_signal,0
61150,GOOG,2024-08-16,lstm_pred_t3_close,0.6549925804138184
61151,GOOG,2024-08-16,ts_mixer_t3_close,0.6743691563606262
61152,GOOG,2024-08-16,mid_pred_t3_close,0.6646808683872223
61153,GOOG,2024-08-16,pct_pred_close,-0.0007123046197453284
61154,GOOG,2024-08-16,filtered_mid_price_t3,0.6665814583952716
61155,GOOG,2024-08-16,filtered_covariance_t3,0.002
61156,GOOG,2024-08-13,signal,-1
61157,GOOG,2024-08-13,not_trust,0.0000003782106432481669
61158,GOOG,2024-08-13,is_close,0
61159,GOOG,2024-08-13,final_signal,0
61160,GOOG,2024-08-17,lstm_pred_t3_close,0.6537076234817505
61161,GOOG,2024-08-17,ts_mixer_t3_close,0.6776472926139832
61162,GOOG,2024-08-17,mid_pred_t3_close,0.6656774580478668
61163,GOOG,2024-08-17,pct_pred_close,-0.0002712347713904549
61164,GOOG,2024-08-17,filtered_mid_price_t3,0.6664006583257907
61165,GOOG,2024-08-17,filtered_covariance_t3,0.002
61166,GOOG,2024-08-14,signal,-1
61167,GOOG,2024-08-14,not_trust,0.0000015536741102550877
61168,GOOG,2024-08-14,is_close,0
61169,GOOG,2024-08-14,final_signal,0
61170,GOOG,2024-08-18,lstm_pred_t3_close,0.6500840187072754
61171,GOOG,2024-08-18,ts_mixer_t3_close,0.6786280274391174
61172,GOOG,2024-08-18,mid_pred_t3_close,0.6643560230731964
61173,GOOG,2024-08-18,pct_pred_close,-0.0006136354239898628
61174,GOOG,2024-08-18,filtered_mid_price_t3,0.6659917312752718
61175,GOOG,2024-08-18,filtered_covariance_t3,0.002
61176,GOOG,2024-08-15,signal,-1
61177,GOOG,2024-08-15,not_trust,0.00008148287452058867
61178,GOOG,2024-08-15,is_close,0
61179,GOOG,2024-08-15,final_signal,0
61180,GOOG,2024-08-19,lstm_pred_t3_close,0.6493377685546875
61181,GOOG,2024-08-19,ts_mixer_t3_close,0.6970923542976379
61182,GOOG,2024-08-19,mid_pred_t3_close,0.6732150614261627
61183,GOOG,2024-08-19,pct_pred_close,0.0021691951451287823
61184,GOOG,2024-08-19,filtered_mid_price_t3,0.66743639730545
61185,GOOG,2024-08-19,filtered_covariance_t3,0.002
61186,GOOG,2024-08-16,signal,1
61187,GOOG,2024-08-16,not_trust,0.14654041826725006
61188,GOOG,2024-08-16,is_close,1
61189,GOOG,2024-08-16,final_signal,1
61190,GOOG,2024-08-20,lstm_pred_t3_close,0.649337887763977
61191,GOOG,2024-08-20,ts_mixer_t3_close,0.6970930099487305
61192,GOOG,2024-08-20,mid_pred_t3_close,0.6732154488563538
61193,GOOG,2024-08-20,pct_pred_close,0.001731716032938786
61194,GOOG,2024-08-20,filtered_mid_price_t3,0.6685922076156308
61195,GOOG,2024-08-20,filtered_covariance_t3,0.002
61196,GOOG,2024-08-17,signal,1
61197,GOOG,2024-08-17,not_trust,0.14655131101608276
61198,GOOG,2024-08-21,lstm_pred_t3_close,0.649337887763977
61199,GOOG,2024-08-21,ts_mixer_t3_close,0.6970930099487305
61200,GOOG,2024-08-21,mid_pred_t3_close,0.6732154488563538
61201,GOOG,2024-08-21,pct_pred_close,0.001382977901346134
61202,GOOG,2024-08-21,filtered_mid_price_t3,0.6695168558637754
61203,GOOG,2024-08-21,filtered_covariance_t3,0.002
61204,GOOG,2024-08-18,signal,1
61205,GOOG,2024-08-18,not_trust,0.14655131101608276
61206,GOOG,2024-08-22,lstm_pred_t3_close,0.6582797765731812
61207,GOOG,2024-08-22,ts_mixer_t3_close,0.7437179088592529
61208,GOOG,2024-08-22,mid_pred_t3_close,0.700998842716217
61209,GOOG,2024-08-22,pct_pred_close,0.009404389621177036
61210,GOOG,2024-08-22,filtered_mid_price_t3,0.6758132532342638
61211,GOOG,2024-08-22,filtered_covariance_t3,0.002
61212,GOOG,2024-08-19,signal,1
61213,GOOG,2024-08-19,not_trust,0.006269129924476147
61214,GOOG,2024-08-19,is_close,0
61215,GOOG,2024-08-19,final_signal,0
61216,GOOG,2024-08-23,lstm_pred_t3_close,0.6710929870605469
61217,GOOG,2024-08-23,ts_mixer_t3_close,0.7650629281997681
61218,GOOG,2024-08-23,mid_pred_t3_close,0.7180779576301575
61219,GOOG,2024-08-23,pct_pred_close,0.012507805726989151
61220,GOOG,2024-08-23,filtered_mid_price_t3,0.6842661941134425
61221,GOOG,2024-08-23,filtered_covariance_t3,0.002
61222,GOOG,2024-08-20,signal,1
61223,GOOG,2024-08-20,not_trust,0.000036557627026923
61224,GOOG,2024-08-20,is_close,0
61225,GOOG,2024-08-20,final_signal,0
61226,GOOG,2024-08-24,lstm_pred_t3_close,0.6800166368484497
61227,GOOG,2024-08-24,ts_mixer_t3_close,0.7588475346565247
61228,GOOG,2024-08-24,mid_pred_t3_close,0.7194320857524872
61229,GOOG,2024-08-24,pct_pred_close,0.010278424373896382
61230,GOOG,2024-08-24,filtered_mid_price_t3,0.6912993724412514
61231,GOOG,2024-08-24,filtered_covariance_t3,0.002
61232,GOOG,2024-08-21,signal,1
61233,GOOG,2024-08-21,not_trust,0.00000254099404628505
61234,GOOG,2024-08-21,is_close,0
61235,GOOG,2024-08-21,final_signal,0
61236,GOOG,2024-08-25,lstm_pred_t3_close,0.6799556016921997
61237,GOOG,2024-08-25,ts_mixer_t3_close,0.745695173740387
61238,GOOG,2024-08-25,mid_pred_t3_close,0.7128253877162933
61239,GOOG,2024-08-25,pct_pred_close,0.0062276970392798016
61240,GOOG,2024-08-25,filtered_mid_price_t3,0.6956045754962598
61241,GOOG,2024-08-25,filtered_covariance_t3,0.002
61242,GOOG,2024-08-22,signal,1
61243,GOOG,2024-08-22,not_trust,0.00000039292595488404913
61244,GOOG,2024-08-22,is_close,0
61245,GOOG,2024-08-22,final_signal,0
61246,GOOG,2024-08-26,lstm_pred_t3_close,0.6773972511291504
61247,GOOG,2024-08-26,ts_mixer_t3_close,0.7390720844268799
61248,GOOG,2024-08-26,mid_pred_t3_close,0.7082346677780151
61249,GOOG,2024-08-26,pct_pred_close,0.0036314000012850887
61250,GOOG,2024-08-26,filtered_mid_price_t3,0.6981305939526108
61251,GOOG,2024-08-26,filtered_covariance_t3,0.002
61252,GOOG,2024-08-23,signal,1
61253,GOOG,2024-08-23,not_trust,0.00000022071674266044283
61254,GOOG,2024-08-23,is_close,0
61255,GOOG,2024-08-23,final_signal,0
61256,GOOG,2024-08-27,lstm_pred_t3_close,0.6773965358734131
61257,GOOG,2024-08-27,ts_mixer_t3_close,0.7390666007995605
61258,GOOG,2024-08-27,mid_pred_t3_close,0.7082315683364868
61259,GOOG,2024-08-27,pct_pred_close,0.002893720593646286
61260,GOOG,2024-08-27,filtered_mid_price_t3,0.700150788829386
61261,GOOG,2024-08-27,filtered_covariance_t3,0.002
61262,GOOG,2024-08-24,signal,1
61263,GOOG,2024-08-24,not_trust,0.000000220639691406177
61264,GOOG,2024-08-28,lstm_pred_t3_close,0.6773965358734131
61265,GOOG,2024-08-28,ts_mixer_t3_close,0.7390666007995605
61266,GOOG,2024-08-28,mid_pred_t3_close,0.7082315683364868
61267,GOOG,2024-08-28,pct_pred_close,0.0023082969086163476
61268,GOOG,2024-08-28,filtered_mid_price_t3,0.7017669447308061
61269,GOOG,2024-08-28,filtered_covariance_t3,0.002
61270,GOOG,2024-08-25,signal,1
61271,GOOG,2024-08-25,not_trust,0.000000220639691406177
61272,GOOG,2024-08-29,lstm_pred_t3_close,0.6760008335113525
61273,GOOG,2024-08-29,ts_mixer_t3_close,0.734481692314148
61274,GOOG,2024-08-29,mid_pred_t3_close,0.7052412629127502
61275,GOOG,2024-08-29,pct_pred_close,0.0009901629616586834
61276,GOOG,2024-08-29,filtered_mid_price_t3,0.702461808367195
61277,GOOG,2024-08-29,filtered_covariance_t3,0.002
61278,GOOG,2024-08-26,signal,1
61279,GOOG,2024-08-26,not_trust,0.00000020847654980116204
61280,GOOG,2024-08-26,is_close,0
61281,GOOG,2024-08-26,final_signal,0
61282,GOOG,2024-08-30,lstm_pred_t3_close,0.6723892688751221
61283,GOOG,2024-08-30,ts_mixer_t3_close,0.7417170405387878
61284,GOOG,2024-08-30,mid_pred_t3_close,0.707053154706955
61285,GOOG,2024-08-30,pct_pred_close,0.0013072159326162512
61286,GOOG,2024-08-30,filtered_mid_price_t3,0.703380077635147
61287,GOOG,2024-08-30,filtered_covariance_t3,0.002
61288,GOOG,2024-08-27,signal,1
61289,GOOG,2024-08-27,not_trust,0.00000023049504704886203
61290,GOOG,2024-08-27,is_close,0
61291,GOOG,2024-08-27,final_signal,0
61292,GOOG,2024-08-31,lstm_pred_t3_close,0.6661267280578613
61293,GOOG,2024-08-31,ts_mixer_t3_close,0.7140737175941467
61294,GOOG,2024-08-31,mid_pred_t3_close,0.690100222826004
61295,GOOG,2024-08-31,pct_pred_close,-0.0037760110732141857
61296,GOOG,2024-08-31,filtered_mid_price_t3,0.7007241066733184
61297,GOOG,2024-08-31,filtered_covariance_t3,0.002
61298,GOOG,2024-08-28,signal,-1
61299,GOOG,2024-08-28,not_trust,0.000000246139023829528
61300,GOOG,2024-08-28,is_close,1
61301,GOOG,2024-08-28,final_signal,-1
61302,GOOG,2024-09-01,lstm_pred_t3_close,0.6569710969924927
61303,GOOG,2024-09-01,ts_mixer_t3_close,0.6965693235397339
61304,GOOG,2024-09-01,mid_pred_t3_close,0.6767702102661133
61305,GOOG,2024-09-01,pct_pred_close,-0.006836898054193094
61306,GOOG,2024-09-01,filtered_mid_price_t3,0.6959333273918774
61307,GOOG,2024-09-01,filtered_covariance_t3,0.002
61308,GOOG,2024-08-29,signal,-1
61309,GOOG,2024-08-29,not_trust,0.00000027639970312520745
61310,GOOG,2024-08-29,is_close,0
61311,GOOG,2024-08-29,final_signal,0
61312,GOOG,2024-09-02,lstm_pred_t3_close,0.649957537651062
61313,GOOG,2024-09-02,ts_mixer_t3_close,0.7002454400062561
61314,GOOG,2024-09-02,mid_pred_t3_close,0.6751014888286591
61315,GOOG,2024-09-02,pct_pred_close,-0.005986733999732139
61316,GOOG,2024-09-02,filtered_mid_price_t3,0.6917669596792337
61317,GOOG,2024-09-02,filtered_covariance_t3,0.002
61318,GOOG,2024-08-30,signal,-1
61319,GOOG,2024-08-30,not_trust,0.00000020641334685933543
61320,GOOG,2024-08-30,is_close,0
61321,GOOG,2024-08-30,final_signal,0
61322,GOOG,2024-09-03,lstm_pred_t3_close,0.649957537651062
61323,GOOG,2024-09-03,ts_mixer_t3_close,0.7002454400062561
61324,GOOG,2024-09-03,mid_pred_t3_close,0.6751014888286591
61325,GOOG,2024-09-03,pct_pred_close,-0.004818232677172794
61326,GOOG,2024-09-03,filtered_mid_price_t3,0.6884338655091188
61327,GOOG,2024-09-03,filtered_covariance_t3,0.002
61328,GOOG,2024-08-31,signal,-1
61329,GOOG,2024-08-31,not_trust,0.00000020641334685933543
61330,GOOG,2024-09-04,lstm_pred_t3_close,0.6499572992324829
61331,GOOG,2024-09-04,ts_mixer_t3_close,0.7002447247505188
61332,GOOG,2024-09-04,mid_pred_t3_close,0.6751010119915009
61333,GOOG,2024-09-04,pct_pred_close,-0.003873386881616571
61334,GOOG,2024-09-04,filtered_mid_price_t3,0.6857672948055952
61335,GOOG,2024-09-04,filtered_covariance_t3,0.002
61336,GOOG,2024-09-01,signal,-1
61337,GOOG,2024-09-01,not_trust,0.0000002064031150439405
61338,GOOG,2024-09-05,lstm_pred_t3_close,0.6499567031860352
61339,GOOG,2024-09-05,ts_mixer_t3_close,0.7002430558204651
61340,GOOG,2024-09-05,mid_pred_t3_close,0.6750998795032501
61341,GOOG,2024-09-05,pct_pred_close,-0.0031110889606857394
61342,GOOG,2024-09-05,filtered_mid_price_t3,0.6836338117451262
61343,GOOG,2024-09-05,filtered_covariance_t3,0.002
61344,GOOG,2024-09-02,signal,-1
61345,GOOG,2024-09-02,not_trust,0.0000002063773223426324
61346,GOOG,2024-09-06,lstm_pred_t3_close,0.6331048011779785
61347,GOOG,2024-09-06,ts_mixer_t3_close,0.648552417755127
61348,GOOG,2024-09-06,mid_pred_t3_close,0.6408286094665527
61349,GOOG,2024-09-06,pct_pred_close,-0.01252284528446708
61350,GOOG,2024-09-06,filtered_mid_price_t3,0.6750727712894115
61351,GOOG,2024-09-06,filtered_covariance_t3,0.002
61352,GOOG,2024-09-03,signal,-1
61353,GOOG,2024-09-03,not_trust,0.0000002479273746303079
61354,GOOG,2024-09-03,is_close,0
61355,GOOG,2024-09-03,final_signal,0
61356,GOOG,2024-09-07,lstm_pred_t3_close,0.6122171878814697
61357,GOOG,2024-09-07,ts_mixer_t3_close,0.6214495301246643
61358,GOOG,2024-09-07,mid_pred_t3_close,0.616833359003067
61359,GOOG,2024-09-07,pct_pred_close,-0.017254261988705374
61360,GOOG,2024-09-07,filtered_mid_price_t3,0.6634248888321426
61361,GOOG,2024-09-07,filtered_covariance_t3,0.002
61362,GOOG,2024-09-04,signal,-1
61363,GOOG,2024-09-04,not_trust,0.0000003353836461883475
61364,GOOG,2024-09-04,is_close,0
61365,GOOG,2024-09-04,final_signal,0
61366,GOOG,2024-09-08,lstm_pred_t3_close,0.5960935354232788
61367,GOOG,2024-09-08,ts_mixer_t3_close,0.6144474148750305
61368,GOOG,2024-09-08,mid_pred_t3_close,0.6052704751491547
61369,GOOG,2024-09-08,pct_pred_close,-0.017531574308392327
61370,GOOG,2024-09-08,filtered_mid_price_t3,0.6517940060955449
61371,GOOG,2024-09-08,filtered_covariance_t3,0.002
61372,GOOG,2024-09-05,signal,-1
61373,GOOG,2024-09-05,not_trust,0.00000031246051435118716
61374,GOOG,2024-09-05,is_close,0
61375,GOOG,2024-09-05,final_signal,0
61376,GOOG,2024-09-09,lstm_pred_t3_close,0.5765992999076843
61377,GOOG,2024-09-09,ts_mixer_t3_close,0.5802445411682129
61378,GOOG,2024-09-09,mid_pred_t3_close,0.5784219205379486
61379,GOOG,2024-09-09,pct_pred_close,-0.02251388778400058
61380,GOOG,2024-09-09,filtered_mid_price_t3,0.6371195889840257
61381,GOOG,2024-09-09,filtered_covariance_t3,0.002
61382,GOOG,2024-09-06,signal,-1
61383,GOOG,2024-09-06,not_trust,0.000000306870248323321
61384,GOOG,2024-09-06,is_close,0
61385,GOOG,2024-09-06,final_signal,0
61386,GOOG,2024-09-10,lstm_pred_t3_close,0.5765997171401978
61387,GOOG,2024-09-10,ts_mixer_t3_close,0.5802459716796875
61388,GOOG,2024-09-10,mid_pred_t3_close,0.5784228444099426
61389,GOOG,2024-09-10,pct_pred_close,-0.018425659982510736
61390,GOOG,2024-09-10,filtered_mid_price_t3,0.625380240069209
61391,GOOG,2024-09-10,filtered_covariance_t3,0.002
61392,GOOG,2024-09-07,signal,-1
61393,GOOG,2024-09-07,not_trust,0.000000306868201960242
61394,GOOG,2024-09-11,lstm_pred_t3_close,0.5765999555587769
61395,GOOG,2024-09-11,ts_mixer_t3_close,0.5802465677261353
61396,GOOG,2024-09-11,mid_pred_t3_close,0.578423261642456
61397,GOOG,2024-09-11,pct_pred_close,-0.015017096933397377
61398,GOOG,2024-09-11,filtered_mid_price_t3,0.6159888443838584
61399,GOOG,2024-09-11,filtered_covariance_t3,0.002
61400,GOOG,2024-09-08,signal,-1
61401,GOOG,2024-09-08,not_trust,0.00000030686732088724966
61402,GOOG,2024-09-12,lstm_pred_t3_close,0.5541030168533325
61403,GOOG,2024-09-12,ts_mixer_t3_close,0.5341914296150208
61404,GOOG,2024-09-12,mid_pred_t3_close,0.5441472232341766
61405,GOOG,2024-09-12,pct_pred_close,-0.023325624093579616
61406,GOOG,2024-09-12,filtered_mid_price_t3,0.601620520153922
61407,GOOG,2024-09-12,filtered_covariance_t3,0.002
61408,GOOG,2024-09-09,signal,-1
61409,GOOG,2024-09-09,not_trust,0.00000030015354468559963
61410,GOOG,2024-09-09,is_close,0
61411,GOOG,2024-09-09,final_signal,0
61412,GOOG,2024-09-13,lstm_pred_t3_close,0.5355011820793152
61413,GOOG,2024-09-13,ts_mixer_t3_close,0.5203571915626526
61414,GOOG,2024-09-13,mid_pred_t3_close,0.5279291868209839
61415,GOOG,2024-09-13,pct_pred_close,-0.024497612985037307
61416,GOOG,2024-09-13,filtered_mid_price_t3,0.5868822534873344
61417,GOOG,2024-09-13,filtered_covariance_t3,0.002
61418,GOOG,2024-09-10,signal,-1
61419,GOOG,2024-09-10,not_trust,0.0000002504597489405569
61420,GOOG,2024-09-10,is_close,0
61421,GOOG,2024-09-10,final_signal,0
61422,GOOG,2024-09-14,lstm_pred_t3_close,0.527332067489624
61423,GOOG,2024-09-14,ts_mixer_t3_close,0.5340127944946289
61424,GOOG,2024-09-14,mid_pred_t3_close,0.5306724309921265
61425,GOOG,2024-09-14,pct_pred_close,-0.01915540030771129
61426,GOOG,2024-09-14,filtered_mid_price_t3,0.5756402889882928
61427,GOOG,2024-09-14,filtered_covariance_t3,0.002
61428,GOOG,2024-09-11,signal,-1
61429,GOOG,2024-09-11,not_trust,0.00000018011625968483713
61430,GOOG,2024-09-11,is_close,0
61431,GOOG,2024-09-11,final_signal,0
61432,GOOG,2024-09-15,lstm_pred_t3_close,0.5328361988067627
61433,GOOG,2024-09-15,ts_mixer_t3_close,0.5594393610954285
61434,GOOG,2024-09-15,mid_pred_t3_close,0.5461377799510956
61435,GOOG,2024-09-15,pct_pred_close,-0.010250328061313648
61436,GOOG,2024-09-15,filtered_mid_price_t3,0.5697397871808534
61437,GOOG,2024-09-15,filtered_covariance_t3,0.002
61438,GOOG,2024-09-12,signal,-1
61439,GOOG,2024-09-12,not_trust,0.0000001287886277623329
61440,GOOG,2024-09-12,is_close,0
61441,GOOG,2024-09-12,final_signal,0
61442,GOOG,2024-09-16,lstm_pred_t3_close,0.5493477582931519
61443,GOOG,2024-09-16,ts_mixer_t3_close,0.5823146104812622
61444,GOOG,2024-09-16,mid_pred_t3_close,0.565831184387207
61445,GOOG,2024-09-16,pct_pred_close,-0.0013720659436430196
61446,GOOG,2024-09-16,filtered_mid_price_t3,0.5689580666221241
61447,GOOG,2024-09-16,filtered_covariance_t3,0.002
61448,GOOG,2024-09-13,signal,-1
61449,GOOG,2024-09-13,not_trust,0.00000010711219289305518
61450,GOOG,2024-09-13,is_close,0
61451,GOOG,2024-09-13,final_signal,0
61452,GOOG,2024-09-17,lstm_pred_t3_close,0.5493483543395996
61453,GOOG,2024-09-17,ts_mixer_t3_close,0.5823149085044861
61454,GOOG,2024-09-17,mid_pred_t3_close,0.5658316314220428
61455,GOOG,2024-09-17,pct_pred_close,-0.001099003734543384
61456,GOOG,2024-09-17,filtered_mid_price_t3,0.5683327795821078
61457,GOOG,2024-09-17,filtered_covariance_t3,0.002
61458,GOOG,2024-09-14,signal,-1
61459,GOOG,2024-09-14,not_trust,0.00000010711607245639243
61460,GOOG,2024-09-18,lstm_pred_t3_close,0.549347996711731
61461,GOOG,2024-09-18,ts_mixer_t3_close,0.5823146104812622
61462,GOOG,2024-09-18,mid_pred_t3_close,0.5658313035964966
61463,GOOG,2024-09-18,pct_pred_close,-0.000880285662020254
61464,GOOG,2024-09-18,filtered_mid_price_t3,0.5678324843849856
61465,GOOG,2024-09-18,filtered_covariance_t3,0.002
61466,GOOG,2024-09-15,signal,-1
61467,GOOG,2024-09-15,not_trust,0.00000010711342213198805
61468,GOOG,2024-09-19,lstm_pred_t3_close,0.5686012506484985
61469,GOOG,2024-09-19,ts_mixer_t3_close,0.5994606614112854
61470,GOOG,2024-09-19,mid_pred_t3_close,0.584030956029892
61471,GOOG,2024-09-19,pct_pred_close,0.005705369837180391
61472,GOOG,2024-09-19,filtered_mid_price_t3,0.5710721787139669
61473,GOOG,2024-09-19,filtered_covariance_t3,0.002
61474,GOOG,2024-09-16,signal,1
61475,GOOG,2024-09-16,not_trust,0.00000011774849184575942
61476,GOOG,2024-09-16,is_close,1
61477,GOOG,2024-09-16,final_signal,1
61478,GOOG,2024-09-20,lstm_pred_t3_close,0.5890706777572632
61479,GOOG,2024-09-20,ts_mixer_t3_close,0.6357802748680115
61480,GOOG,2024-09-20,mid_pred_t3_close,0.6124254763126373
61481,GOOG,2024-09-20,pct_pred_close,0.014482686826662195
61482,GOOG,2024-09-20,filtered_mid_price_t3,0.5793428382337009
61483,GOOG,2024-09-20,filtered_covariance_t3,0.002
61484,GOOG,2024-09-17,signal,1
61485,GOOG,2024-09-17,not_trust,0.00000014074933574192983
61486,GOOG,2024-09-17,is_close,0
61487,GOOG,2024-09-17,final_signal,0
61488,GOOG,2024-09-21,lstm_pred_t3_close,0.6069357395172119
61489,GOOG,2024-09-21,ts_mixer_t3_close,0.6670466661453247
61490,GOOG,2024-09-21,mid_pred_t3_close,0.6369912028312683
61491,GOOG,2024-09-21,pct_pred_close,0.019901295327418037
61492,GOOG,2024-09-21,filtered_mid_price_t3,0.5908725111532144
61493,GOOG,2024-09-21,filtered_covariance_t3,0.002
61494,GOOG,2024-09-18,signal,1
61495,GOOG,2024-09-18,not_trust,0.00000017299292665029498
61496,GOOG,2024-09-18,is_close,0
61497,GOOG,2024-09-18,final_signal,0
61498,GOOG,2024-09-22,lstm_pred_t3_close,0.6231732368469238
61499,GOOG,2024-09-22,ts_mixer_t3_close,0.7044007182121277
61500,GOOG,2024-09-22,mid_pred_t3_close,0.6637869775295258
61501,GOOG,2024-09-22,pct_pred_close,0.02468027027827146
61502,GOOG,2024-09-22,filtered_mid_price_t3,0.6054554044284767
61503,GOOG,2024-09-22,filtered_covariance_t3,0.002
61504,GOOG,2024-09-19,signal,1
61505,GOOG,2024-09-19,not_trust,0.00000017288968479078903
61506,GOOG,2024-09-19,is_close,0
61507,GOOG,2024-09-19,final_signal,0
61508,GOOG,2024-09-23,lstm_pred_t3_close,0.6398247480392456
61509,GOOG,2024-09-23,ts_mixer_t3_close,0.7117358446121216
61510,GOOG,2024-09-23,mid_pred_t3_close,0.6757802963256836
61511,GOOG,2024-09-23,pct_pred_close,0.023230411813266662
61512,GOOG,2024-09-23,filtered_mid_price_t3,0.6195203828079181
61513,GOOG,2024-09-23,filtered_covariance_t3,0.002
61514,GOOG,2024-09-20,signal,1
61515,GOOG,2024-09-20,not_trust,0.00000013275457888539677
61516,GOOG,2024-09-20,is_close,0
61517,GOOG,2024-09-20,final_signal,0
61518,GOOG,2024-09-24,lstm_pred_t3_close,0.6398247480392456
61519,GOOG,2024-09-24,ts_mixer_t3_close,0.7117358446121216
61520,GOOG,2024-09-24,mid_pred_t3_close,0.6757802963256836
61521,GOOG,2024-09-24,pct_pred_close,0.018162409205254137
61522,GOOG,2024-09-24,filtered_mid_price_t3,0.6307723655114712
61523,GOOG,2024-09-24,filtered_covariance_t3,0.002
61524,GOOG,2024-09-21,signal,1
61525,GOOG,2024-09-21,not_trust,0.00000013275192145556503
61526,GOOG,2024-09-25,lstm_pred_t3_close,0.6398251056671143
61527,GOOG,2024-09-25,ts_mixer_t3_close,0.7117355465888977
61528,GOOG,2024-09-25,mid_pred_t3_close,0.675780326128006
61529,GOOG,2024-09-25,pct_pred_close,0.014270745859336914
61530,GOOG,2024-09-25,filtered_mid_price_t3,0.6397739576347782
61531,GOOG,2024-09-25,filtered_covariance_t3,0.002
61532,GOOG,2024-09-22,signal,1
61533,GOOG,2024-09-22,not_trust,0.00000013276128640882234
61534,GOOG,2024-09-26,lstm_pred_t3_close,0.6523754596710205
61535,GOOG,2024-09-26,ts_mixer_t3_close,0.7093601822853088
61536,GOOG,2024-09-26,mid_pred_t3_close,0.6808678209781647
61537,GOOG,2024-09-26,pct_pred_close,0.012846369519418756
61538,GOOG,2024-09-26,filtered_mid_price_t3,0.6479927303034555
61539,GOOG,2024-09-26,filtered_covariance_t3,0.002
61540,GOOG,2024-09-23,signal,1
61541,GOOG,2024-09-23,not_trust,0.00000009720456262130028
61542,GOOG,2024-09-23,is_close,0
61543,GOOG,2024-09-23,final_signal,0
61544,GOOG,2024-09-27,lstm_pred_t3_close,0.6602592468261719
61545,GOOG,2024-09-27,ts_mixer_t3_close,0.6839959621429443
61546,GOOG,2024-09-27,mid_pred_t3_close,0.6721276044845581
61547,GOOG,2024-09-27,pct_pred_close,0.0074491188102682035
61548,GOOG,2024-09-27,filtered_mid_price_t3,0.652819705139676
61549,GOOG,2024-09-27,filtered_covariance_t3,0.002
61550,GOOG,2024-09-24,signal,1
61551,GOOG,2024-09-24,not_trust,0.00000007901333276549849
61552,GOOG,2024-09-24,is_close,0
61553,GOOG,2024-09-24,final_signal,0
61554,GOOG,2024-09-28,lstm_pred_t3_close,0.6625242233276367
61555,GOOG,2024-09-28,ts_mixer_t3_close,0.6635675430297852
61556,GOOG,2024-09-28,mid_pred_t3_close,0.6630458831787109
61557,GOOG,2024-09-28,pct_pred_close,0.0031329256634025945
61558,GOOG,2024-09-28,filtered_mid_price_t3,0.654864940747483
61559,GOOG,2024-09-28,filtered_covariance_t3,0.002
61560,GOOG,2024-09-25,signal,1
61561,GOOG,2024-09-25,not_trust,0.00000007468499774176962
61562,GOOG,2024-09-25,is_close,0
61563,GOOG,2024-09-25,final_signal,0
61564,GOOG,2024-09-29,lstm_pred_t3_close,0.6615674495697021
61565,GOOG,2024-09-29,ts_mixer_t3_close,0.6524581909179688
61566,GOOG,2024-09-29,mid_pred_t3_close,0.6570128202438354
61567,GOOG,2024-09-29,pct_pred_close,0.0006559763281573382
61568,GOOG,2024-09-29,filtered_mid_price_t3,0.6552945166467535
61569,GOOG,2024-09-29,filtered_covariance_t3,0.002
61570,GOOG,2024-09-26,signal,1
61571,GOOG,2024-09-26,not_trust,0.00000007789940070779267
61572,GOOG,2024-09-26,is_close,0
61573,GOOG,2024-09-26,final_signal,0
61574,GOOG,2024-09-30,lstm_pred_t3_close,0.6608909368515015
61575,GOOG,2024-09-30,ts_mixer_t3_close,0.6505691409111023
61576,GOOG,2024-09-30,mid_pred_t3_close,0.6557300388813019
61577,GOOG,2024-09-30,pct_pred_close,0.0001329241199138248
61578,GOOG,2024-09-30,filtered_mid_price_t3,0.6553816210936632
61579,GOOG,2024-09-30,filtered_covariance_t3,0.002
61580,GOOG,2024-09-27,signal,1
61581,GOOG,2024-09-27,not_trust,0.00000008341444868165127
61582,GOOG,2024-09-27,is_close,0
61583,GOOG,2024-09-27,final_signal,0
61584,GOOG,2024-10-01,lstm_pred_t3_close,0.6608909368515015
61585,GOOG,2024-10-01,ts_mixer_t3_close,0.6505693197250366
61586,GOOG,2024-10-01,mid_pred_t3_close,0.655730128288269
61587,GOOG,2024-10-01,pct_pred_close,0.0001063524466933342
61588,GOOG,2024-10-01,filtered_mid_price_t3,0.6554513225325843
61589,GOOG,2024-10-01,filtered_covariance_t3,0.002
61590,GOOG,2024-09-28,signal,1
61591,GOOG,2024-09-28,not_trust,0.00000008341444868165127
61592,GOOG,2024-10-02,lstm_pred_t3_close,0.6608917713165283
61593,GOOG,2024-10-02,ts_mixer_t3_close,0.65056973695755
61594,GOOG,2024-10-02,mid_pred_t3_close,0.6557307541370392
61595,GOOG,2024-10-02,pct_pred_close,0.00008526387691917681
61596,GOOG,2024-10-02,filtered_mid_price_t3,0.6555072088534752
61597,GOOG,2024-10-02,filtered_covariance_t3,0.002
61598,GOOG,2024-09-29,signal,1
61599,GOOG,2024-09-29,not_trust,0.0000000834139726180183
61600,GOOG,2024-10-03,lstm_pred_t3_close,0.6630990505218506
61601,GOOG,2024-10-03,ts_mixer_t3_close,0.6482367515563965
61602,GOOG,2024-10-03,mid_pred_t3_close,0.6556679010391235
61603,GOOG,2024-10-03,pct_pred_close,0.000049028350406539226
61604,GOOG,2024-10-03,filtered_mid_price_t3,0.6555393472906049
61605,GOOG,2024-10-03,filtered_covariance_t3,0.002
61606,GOOG,2024-09-30,signal,1
61607,GOOG,2024-09-30,not_trust,0.00000008750801328005764
61608,GOOG,2024-09-30,is_close,0
61609,GOOG,2024-09-30,final_signal,0
61610,GOOG,2024-10-04,lstm_pred_t3_close,0.667783260345459
61611,GOOG,2024-10-04,ts_mixer_t3_close,0.6591280698776245
61612,GOOG,2024-10-04,mid_pred_t3_close,0.6634556651115417
61613,GOOG,2024-10-04,pct_pred_close,0.0024152075245080502
61614,GOOG,2024-10-04,filtered_mid_price_t3,0.6571226108547923
61615,GOOG,2024-10-04,filtered_covariance_t3,0.002
61616,GOOG,2024-10-01,signal,1
61617,GOOG,2024-10-01,not_trust,0.00000009057610128593296
61618,GOOG,2024-10-01,is_close,0
61619,GOOG,2024-10-01,final_signal,0
61620,GOOG,2024-10-05,lstm_pred_t3_close,0.6710236072540283
61621,GOOG,2024-10-05,ts_mixer_t3_close,0.655793309211731
61622,GOOG,2024-10-05,mid_pred_t3_close,0.6634084582328796
61623,GOOG,2024-10-05,pct_pred_close,0.00191314292774396
61624,GOOG,2024-10-05,filtered_mid_price_t3,0.6583797803304098
61625,GOOG,2024-10-05,filtered_covariance_t3,0.002
61626,GOOG,2024-10-02,signal,1
61627,GOOG,2024-10-02,not_trust,0.00000009423221314364127
61628,GOOG,2024-10-02,is_close,0
61629,GOOG,2024-10-02,final_signal,0
61630,GOOG,2024-10-06,lstm_pred_t3_close,0.6723247766494751
61631,GOOG,2024-10-06,ts_mixer_t3_close,0.6484465003013611
61632,GOOG,2024-10-06,mid_pred_t3_close,0.6603856384754181
61633,GOOG,2024-10-06,pct_pred_close,0.0006093316365219068
61634,GOOG,2024-10-06,filtered_mid_price_t3,0.6587809519594114
61635,GOOG,2024-10-06,filtered_covariance_t3,0.002
61636,GOOG,2024-10-03,signal,1
61637,GOOG,2024-10-03,not_trust,0.00000009931572719779069
61638,GOOG,2024-10-03,is_close,0
61639,GOOG,2024-10-03,final_signal,0
61640,GOOG,2024-10-07,lstm_pred_t3_close,0.6746439933776855
61641,GOOG,2024-10-07,ts_mixer_t3_close,0.6640908122062683
61642,GOOG,2024-10-07,mid_pred_t3_close,0.6693674027919769
61643,GOOG,2024-10-07,pct_pred_close,0.0032139517091616283
61644,GOOG,2024-10-07,filtered_mid_price_t3,0.6608982421259245
61645,GOOG,2024-10-07,filtered_covariance_t3,0.002
61646,GOOG,2024-10-04,signal,1
61647,GOOG,2024-10-04,not_trust,0.00000010420593099524922
61648,GOOG,2024-10-04,is_close,0
61649,GOOG,2024-10-04,final_signal,0
61650,GOOG,2024-10-08,lstm_pred_t3_close,0.6746443510055542
61651,GOOG,2024-10-08,ts_mixer_t3_close,0.6640916466712952
61652,GOOG,2024-10-08,mid_pred_t3_close,0.6693679988384247
61653,GOOG,2024-10-08,pct_pred_close,0.0025631046271981117
61654,GOOG,2024-10-08,filtered_mid_price_t3,0.6625921934684246
61655,GOOG,2024-10-08,filtered_covariance_t3,0.002
61656,GOOG,2024-10-05,signal,1
61657,GOOG,2024-10-05,not_trust,0.00000010420434648494847
61658,GOOG,2024-10-09,lstm_pred_t3_close,0.6746448278427124
61659,GOOG,2024-10-09,ts_mixer_t3_close,0.6640928387641907
61660,GOOG,2024-10-09,mid_pred_t3_close,0.6693688333034515
61661,GOOG,2024-10-09,pct_pred_close,0.0020454934126386214
61662,GOOG,2024-10-09,filtered_mid_price_t3,0.66394752143543
61663,GOOG,2024-10-09,filtered_covariance_t3,0.002
61664,GOOG,2024-10-06,signal,1
61665,GOOG,2024-10-06,not_trust,0.000000104202548811827
61666,GOOG,2024-10-10,lstm_pred_t3_close,0.6706324815750122
61667,GOOG,2024-10-10,ts_mixer_t3_close,0.6633316278457642
61668,GOOG,2024-10-10,mid_pred_t3_close,0.6669820547103882
61669,GOOG,2024-10-10,pct_pred_close,0.0009140882907123818
61670,GOOG,2024-10-10,filtered_mid_price_t3,0.6645544280904216
61671,GOOG,2024-10-10,filtered_covariance_t3,0.002
61672,GOOG,2024-10-07,signal,1
61673,GOOG,2024-10-07,not_trust,0.00000012756015621562256
61674,GOOG,2024-10-07,is_close,0
61675,GOOG,2024-10-07,final_signal,0
61676,GOOG,2024-10-11,lstm_pred_t3_close,0.6663950681686401
61677,GOOG,2024-10-11,ts_mixer_t3_close,0.6690625548362732
61678,GOOG,2024-10-11,mid_pred_t3_close,0.6677288115024567
61679,GOOG,2024-10-11,pct_pred_close,0.0009553418885964336
61680,GOOG,2024-10-11,filtered_mid_price_t3,0.6651893047728287
61681,GOOG,2024-10-11,filtered_covariance_t3,0.002
61682,GOOG,2024-10-08,signal,1
61683,GOOG,2024-10-08,not_trust,0.00000015166428113388974
61684,GOOG,2024-10-08,is_close,0
61685,GOOG,2024-10-08,final_signal,0
61686,GOOG,2024-10-12,lstm_pred_t3_close,0.659004807472229
61687,GOOG,2024-10-12,ts_mixer_t3_close,0.6805199384689331
61688,GOOG,2024-10-12,mid_pred_t3_close,0.669762372970581
61689,GOOG,2024-10-12,pct_pred_close,0.0013749674460908988
61690,GOOG,2024-10-12,filtered_mid_price_t3,0.6661039184123791
61691,GOOG,2024-10-12,filtered_covariance_t3,0.002
61692,GOOG,2024-10-09,signal,1
61693,GOOG,2024-10-09,not_trust,0.00000020674471556958451
61694,GOOG,2024-10-09,is_close,0
61695,GOOG,2024-10-09,final_signal,0
61696,GOOG,2024-10-13,lstm_pred_t3_close,0.6519365310668945
61697,GOOG,2024-10-13,ts_mixer_t3_close,0.6979355216026306
61698,GOOG,2024-10-13,mid_pred_t3_close,0.6749360263347626
61699,GOOG,2024-10-13,pct_pred_close,0.0026518708802777693
61700,GOOG,2024-10-13,filtered_mid_price_t3,0.6678703399968559
61701,GOOG,2024-10-13,filtered_covariance_t3,0.002
61702,GOOG,2024-10-10,signal,1
61703,GOOG,2024-10-10,not_trust,0.00000025419001303816913
61704,GOOG,2024-10-10,is_close,0
61705,GOOG,2024-10-10,final_signal,0
61706,GOOG,2024-10-14,lstm_pred_t3_close,0.649285078048706
61707,GOOG,2024-10-14,ts_mixer_t3_close,0.7026110887527466
61708,GOOG,2024-10-14,mid_pred_t3_close,0.6759480834007263
61709,GOOG,2024-10-14,pct_pred_close,0.002418955572696455
61710,GOOG,2024-10-14,filtered_mid_price_t3,0.6694858886776299
61711,GOOG,2024-10-14,filtered_covariance_t3,0.002
61712,GOOG,2024-10-11,signal,1
61713,GOOG,2024-10-11,not_trust,0.00000025057775587811193
61714,GOOG,2024-10-11,is_close,0
61715,GOOG,2024-10-11,final_signal,0
61716,GOOG,2024-10-15,lstm_pred_t3_close,0.6492847204208374
61717,GOOG,2024-10-15,ts_mixer_t3_close,0.702610433101654
61718,GOOG,2024-10-15,mid_pred_t3_close,0.6759475767612457
61719,GOOG,2024-10-15,pct_pred_close,0.001930343325496872
61720,GOOG,2024-10-15,filtered_mid_price_t3,0.6707782262943531
61721,GOOG,2024-10-15,filtered_covariance_t3,0.002
61722,GOOG,2024-10-12,signal,1
61723,GOOG,2024-10-12,not_trust,0.00000025060478492378024
61724,GOOG,2024-10-16,lstm_pred_t3_close,0.6492842435836792
61725,GOOG,2024-10-16,ts_mixer_t3_close,0.702609121799469
61726,GOOG,2024-10-16,mid_pred_t3_close,0.6759466826915741
61727,GOOG,2024-10-16,pct_pred_close,0.001541032846511308
61728,GOOG,2024-10-16,filtered_mid_price_t3,0.6718119175737973
61729,GOOG,2024-10-16,filtered_covariance_t3,0.002
61730,GOOG,2024-10-13,signal,1
61731,GOOG,2024-10-13,not_trust,0.00000025065591557904554
61732,GOOG,2024-10-17,lstm_pred_t3_close,0.652838945388794
61733,GOOG,2024-10-17,ts_mixer_t3_close,0.7007272243499756
61734,GOOG,2024-10-17,mid_pred_t3_close,0.6767830848693848
61735,GOOG,2024-10-17,pct_pred_close,0.0014799282851488238
61736,GOOG,2024-10-17,filtered_mid_price_t3,0.6728061510329149
61737,GOOG,2024-10-17,filtered_covariance_t3,0.002
61738,GOOG,2024-10-14,signal,1
61739,GOOG,2024-10-14,not_trust,0.000000198198009115913
61740,GOOG,2024-10-14,is_close,0
61741,GOOG,2024-10-14,final_signal,0
61742,GOOG,2024-10-18,lstm_pred_t3_close,0.659286379814148
61743,GOOG,2024-10-18,ts_mixer_t3_close,0.7082720398902893
61744,GOOG,2024-10-18,mid_pred_t3_close,0.6837792098522186
61745,GOOG,2024-10-18,pct_pred_close,0.0032618782698277467
61746,GOOG,2024-10-18,filtered_mid_price_t3,0.6750007627967756
61747,GOOG,2024-10-18,filtered_covariance_t3,0.002
61748,GOOG,2024-10-15,signal,1
61749,GOOG,2024-10-15,not_trust,0.00000016936145641466283
61750,GOOG,2024-10-15,is_close,0
61751,GOOG,2024-10-15,final_signal,0
61752,GOOG,2024-10-19,lstm_pred_t3_close,0.666712760925293
61753,GOOG,2024-10-19,ts_mixer_t3_close,0.7019805312156677
61754,GOOG,2024-10-19,mid_pred_t3_close,0.6843466460704803
61755,GOOG,2024-10-19,pct_pred_close,0.002769147470287696
61756,GOOG,2024-10-19,filtered_mid_price_t3,0.6768699394515165
61757,GOOG,2024-10-19,filtered_covariance_t3,0.002
61758,GOOG,2024-10-16,signal,1
61759,GOOG,2024-10-16,not_trust,0.00000014191508057592728
61760,GOOG,2024-10-16,is_close,0
61761,GOOG,2024-10-16,final_signal,0
61762,GOOG,2024-10-20,lstm_pred_t3_close,0.6693621873855591
61763,GOOG,2024-10-20,ts_mixer_t3_close,0.6800516247749329
61764,GOOG,2024-10-20,mid_pred_t3_close,0.674706906080246
61765,GOOG,2024-10-20,pct_pred_close,-0.0006391282121417681
61766,GOOG,2024-10-20,filtered_mid_price_t3,0.6764373327772624
61767,GOOG,2024-10-20,filtered_covariance_t3,0.002
61768,GOOG,2024-10-17,signal,1
61769,GOOG,2024-10-17,not_trust,0.00000015139058007207495
61770,GOOG,2024-10-17,is_close,0
61771,GOOG,2024-10-17,final_signal,0
61772,GOOG,2024-10-21,lstm_pred_t3_close,0.6692979335784912
61773,GOOG,2024-10-21,ts_mixer_t3_close,0.6885128617286682
61774,GOOG,2024-10-21,mid_pred_t3_close,0.6789053976535797
61775,GOOG,2024-10-21,pct_pred_close,0.0007297246194808268
61776,GOOG,2024-10-21,filtered_mid_price_t3,0.6769309457525259
61777,GOOG,2024-10-21,filtered_covariance_t3,0.002
61778,GOOG,2024-10-18,signal,1
61779,GOOG,2024-10-18,not_trust,0.00000017333790935936122
61780,GOOG,2024-10-18,is_close,0
61781,GOOG,2024-10-18,final_signal,0
61782,GOOG,2024-10-22,lstm_pred_t3_close,0.6692975759506226
61783,GOOG,2024-10-22,ts_mixer_t3_close,0.68851238489151
61784,GOOG,2024-10-22,mid_pred_t3_close,0.6789049804210663
61785,GOOG,2024-10-22,pct_pred_close,0.000583230735993587
61786,GOOG,2024-10-22,filtered_mid_price_t3,0.677325752686234
61787,GOOG,2024-10-22,filtered_covariance_t3,0.002
61788,GOOG,2024-10-19,signal,1
61789,GOOG,2024-10-19,not_trust,0.00000017333773882910464
61790,GOOG,2024-10-23,lstm_pred_t3_close,0.6692979335784912
61791,GOOG,2024-10-23,ts_mixer_t3_close,0.6885129809379578
61792,GOOG,2024-10-23,mid_pred_t3_close,0.6789054572582245
61793,GOOG,2024-10-23,pct_pred_close,0.00046645342089109165
61794,GOOG,2024-10-23,filtered_mid_price_t3,0.6776416936006321
61795,GOOG,2024-10-23,filtered_covariance_t3,0.002
61796,GOOG,2024-10-20,signal,1
61797,GOOG,2024-10-20,not_trust,0.0000001733380798896178
61798,GOOG,2024-10-24,lstm_pred_t3_close,0.6718072891235352
61799,GOOG,2024-10-24,ts_mixer_t3_close,0.7049334049224854
61800,GOOG,2024-10-24,mid_pred_t3_close,0.6883703470230103
61801,GOOG,2024-10-24,pct_pred_close,0.003166467920641614
61802,GOOG,2024-10-24,filtered_mid_price_t3,0.6797874242851077
61803,GOOG,2024-10-24,filtered_covariance_t3,0.002
61804,GOOG,2024-10-21,signal,1
61805,GOOG,2024-10-21,not_trust,0.00000015779436068896757
61806,GOOG,2024-10-21,is_close,0
61807,GOOG,2024-10-21,final_signal,0
61808,GOOG,2024-10-25,lstm_pred_t3_close,0.67681884765625
61809,GOOG,2024-10-25,ts_mixer_t3_close,0.7324686646461487
61810,GOOG,2024-10-25,mid_pred_t3_close,0.7046437561511993
61811,GOOG,2024-10-25,pct_pred_close,0.007312971960971927
61812,GOOG,2024-10-25,filtered_mid_price_t3,0.6847586906583261
61813,GOOG,2024-10-25,filtered_covariance_t3,0.002
61814,GOOG,2024-10-22,signal,1
61815,GOOG,2024-10-22,not_trust,0.00000013383139219058648
61816,GOOG,2024-10-22,is_close,0
61817,GOOG,2024-10-22,final_signal,0
61818,GOOG,2024-10-26,lstm_pred_t3_close,0.6792783737182617
61819,GOOG,2024-10-26,ts_mixer_t3_close,0.7409223914146423
61820,GOOG,2024-10-26,mid_pred_t3_close,0.710100382566452
61821,GOOG,2024-10-26,pct_pred_close,0.00740164155748435
61822,GOOG,2024-10-26,filtered_mid_price_t3,0.6898270290399513
61823,GOOG,2024-10-26,filtered_covariance_t3,0.002
61824,GOOG,2024-10-23,signal,1
61825,GOOG,2024-10-23,not_trust,0.0000001195821255350893
61826,GOOG,2024-10-23,is_close,0
61827,GOOG,2024-10-23,final_signal,0
61828,GOOG,2024-10-27,lstm_pred_t3_close,0.6793100833892822
61829,GOOG,2024-10-27,ts_mixer_t3_close,0.7371328473091125
61830,GOOG,2024-10-27,mid_pred_t3_close,0.7082214653491974
61831,GOOG,2024-10-27,pct_pred_close,0.005333057573822771
61832,GOOG,2024-10-27,filtered_mid_price_t3,0.6935059163018005
61833,GOOG,2024-10-27,filtered_covariance_t3,0.002
61834,GOOG,2024-10-24,signal,1
61835,GOOG,2024-10-24,not_trust,0.0000001131334599335787
61836,GOOG,2024-10-24,is_close,0
61837,GOOG,2024-10-24,final_signal,0
61838,GOOG,2024-10-28,lstm_pred_t3_close,0.6818342208862305
61839,GOOG,2024-10-28,ts_mixer_t3_close,0.7561612129211426
61840,GOOG,2024-10-28,mid_pred_t3_close,0.7189977169036865
61841,GOOG,2024-10-28,pct_pred_close,0.007351574082546866
61842,GOOG,2024-10-28,filtered_mid_price_t3,0.6986042764221777
61843,GOOG,2024-10-28,filtered_covariance_t3,0.002
61844,GOOG,2024-10-25,signal,1
61845,GOOG,2024-10-25,not_trust,0.00000010635468328246134
61846,GOOG,2024-10-25,is_close,0
61847,GOOG,2024-10-25,final_signal,0
61848,GOOG,2024-10-29,lstm_pred_t3_close,0.6818366050720215
61849,GOOG,2024-10-29,ts_mixer_t3_close,0.7561646699905396
61850,GOOG,2024-10-29,mid_pred_t3_close,0.7190006375312805
61851,GOOG,2024-10-29,pct_pred_close,0.0058391744217658
61852,GOOG,2024-10-29,filtered_mid_price_t3,0.7026835486439983
61853,GOOG,2024-10-29,filtered_covariance_t3,0.002
61854,GOOG,2024-10-26,signal,1
61855,GOOG,2024-10-26,not_trust,0.00000010633561231543354
61856,GOOG,2024-10-30,lstm_pred_t3_close,0.6818356513977051
61857,GOOG,2024-10-30,ts_mixer_t3_close,0.7561632394790649
61858,GOOG,2024-10-30,mid_pred_t3_close,0.718999445438385
61859,GOOG,2024-10-30,pct_pred_close,0.004643881823011843
61860,GOOG,2024-10-30,filtered_mid_price_t3,0.7059467280028756
61861,GOOG,2024-10-30,filtered_covariance_t3,0.002
61862,GOOG,2024-10-27,signal,1
61863,GOOG,2024-10-27,not_trust,0.00000010634312275215052
61864,GOOG,2024-10-31,lstm_pred_t3_close,0.6866515874862671
61865,GOOG,2024-10-31,ts_mixer_t3_close,0.7678373456001282
61866,GOOG,2024-10-31,mid_pred_t3_close,0.7272444665431976
61867,GOOG,2024-10-31,pct_pred_close,0.006033808981755077
61868,GOOG,2024-10-31,filtered_mid_price_t3,0.71020627571094
61869,GOOG,2024-10-31,filtered_covariance_t3,0.002
61870,GOOG,2024-10-28,signal,1
61871,GOOG,2024-10-28,not_trust,0.00000010665004879228945
61872,GOOG,2024-10-28,is_close,0
61873,GOOG,2024-10-28,final_signal,0
61874,GOOG,2024-11-01,lstm_pred_t3_close,0.6955504417419434
61875,GOOG,2024-11-01,ts_mixer_t3_close,0.7769314646720886
61876,GOOG,2024-11-01,mid_pred_t3_close,0.736240953207016
61877,GOOG,2024-11-01,pct_pred_close,0.007331581932309643
61878,GOOG,2024-11-01,filtered_mid_price_t3,0.7154132112101552
61879,GOOG,2024-11-01,filtered_covariance_t3,0.002
61880,GOOG,2024-10-29,signal,1
61881,GOOG,2024-10-29,not_trust,0.00000010709953102150394
61882,GOOG,2024-10-29,is_close,0
61883,GOOG,2024-10-29,final_signal,0
61884,GOOG,2024-11-02,lstm_pred_t3_close,0.7122113704681396
61885,GOOG,2024-11-02,ts_mixer_t3_close,0.7993159890174866
61886,GOOG,2024-11-02,mid_pred_t3_close,0.7557636797428131
61887,GOOG,2024-11-02,pct_pred_close,0.011280325244316653
61888,GOOG,2024-11-02,filtered_mid_price_t3,0.7234833049166868
61889,GOOG,2024-11-02,filtered_covariance_t3,0.002
61890,GOOG,2024-10-30,signal,1
61891,GOOG,2024-10-30,not_trust,0.00000010009046036429936
61892,GOOG,2024-10-30,is_close,0
61893,GOOG,2024-10-30,final_signal,0
61894,GOOG,2024-11-03,lstm_pred_t3_close,0.7239420413970947
61895,GOOG,2024-11-03,ts_mixer_t3_close,0.798957109451294
61896,GOOG,2024-11-03,mid_pred_t3_close,0.7614495754241943
61897,GOOG,2024-11-03,pct_pred_close,0.010495410260193737
61898,GOOG,2024-11-03,filtered_mid_price_t3,0.7310765590181882
61899,GOOG,2024-11-03,filtered_covariance_t3,0.002
61900,GOOG,2024-10-31,signal,1
61901,GOOG,2024-10-31,not_trust,0.00000009743212814328217
61902,GOOG,2024-10-31,is_close,0
61903,GOOG,2024-10-31,final_signal,0
61904,GOOG,2024-11-04,lstm_pred_t3_close,0.7294135093688965
61905,GOOG,2024-11-04,ts_mixer_t3_close,0.7914411425590515
61906,GOOG,2024-11-04,mid_pred_t3_close,0.760427325963974
61907,GOOG,2024-11-04,pct_pred_close,0.008029464652841035
61908,GOOG,2024-11-04,filtered_mid_price_t3,0.7369467124073454
61909,GOOG,2024-11-04,filtered_covariance_t3,0.002
61910,GOOG,2024-11-01,signal,1
61911,GOOG,2024-11-01,not_trust,0.00000009364649855569951
61912,GOOG,2024-11-01,is_close,0
61913,GOOG,2024-11-01,final_signal,0
61914,GOOG,2024-11-05,lstm_pred_t3_close,0.7294138669967651
61915,GOOG,2024-11-05,ts_mixer_t3_close,0.791442334651947
61916,GOOG,2024-11-05,mid_pred_t3_close,0.7604281008243561
61917,GOOG,2024-11-05,pct_pred_close,0.006372615013181887
61918,GOOG,2024-11-05,filtered_mid_price_t3,0.7416429900907475
61919,GOOG,2024-11-05,filtered_covariance_t3,0.002
61920,GOOG,2024-11-02,signal,1
61921,GOOG,2024-11-02,not_trust,0.00000009363631647829607
61922,GOOG,2024-11-06,lstm_pred_t3_close,0.7294139862060547
61923,GOOG,2024-11-06,ts_mixer_t3_close,0.7914425730705261
61924,GOOG,2024-11-06,mid_pred_t3_close,0.7604282796382904
61925,GOOG,2024-11-06,pct_pred_close,0.005065857777539053
61926,GOOG,2024-11-06,filtered_mid_price_t3,0.745400048000256
61927,GOOG,2024-11-06,filtered_covariance_t3,0.002
61928,GOOG,2024-11-03,signal,1
61929,GOOG,2024-11-03,not_trust,0.00000009363417774466143
61930,GOOG,2024-11-07,lstm_pred_t3_close,0.7274965047836304
61931,GOOG,2024-11-07,ts_mixer_t3_close,0.7936054468154907
61932,GOOG,2024-11-07,mid_pred_t3_close,0.7605509757995605
61933,GOOG,2024-11-07,pct_pred_close,0.004065180258560779
61934,GOOG,2024-11-07,filtered_mid_price_t3,0.748430233560117
61935,GOOG,2024-11-07,filtered_covariance_t3,0.002
61936,GOOG,2024-11-04,signal,1
61937,GOOG,2024-11-04,not_trust,0.00000010898257585267856
61938,GOOG,2024-11-04,is_close,0
61939,GOOG,2024-11-04,final_signal,0
61940,GOOG,2024-11-08,lstm_pred_t3_close,0.7236577272415161
61941,GOOG,2024-11-08,ts_mixer_t3_close,0.7936634421348572
61942,GOOG,2024-11-08,mid_pred_t3_close,0.7586605846881866
61943,GOOG,2024-11-08,pct_pred_close,0.002733815570064934
61944,GOOG,2024-11-08,filtered_mid_price_t3,0.7504763037857309
61945,GOOG,2024-11-08,filtered_covariance_t3,0.002
61946,GOOG,2024-11-05,signal,1
61947,GOOG,2024-11-05,not_trust,0.00000015953735044149653
61948,GOOG,2024-11-05,is_close,0
61949,GOOG,2024-11-05,final_signal,0
61950,GOOG,2024-11-09,lstm_pred_t3_close,0.7296791076660156
61951,GOOG,2024-11-09,ts_mixer_t3_close,0.8068417310714722
61952,GOOG,2024-11-09,mid_pred_t3_close,0.7682604193687439
61953,GOOG,2024-11-09,pct_pred_close,0.004739420949949219
61954,GOOG,2024-11-09,filtered_mid_price_t3,0.7540331269023335
61955,GOOG,2024-11-09,filtered_covariance_t3,0.002
61956,GOOG,2024-11-06,signal,1
61957,GOOG,2024-11-06,not_trust,0.0000002784928767596284
61958,GOOG,2024-11-06,is_close,0
61959,GOOG,2024-11-06,final_signal,0
61960,GOOG,2024-11-10,lstm_pred_t3_close,0.7449237108230591
61961,GOOG,2024-11-10,ts_mixer_t3_close,0.8290897011756897
61962,GOOG,2024-11-10,mid_pred_t3_close,0.7870067059993744
61963,GOOG,2024-11-10,pct_pred_close,0.008745923201677006
61964,GOOG,2024-11-10,filtered_mid_price_t3,0.7606278427217417
61965,GOOG,2024-11-10,filtered_covariance_t3,0.002
61966,GOOG,2024-11-07,signal,1
61967,GOOG,2024-11-07,not_trust,0.000000964274704529089
61968,GOOG,2024-11-07,is_close,0
61969,GOOG,2024-11-07,final_signal,0
61970,GOOG,2024-11-11,lstm_pred_t3_close,0.7583664655685425
61971,GOOG,2024-11-11,ts_mixer_t3_close,0.8365098834037781
61972,GOOG,2024-11-11,mid_pred_t3_close,0.7974381744861603
61973,GOOG,2024-11-11,pct_pred_close,0.00967893355907163
61974,GOOG,2024-11-11,filtered_mid_price_t3,0.7679899090746254
61975,GOOG,2024-11-11,filtered_covariance_t3,0.002
61976,GOOG,2024-11-08,signal,1
61977,GOOG,2024-11-08,not_trust,0.000007198882485681679
61978,GOOG,2024-11-08,is_close,0
61979,GOOG,2024-11-08,final_signal,0
61980,GOOG,2024-11-12,lstm_pred_t3_close,0.7583664655685425
61981,GOOG,2024-11-12,ts_mixer_t3_close,0.8365103602409363
61982,GOOG,2024-11-12,mid_pred_t3_close,0.7974384129047394
61983,GOOG,2024-11-12,pct_pred_close,0.007668981970244218
61984,GOOG,2024-11-12,filtered_mid_price_t3,0.7738796098406482
61985,GOOG,2024-11-12,filtered_covariance_t3,0.002
61986,GOOG,2024-11-09,signal,1
61987,GOOG,2024-11-09,not_trust,0.000007197228569566505
61988,GOOG,2024-11-13,lstm_pred_t3_close,0.7583663463592529
61989,GOOG,2024-11-13,ts_mixer_t3_close,0.8365088701248169
61990,GOOG,2024-11-13,mid_pred_t3_close,0.7974376082420349
61991,GOOG,2024-11-13,pct_pred_close,0.006088285077374664
61992,GOOG,2024-11-13,filtered_mid_price_t3,0.7785912095209255
61993,GOOG,2024-11-13,filtered_covariance_t3,0.002
61994,GOOG,2024-11-10,signal,1
61995,GOOG,2024-11-10,not_trust,0.000007202700544439722
61996,GOOG,2024-11-14,lstm_pred_t3_close,0.7703527212142944
61997,GOOG,2024-11-14,ts_mixer_t3_close,0.8458772897720337
61998,GOOG,2024-11-14,mid_pred_t3_close,0.8081150054931641
61999,GOOG,2024-11-14,pct_pred_close,0.0075839016960914775
62000,GOOG,2024-11-14,filtered_mid_price_t3,0.7844959687153732
62001,GOOG,2024-11-14,filtered_covariance_t3,0.002
62002,GOOG,2024-11-11,signal,1
62003,GOOG,2024-11-11,not_trust,0.00016362142923753709
62004,GOOG,2024-11-11,is_close,0
62005,GOOG,2024-11-11,final_signal,0
62006,GOOG,2024-11-15,lstm_pred_t3_close,0.7808732986450195
62007,GOOG,2024-11-15,ts_mixer_t3_close,0.8513349294662476
62008,GOOG,2024-11-15,mid_pred_t3_close,0.8161041140556335
62009,GOOG,2024-11-15,pct_pred_close,0.008058204656429147
62010,GOOG,2024-11-15,filtered_mid_price_t3,0.7908175977834253
62011,GOOG,2024-11-15,filtered_covariance_t3,0.002
62012,GOOG,2024-11-12,signal,1
62013,GOOG,2024-11-12,not_trust,0.0009255299810320139
62014,GOOG,2024-11-12,is_close,0
62015,GOOG,2024-11-12,final_signal,0
62016,GOOG,2024-11-16,lstm_pred_t3_close,0.7846169471740723
62017,GOOG,2024-11-16,ts_mixer_t3_close,0.8468985557556152
62018,GOOG,2024-11-16,mid_pred_t3_close,0.8157577514648438
62019,GOOG,2024-11-16,pct_pred_close,0.006307435178813211
62020,GOOG,2024-11-16,filtered_mid_price_t3,0.795805628519709
62021,GOOG,2024-11-16,filtered_covariance_t3,0.002
62022,GOOG,2024-11-13,signal,1
62023,GOOG,2024-11-13,not_trust,0.00000012290314543861314
62024,GOOG,2024-11-13,is_close,0
62025,GOOG,2024-11-13,final_signal,0
62026,GOOG,2024-11-17,lstm_pred_t3_close,0.780663251876831
62027,GOOG,2024-11-17,ts_mixer_t3_close,0.8224254250526428
62028,GOOG,2024-11-17,mid_pred_t3_close,0.8015443384647369
62029,GOOG,2024-11-17,pct_pred_close,0.0014422390944136862
62030,GOOG,2024-11-17,filtered_mid_price_t3,0.7969533705087146
62031,GOOG,2024-11-17,filtered_covariance_t3,0.002
62032,GOOG,2024-11-14,signal,1
62033,GOOG,2024-11-14,not_trust,0.00000007460683093540865
62034,GOOG,2024-11-14,is_close,0
62035,GOOG,2024-11-14,final_signal,0
62036,GOOG,2024-11-18,lstm_pred_t3_close,0.7685959339141846
62037,GOOG,2024-11-18,ts_mixer_t3_close,0.814622700214386
62038,GOOG,2024-11-18,mid_pred_t3_close,0.7916093170642853
62039,GOOG,2024-11-18,pct_pred_close,-0.0013411207335802101
62040,GOOG,2024-11-18,filtered_mid_price_t3,0.7958845598198288
62041,GOOG,2024-11-18,filtered_covariance_t3,0.002
62042,GOOG,2024-11-15,signal,1
62043,GOOG,2024-11-15,not_trust,0.00000007932349177508513
62044,GOOG,2024-11-15,is_close,0
62045,GOOG,2024-11-15,final_signal,0
62046,GOOG,2024-11-19,lstm_pred_t3_close,0.7685960531234741
62047,GOOG,2024-11-19,ts_mixer_t3_close,0.8146247267723083
62048,GOOG,2024-11-19,mid_pred_t3_close,0.7916103899478912
62049,GOOG,2024-11-19,pct_pred_close,-0.001074067795184989
62050,GOOG,2024-11-19,filtered_mid_price_t3,0.7950297258454413
62051,GOOG,2024-11-19,filtered_covariance_t3,0.002
62052,GOOG,2024-11-16,signal,-1
62053,GOOG,2024-11-16,not_trust,0.00000007932666790111398
62054,GOOG,2024-11-20,lstm_pred_t3_close,0.7685962915420532
62055,GOOG,2024-11-20,ts_mixer_t3_close,0.8146272301673889
62056,GOOG,2024-11-20,mid_pred_t3_close,0.7916117608547211
62057,GOOG,2024-11-20,pct_pred_close,-0.0008598332564446996
62058,GOOG,2024-11-20,filtered_mid_price_t3,0.7943461328472973
62059,GOOG,2024-11-20,filtered_covariance_t3,0.002
62060,GOOG,2024-11-17,signal,-1
62061,GOOG,2024-11-17,not_trust,0.00000007933090273581911
62062,GOOG,2024-11-21,lstm_pred_t3_close,0.7594074010848999
62063,GOOG,2024-11-21,ts_mixer_t3_close,0.814365565776825
62064,GOOG,2024-11-21,mid_pred_t3_close,0.7868864834308624
62065,GOOG,2024-11-21,pct_pred_close,-0.0018781861226405073
62066,GOOG,2024-11-21,filtered_mid_price_t3,0.7928542029640103
62067,GOOG,2024-11-21,filtered_covariance_t3,0.002
62068,GOOG,2024-11-18,signal,-1
62069,GOOG,2024-11-18,not_trust,0.00000008547583263407432
62070,GOOG,2024-11-18,is_close,1
62071,GOOG,2024-11-18,final_signal,-1
62072,GOOG,2024-11-22,lstm_pred_t3_close,0.7580456733703613
62073,GOOG,2024-11-22,ts_mixer_t3_close,0.8203950524330139
62074,GOOG,2024-11-22,mid_pred_t3_close,0.7892203629016876
62075,GOOG,2024-11-22,pct_pred_close,-0.0009166477389506984
62076,GOOG,2024-11-22,filtered_mid_price_t3,0.7921274349515458
62077,GOOG,2024-11-22,filtered_covariance_t3,0.002
62078,GOOG,2024-11-19,signal,-1
62079,GOOG,2024-11-19,not_trust,0.00000008340235524428863
62080,GOOG,2024-11-19,is_close,0
62081,GOOG,2024-11-19,final_signal,0
62082,GOOG,2024-11-23,lstm_pred_t3_close,0.7571592330932617
62083,GOOG,2024-11-23,ts_mixer_t3_close,0.8258487582206726
62084,GOOG,2024-11-23,mid_pred_t3_close,0.7915039956569672
62085,GOOG,2024-11-23,pct_pred_close,-0.00015740883778802038
62086,GOOG,2024-11-23,filtered_mid_price_t3,0.7920027470926301
62087,GOOG,2024-11-23,filtered_covariance_t3,0.002
62088,GOOG,2024-11-20,signal,-1
62089,GOOG,2024-11-20,not_trust,0.00000009231975184320618
62090,GOOG,2024-11-20,is_close,0
62091,GOOG,2024-11-20,final_signal,0
62092,GOOG,2024-11-24,lstm_pred_t3_close,0.7434700727462769
62093,GOOG,2024-11-24,ts_mixer_t3_close,0.7786000967025757
62094,GOOG,2024-11-24,mid_pred_t3_close,0.7610350847244263
62095,GOOG,2024-11-24,pct_pred_close,-0.007820089635265324
62096,GOOG,2024-11-24,filtered_mid_price_t3,0.7858092146189893
62097,GOOG,2024-11-24,filtered_covariance_t3,0.002
62098,GOOG,2024-11-21,signal,-1
62099,GOOG,2024-11-21,not_trust,0.00000016879742759101646
62100,GOOG,2024-11-21,is_close,0
62101,GOOG,2024-11-21,final_signal,0
62102,GOOG,2024-11-25,lstm_pred_t3_close,0.7214385271072388
62103,GOOG,2024-11-25,ts_mixer_t3_close,0.7329373359680176
62104,GOOG,2024-11-25,mid_pred_t3_close,0.7271879315376282
62105,GOOG,2024-11-25,pct_pred_close,-0.0149199785369746
62106,GOOG,2024-11-25,filtered_mid_price_t3,0.7740849580027171
62107,GOOG,2024-11-25,filtered_covariance_t3,0.002
62108,GOOG,2024-11-22,signal,-1
62109,GOOG,2024-11-22,not_trust,0.0000003201358254045772
62110,GOOG,2024-11-22,is_close,0
62111,GOOG,2024-11-22,final_signal,0
62112,GOOG,2024-11-26,lstm_pred_t3_close,0.7214381694793701
62113,GOOG,2024-11-26,ts_mixer_t3_close,0.7329354286193848
62114,GOOG,2024-11-26,mid_pred_t3_close,0.7271867990493774
62115,GOOG,2024-11-26,pct_pred_close,-0.012117057299329404
62116,GOOG,2024-11-26,filtered_mid_price_t3,0.7647053262120492
62117,GOOG,2024-11-26,filtered_covariance_t3,0.002
62118,GOOG,2024-11-23,signal,-1
62119,GOOG,2024-11-23,not_trust,0.0000003201394918050937
62120,GOOG,2024-11-27,lstm_pred_t3_close,0.7214382886886597
62121,GOOG,2024-11-27,ts_mixer_t3_close,0.7329363822937012
62122,GOOG,2024-11-27,mid_pred_t3_close,0.7271873354911804
62123,GOOG,2024-11-27,pct_pred_close,-0.009812404709331228
62124,GOOG,2024-11-27,filtered_mid_price_t3,0.7572017280678754
62125,GOOG,2024-11-27,filtered_covariance_t3,0.002
62126,GOOG,2024-11-24,signal,-1
62127,GOOG,2024-11-24,not_trust,0.00000032013792861107504
62128,GOOG,2024-11-28,lstm_pred_t3_close,0.703760027885437
62129,GOOG,2024-11-28,ts_mixer_t3_close,0.7279818058013916
62130,GOOG,2024-11-28,mid_pred_t3_close,0.7158709168434143
62131,GOOG,2024-11-28,pct_pred_close,-0.010916723956751464
62132,GOOG,2024-11-28,filtered_mid_price_t3,0.7489355658229833
62133,GOOG,2024-11-28,filtered_covariance_t3,0.002
62134,GOOG,2024-11-25,signal,-1
62135,GOOG,2024-11-25,not_trust,0.0000003010637499301083
62136,GOOG,2024-11-25,is_close,0
62137,GOOG,2024-11-25,final_signal,0
62138,GOOG,2024-11-29,lstm_pred_t3_close,0.6949269771575928
62139,GOOG,2024-11-29,ts_mixer_t3_close,0.7315162420272827
62140,GOOG,2024-11-29,mid_pred_t3_close,0.7132216095924377
62141,GOOG,2024-11-29,pct_pred_close,-0.009537257371747402
62142,GOOG,2024-11-29,filtered_mid_price_t3,0.7417927745768742
62143,GOOG,2024-11-29,filtered_covariance_t3,0.002
62144,GOOG,2024-11-26,signal,-1
62145,GOOG,2024-11-26,not_trust,0.00000017297610099831218
62146,GOOG,2024-11-26,is_close,0
62147,GOOG,2024-11-26,final_signal,0
62148,GOOG,2024-11-30,lstm_pred_t3_close,0.6938375234603882
62149,GOOG,2024-11-30,ts_mixer_t3_close,0.7234473824501038
62150,GOOG,2024-11-30,mid_pred_t3_close,0.708642452955246
62151,GOOG,2024-11-30,pct_pred_close,-0.00893789283416453
62152,GOOG,2024-11-30,filtered_mid_price_t3,0.7351627102525485
62153,GOOG,2024-11-30,filtered_covariance_t3,0.002
62154,GOOG,2024-11-27,signal,-1
62155,GOOG,2024-11-27,not_trust,0.00000011553470358194318
62156,GOOG,2024-11-27,is_close,0
62157,GOOG,2024-11-27,final_signal,0
62158,GOOG,2024-12-01,lstm_pred_t3_close,0.6938375234603882
62159,GOOG,2024-12-01,ts_mixer_t3_close,0.7234473824501038
62160,GOOG,2024-12-01,mid_pred_t3_close,0.708642452955246
62161,GOOG,2024-12-01,pct_pred_close,-0.007214799370929015
62162,GOOG,2024-12-01,filtered_mid_price_t3,0.729858658793088
62163,GOOG,2024-12-01,filtered_covariance_t3,0.002
62164,GOOG,2024-11-28,signal,-1
62165,GOOG,2024-11-28,not_trust,0.00000011553470358194318
62166,GOOG,2024-12-02,lstm_pred_t3_close,0.6976110935211182
62167,GOOG,2024-12-02,ts_mixer_t3_close,0.7280589938163757
62168,GOOG,2024-12-02,mid_pred_t3_close,0.712835043668747
62169,GOOG,2024-12-02,pct_pred_close,-0.004664907354114692
62170,GOOG,2024-12-02,filtered_mid_price_t3,0.7264539357682198
62171,GOOG,2024-12-02,filtered_covariance_t3,0.002
62172,GOOG,2024-11-29,signal,-1
62173,GOOG,2024-11-29,not_trust,0.00000009515787269265275
62174,GOOG,2024-11-29,is_close,0
62175,GOOG,2024-11-29,final_signal,0
62176,GOOG,2024-12-03,lstm_pred_t3_close,0.69761061668396
62177,GOOG,2024-12-03,ts_mixer_t3_close,0.7280570864677429
62178,GOOG,2024-12-03,mid_pred_t3_close,0.7128338515758514
62179,GOOG,2024-12-03,pct_pred_close,-0.003749744759236588
62180,GOOG,2024-12-03,filtered_mid_price_t3,0.7237299189297461
62181,GOOG,2024-12-03,filtered_covariance_t3,0.002
62182,GOOG,2024-11-30,signal,-1
62183,GOOG,2024-11-30,not_trust,0.00000009514008070254931
62184,GOOG,2024-12-04,lstm_pred_t3_close,0.6976107358932495
62185,GOOG,2024-12-04,ts_mixer_t3_close,0.7280576229095459
62186,GOOG,2024-12-04,mid_pred_t3_close,0.7128341794013977
62187,GOOG,2024-12-04,pct_pred_close,-0.003010996020300187
62188,GOOG,2024-12-04,filtered_mid_price_t3,0.7215507710240765
62189,GOOG,2024-12-04,filtered_covariance_t3,0.002
62190,GOOG,2024-12-01,signal,-1
62191,GOOG,2024-12-01,not_trust,0.00000009514444343494688
62192,GOOG,2024-12-05,lstm_pred_t3_close,0.7068288326263428
62193,GOOG,2024-12-05,ts_mixer_t3_close,0.7469111084938049
62194,GOOG,2024-12-05,mid_pred_t3_close,0.7268699705600739
62195,GOOG,2024-12-05,pct_pred_close,0.0014743798356553833
62196,GOOG,2024-12-05,filtered_mid_price_t3,0.722614610931276
62197,GOOG,2024-12-05,filtered_covariance_t3,0.002
62198,GOOG,2024-12-02,signal,-1
62199,GOOG,2024-12-02,not_trust,0.00000010591237042945068
62200,GOOG,2024-12-02,is_close,0
62201,GOOG,2024-12-02,final_signal,0
62202,GOOG,2024-12-06,lstm_pred_t3_close,0.716293454170227
62203,GOOG,2024-12-06,ts_mixer_t3_close,0.7475072145462036
62204,GOOG,2024-12-06,mid_pred_t3_close,0.7319003343582153
62205,GOOG,2024-12-06,pct_pred_close,0.00257003478381717
62206,GOOG,2024-12-06,filtered_mid_price_t3,0.7244717556166639
62207,GOOG,2024-12-06,filtered_covariance_t3,0.002
62208,GOOG,2024-12-03,signal,1
62209,GOOG,2024-12-03,not_trust,0.00000034550686223155935
62210,GOOG,2024-12-03,is_close,1
62211,GOOG,2024-12-03,final_signal,1
62212,GOOG,2024-12-07,lstm_pred_t3_close,0.7269290685653687
62213,GOOG,2024-12-07,ts_mixer_t3_close,0.7578789591789246
62214,GOOG,2024-12-07,mid_pred_t3_close,0.7424040138721466
62215,GOOG,2024-12-07,pct_pred_close,0.004950436815916647
62216,GOOG,2024-12-07,filtered_mid_price_t3,0.7280582072677604
62217,GOOG,2024-12-07,filtered_covariance_t3,0.002
62218,GOOG,2024-12-04,signal,1
62219,GOOG,2024-12-04,not_trust,0.000002492310159141198
62220,GOOG,2024-12-04,is_close,0
62221,GOOG,2024-12-04,final_signal,0
62222,GOOG,2024-12-08,lstm_pred_t3_close,0.7346397638320923
62223,GOOG,2024-12-08,ts_mixer_t3_close,0.7685107588768005
62224,GOOG,2024-12-08,mid_pred_t3_close,0.7515752613544464
62225,GOOG,2024-12-08,pct_pred_close,0.006460212618147675
62226,GOOG,2024-12-08,filtered_mid_price_t3,0.7327616180850975
62227,GOOG,2024-12-08,filtered_covariance_t3,0.002
62228,GOOG,2024-12-05,signal,1
62229,GOOG,2024-12-05,not_trust,0.000008171535228029825
62230,GOOG,2024-12-05,is_close,0
62231,GOOG,2024-12-05,final_signal,0
62232,GOOG,2024-12-09,lstm_pred_t3_close,0.7449131011962891
62233,GOOG,2024-12-09,ts_mixer_t3_close,0.794307291507721
62234,GOOG,2024-12-09,mid_pred_t3_close,0.769610196352005
62235,GOOG,2024-12-09,pct_pred_close,0.01005745316279059
62236,GOOG,2024-12-09,filtered_mid_price_t3,0.7401313337384791
62237,GOOG,2024-12-09,filtered_covariance_t3,0.002
62238,GOOG,2024-12-06,signal,1
62239,GOOG,2024-12-06,not_trust,0.0000013494914128386881
62240,GOOG,2024-12-06,is_close,0
62241,GOOG,2024-12-06,final_signal,0
62242,GOOG,2024-12-10,lstm_pred_t3_close,0.7449127435684204
62243,GOOG,2024-12-10,ts_mixer_t3_close,0.7943050861358643
62244,GOOG,2024-12-10,mid_pred_t3_close,0.7696089148521423
62245,GOOG,2024-12-10,pct_pred_close,0.007965500113275572
62246,GOOG,2024-12-10,filtered_mid_price_t3,0.7460268499612117
62247,GOOG,2024-12-10,filtered_covariance_t3,0.002
62248,GOOG,2024-12-07,signal,1
62249,GOOG,2024-12-07,not_trust,0.0000013520175343728624
62250,GOOG,2024-12-11,lstm_pred_t3_close,0.7449129819869995
62251,GOOG,2024-12-11,ts_mixer_t3_close,0.7943059206008911
62252,GOOG,2024-12-11,mid_pred_t3_close,0.7696094512939453
62253,GOOG,2024-12-11,pct_pred_close,0.006322185678426858
62254,GOOG,2024-12-11,filtered_mid_price_t3,0.7507433702277584
62255,GOOG,2024-12-11,filtered_covariance_t3,0.002
62256,GOOG,2024-12-08,signal,1
62257,GOOG,2024-12-08,not_trust,0.0000013510122016668902
62258,GOOG,2024-12-12,lstm_pred_t3_close,0.7569242715835571
62259,GOOG,2024-12-12,ts_mixer_t3_close,0.8218793869018555
62260,GOOG,2024-12-12,mid_pred_t3_close,0.7894018292427063
62261,GOOG,2024-12-12,pct_pred_close,0.010298714726770061
62262,GOOG,2024-12-12,filtered_mid_price_t3,0.758475062030748
62263,GOOG,2024-12-12,filtered_covariance_t3,0.002
62264,GOOG,2024-12-09,signal,1
62265,GOOG,2024-12-09,not_trust,0.0000002816512960635009
62266,GOOG,2024-12-09,is_close,0
62267,GOOG,2024-12-09,final_signal,0
62268,GOOG,2024-12-13,lstm_pred_t3_close,0.7764649391174316
62269,GOOG,2024-12-13,ts_mixer_t3_close,0.8548988103866577
62270,GOOG,2024-12-13,mid_pred_t3_close,0.8156818747520447
62271,GOOG,2024-12-13,pct_pred_close,0.015084691794119252
62272,GOOG,2024-12-13,filtered_mid_price_t3,0.7699164245750073
62273,GOOG,2024-12-13,filtered_covariance_t3,0.002
62274,GOOG,2024-12-10,signal,1
62275,GOOG,2024-12-10,not_trust,0.00000011977100200510904
62276,GOOG,2024-12-10,is_close,0
62277,GOOG,2024-12-10,final_signal,0
62278,GOOG,2024-12-14,lstm_pred_t3_close,0.8045535087585449
62279,GOOG,2024-12-14,ts_mixer_t3_close,0.8697187304496765
62280,GOOG,2024-12-14,mid_pred_t3_close,0.8371361196041107
62281,GOOG,2024-12-14,pct_pred_close,0.017461556315338606
62282,GOOG,2024-12-14,filtered_mid_price_t3,0.783360363580828
62283,GOOG,2024-12-14,filtered_covariance_t3,0.002
62284,GOOG,2024-12-11,signal,1
62285,GOOG,2024-12-11,not_trust,0.00000007451183847706488
62286,GOOG,2024-12-11,is_close,0
62287,GOOG,2024-12-11,final_signal,0
62288,GOOG,2024-12-15,lstm_pred_t3_close,0.8276715278625488
62289,GOOG,2024-12-15,ts_mixer_t3_close,0.8720927834510803
62290,GOOG,2024-12-15,mid_pred_t3_close,0.8498821556568146
62291,GOOG,2024-12-15,pct_pred_close,0.0169837012870827
62292,GOOG,2024-12-15,filtered_mid_price_t3,0.7966647219960252
62293,GOOG,2024-12-15,filtered_covariance_t3,0.002
62294,GOOG,2024-12-12,signal,1
62295,GOOG,2024-12-12,not_trust,0.000000058980266004482473
62296,GOOG,2024-12-12,is_close,0
62297,GOOG,2024-12-12,final_signal,0
62298,GOOG,2024-12-16,lstm_pred_t3_close,0.8409638404846191
62299,GOOG,2024-12-16,ts_mixer_t3_close,0.8641901612281799
62300,GOOG,2024-12-16,mid_pred_t3_close,0.8525770008563995
62301,GOOG,2024-12-16,pct_pred_close,0.014036589625881132
62302,GOOG,2024-12-16,filtered_mid_price_t3,0.8078471777681001
62303,GOOG,2024-12-16,filtered_covariance_t3,0.002
62304,GOOG,2024-12-13,signal,1
62305,GOOG,2024-12-13,not_trust,0.00000005272456249372226
62306,GOOG,2024-12-13,is_close,0
62307,GOOG,2024-12-13,final_signal,0
62308,GOOG,2024-12-17,lstm_pred_t3_close,0.8409639596939087
62309,GOOG,2024-12-17,ts_mixer_t3_close,0.8641931414604187
62310,GOOG,2024-12-17,mid_pred_t3_close,0.8525785505771637
62311,GOOG,2024-12-17,pct_pred_close,0.011074216520170661
62312,GOOG,2024-12-17,filtered_mid_price_t3,0.8167934523299129
62313,GOOG,2024-12-17,filtered_covariance_t3,0.002
62314,GOOG,2024-12-14,signal,1
62315,GOOG,2024-12-14,not_trust,0.00000005274658931853082
62316,GOOG,2024-12-18,lstm_pred_t3_close,0.8409639596939087
62317,GOOG,2024-12-18,ts_mixer_t3_close,0.864193856716156
62318,GOOG,2024-12-18,mid_pred_t3_close,0.8525789082050323
62319,GOOG,2024-12-18,pct_pred_close,0.008762424765536818
62320,GOOG,2024-12-18,filtered_mid_price_t3,0.8239505435049368
62321,GOOG,2024-12-18,filtered_covariance_t3,0.002
62322,GOOG,2024-12-15,signal,1
62323,GOOG,2024-12-15,not_trust,0.00000005275252235037442
62324,GOOG,2024-12-19,lstm_pred_t3_close,0.8529021739959717
62325,GOOG,2024-12-19,ts_mixer_t3_close,0.8563588261604309
62326,GOOG,2024-12-19,mid_pred_t3_close,0.8546305000782013
62327,GOOG,2024-12-19,pct_pred_close,0.007447038372657081
62328,GOOG,2024-12-19,filtered_mid_price_t3,0.8300865348195897
62329,GOOG,2024-12-19,filtered_covariance_t3,0.002
62330,GOOG,2024-12-16,signal,1
62331,GOOG,2024-12-16,not_trust,0.00000005090569388244148
62332,GOOG,2024-12-16,is_close,0
62333,GOOG,2024-12-16,final_signal,0
62334,GOOG,2024-12-20,lstm_pred_t3_close,0.8617395162582397
62335,GOOG,2024-12-20,ts_mixer_t3_close,0.8553683161735535
62336,GOOG,2024-12-20,mid_pred_t3_close,0.8585539162158966
62337,GOOG,2024-12-20,pct_pred_close,0.006858894874735967
62338,GOOG,2024-12-20,filtered_mid_price_t3,0.8357800110988511
62339,GOOG,2024-12-20,filtered_covariance_t3,0.002
62340,GOOG,2024-12-17,signal,1
62341,GOOG,2024-12-17,not_trust,0.000000049584205186192776
62342,GOOG,2024-12-17,is_close,0
62343,GOOG,2024-12-17,final_signal,0
62344,GOOG,2024-12-21,lstm_pred_t3_close,0.8596229553222656
62345,GOOG,2024-12-21,ts_mixer_t3_close,0.85648113489151
62346,GOOG,2024-12-21,mid_pred_t3_close,0.8580520451068878
62347,GOOG,2024-12-21,pct_pred_close,0.005329640267121101
62348,GOOG,2024-12-21,filtered_mid_price_t3,0.8402344179004585
62349,GOOG,2024-12-21,filtered_covariance_t3,0.002
62350,GOOG,2024-12-18,signal,1
62351,GOOG,2024-12-18,not_trust,0.00000005067803243719027
62352,GOOG,2024-12-18,is_close,0
62353,GOOG,2024-12-18,final_signal,0
62354,GOOG,2024-12-22,lstm_pred_t3_close,0.8519101142883301
62355,GOOG,2024-12-22,ts_mixer_t3_close,0.8419652581214905
62356,GOOG,2024-12-22,mid_pred_t3_close,0.8469376862049103
62357,GOOG,2024-12-22,pct_pred_close,0.0015955709886775163
62358,GOOG,2024-12-22,filtered_mid_price_t3,0.8415750715613488
62359,GOOG,2024-12-22,filtered_covariance_t3,0.002
62360,GOOG,2024-12-19,signal,1
62361,GOOG,2024-12-19,not_trust,0.00000004600902059337386
62362,GOOG,2024-12-19,is_close,0
62363,GOOG,2024-12-19,final_signal,0
62364,GOOG,2024-12-23,lstm_pred_t3_close,0.846575140953064
62365,GOOG,2024-12-23,ts_mixer_t3_close,0.836568295955658
62366,GOOG,2024-12-23,mid_pred_t3_close,0.841571718454361
62367,GOOG,2024-12-23,pct_pred_close,-0.0000007968646175328794
62368,GOOG,2024-12-23,filtered_mid_price_t3,0.8415744009399513
62369,GOOG,2024-12-23,filtered_covariance_t3,0.002
62370,GOOG,2024-12-20,signal,1
62371,GOOG,2024-12-20,not_trust,0.00000004996681113311752
62372,GOOG,2024-12-20,is_close,0
62373,GOOG,2024-12-20,final_signal,0
62374,GOOG,2024-12-24,lstm_pred_t3_close,0.8465753793716431
62375,GOOG,2024-12-24,ts_mixer_t3_close,0.8365736603736877
62376,GOOG,2024-12-24,mid_pred_t3_close,0.8415745198726654
62377,GOOG,2024-12-24,pct_pred_close,0.000000028264337437009135
62378,GOOG,2024-12-24,filtered_mid_price_t3,0.8415744247264941
62379,GOOG,2024-12-24,filtered_covariance_t3,0.002
62380,GOOG,2024-12-21,signal,1
62381,GOOG,2024-12-21,not_trust,0.00000004996748259600281
62382,GOOG,2024-12-25,lstm_pred_t3_close,0.8465753793716431
62383,GOOG,2024-12-25,ts_mixer_t3_close,0.8365748524665833
62384,GOOG,2024-12-25,mid_pred_t3_close,0.8415751159191132
62385,GOOG,2024-12-25,pct_pred_close,0.00000016426179288317222
62386,GOOG,2024-12-25,filtered_mid_price_t3,0.841574562965018
62387,GOOG,2024-12-25,filtered_covariance_t3,0.002
62388,GOOG,2024-12-22,signal,-1
62389,GOOG,2024-12-22,not_trust,0.000000049967670889827787
62390,GOOG,2024-12-26,lstm_pred_t3_close,0.8477541208267212
62391,GOOG,2024-12-26,ts_mixer_t3_close,0.8515657186508179
62392,GOOG,2024-12-26,mid_pred_t3_close,0.8496599197387695
62393,GOOG,2024-12-26,pct_pred_close,0.0019214831649058855
62394,GOOG,2024-12-26,filtered_mid_price_t3,0.8431916343197683
62395,GOOG,2024-12-26,filtered_covariance_t3,0.002
62396,GOOG,2024-12-23,signal,1
62397,GOOG,2024-12-23,not_trust,0.000000052389243165862354
62398,GOOG,2024-12-23,is_close,0
62399,GOOG,2024-12-23,final_signal,0
62400,GOOG,2024-12-27,lstm_pred_t3_close,0.8548643589019775
62401,GOOG,2024-12-27,ts_mixer_t3_close,0.8562707901000977
62402,GOOG,2024-12-27,mid_pred_t3_close,0.8555675745010376
62403,GOOG,2024-12-27,pct_pred_close,0.002935498806568124
62404,GOOG,2024-12-27,filtered_mid_price_t3,0.8456668223560222
62405,GOOG,2024-12-27,filtered_covariance_t3,0.002
62406,GOOG,2024-12-24,signal,1
62407,GOOG,2024-12-24,not_trust,0.000000053753787199184444
62408,GOOG,2024-12-24,is_close,0
62409,GOOG,2024-12-24,final_signal,0
62410,GOOG,2024-12-28,lstm_pred_t3_close,0.8548645973205566
62411,GOOG,2024-12-28,ts_mixer_t3_close,0.8562809824943542
62412,GOOG,2024-12-28,mid_pred_t3_close,0.8555727899074554
62413,GOOG,2024-12-28,pct_pred_close,0.0023427589423067373
62414,GOOG,2024-12-28,filtered_mid_price_t3,0.8476480158663089
62415,GOOG,2024-12-28,filtered_covariance_t3,0.002
62416,GOOG,2024-12-25,signal,1
62417,GOOG,2024-12-25,not_trust,0.00000005375912692784368
62418,GOOG,2024-12-29,lstm_pred_t3_close,0.8622483015060425
62419,GOOG,2024-12-29,ts_mixer_t3_close,0.8768326044082642
62420,GOOG,2024-12-29,mid_pred_t3_close,0.8695404529571533
62421,GOOG,2024-12-29,pct_pred_close,0.005165454688989097
62422,GOOG,2024-12-29,filtered_mid_price_t3,0.8520265032844778
62423,GOOG,2024-12-29,filtered_covariance_t3,0.002
62424,GOOG,2024-12-26,signal,1
62425,GOOG,2024-12-26,not_trust,0.00000006013563336182415
62426,GOOG,2024-12-26,is_close,0
62427,GOOG,2024-12-26,final_signal,0
62428,GOOG,2024-12-30,lstm_pred_t3_close,0.8651299476623535
62429,GOOG,2024-12-30,ts_mixer_t3_close,0.8665394186973572
62430,GOOG,2024-12-30,mid_pred_t3_close,0.8658346831798553
62431,GOOG,2024-12-30,pct_pred_close,0.0032412559567451178
62432,GOOG,2024-12-30,filtered_mid_price_t3,0.8547881392635533
62433,GOOG,2024-12-30,filtered_covariance_t3,0.002
62434,GOOG,2024-12-27,signal,1
62435,GOOG,2024-12-27,not_trust,0.00000007379124866702114
62436,GOOG,2024-12-27,is_close,0
62437,GOOG,2024-12-27,final_signal,0
62438,GOOG,2024-12-31,lstm_pred_t3_close,0.8651297092437744
62439,GOOG,2024-12-31,ts_mixer_t3_close,0.8665338754653931
62440,GOOG,2024-12-31,mid_pred_t3_close,0.8658317923545837
62441,GOOG,2024-12-31,pct_pred_close,0.002583950942638226
62442,GOOG,2024-12-31,filtered_mid_price_t3,0.8569968698817594
62443,GOOG,2024-12-31,filtered_covariance_t3,0.002
62444,GOOG,2024-12-28,signal,1
62445,GOOG,2024-12-28,not_trust,0.00000007378603328334066
62446,GOOG,2025-01-01,lstm_pred_t3_close,0.865129828453064
62447,GOOG,2025-01-01,ts_mixer_t3_close,0.8665356636047363
62448,GOOG,2025-01-01,mid_pred_t3_close,0.8658327460289001
62449,GOOG,2025-01-01,pct_pred_close,0.0020620556404972305
62450,GOOG,2025-01-01,filtered_mid_price_t3,0.8587640451111875
62451,GOOG,2025-01-01,filtered_covariance_t3,0.002
62452,GOOG,2024-12-29,signal,1
62453,GOOG,2024-12-29,not_trust,0.00000007378800859214607
62454,GOOG,2025-01-02,lstm_pred_t3_close,0.8644938468933105
62455,GOOG,2025-01-02,ts_mixer_t3_close,0.8582906126976013
62456,GOOG,2025-01-02,mid_pred_t3_close,0.8613922297954559
62457,GOOG,2025-01-02,pct_pred_close,0.0006120854032560777
62458,GOOG,2025-01-02,filtered_mid_price_t3,0.8592896820480412
62459,GOOG,2025-01-02,filtered_covariance_t3,0.002
62460,GOOG,2024-12-30,signal,1
62461,GOOG,2024-12-30,not_trust,0.00000009286652868922829
62462,GOOG,2024-12-30,is_close,0
62463,GOOG,2024-12-30,final_signal,0
62464,GOOG,2025-01-03,lstm_pred_t3_close,0.8582499027252197
62465,GOOG,2025-01-03,ts_mixer_t3_close,0.8420825004577637
62466,GOOG,2025-01-03,mid_pred_t3_close,0.8501662015914917
62467,GOOG,2025-01-03,pct_pred_close,-0.002123493542900295
62468,GOOG,2025-01-03,filtered_mid_price_t3,0.8574649859567314
62469,GOOG,2025-01-03,filtered_covariance_t3,0.002
62470,GOOG,2024-12-31,signal,1
62471,GOOG,2024-12-31,not_trust,0.00000014162655759264453
62472,GOOG,2024-12-31,is_close,0
62473,GOOG,2024-12-31,final_signal,0
62474,GOOG,2025-01-04,lstm_pred_t3_close,0.8582499027252197
62475,GOOG,2025-01-04,ts_mixer_t3_close,0.8420825004577637
62476,GOOG,2025-01-04,mid_pred_t3_close,0.8501662015914917
62477,GOOG,2025-01-04,pct_pred_close,-0.001702409890730572
62478,GOOG,2025-01-04,filtered_mid_price_t3,0.8560052290836835
62479,GOOG,2025-01-04,filtered_covariance_t3,0.002
62480,GOOG,2025-01-01,signal,-1
62481,GOOG,2025-01-01,not_trust,0.00000014162655759264453
62482,GOOG,2025-01-05,lstm_pred_t3_close,0.8519833087921143
62483,GOOG,2025-01-05,ts_mixer_t3_close,0.8382031321525574
62484,GOOG,2025-01-05,mid_pred_t3_close,0.8450932204723358
62485,GOOG,2025-01-05,pct_pred_close,-0.0025495191479212626
62486,GOOG,2025-01-05,filtered_mid_price_t3,0.8538228273614139
62487,GOOG,2025-01-05,filtered_covariance_t3,0.002
62488,GOOG,2025-01-02,signal,-1
62489,GOOG,2025-01-02,not_trust,0.00000027238948518970574
62490,GOOG,2025-01-02,is_close,1
62491,GOOG,2025-01-02,final_signal,-1
62492,GOOG,2025-01-06,lstm_pred_t3_close,0.8530111312866211
62493,GOOG,2025-01-06,ts_mixer_t3_close,0.853182852268219
62494,GOOG,2025-01-06,mid_pred_t3_close,0.85309699177742
62495,GOOG,2025-01-06,pct_pred_close,-0.00017002018703037884
62496,GOOG,2025-01-06,filtered_mid_price_t3,0.8536776602446151
62497,GOOG,2025-01-06,filtered_covariance_t3,0.002
62498,GOOG,2025-01-03,signal,-1
62499,GOOG,2025-01-03,not_trust,0.000000708814127392543
62500,GOOG,2025-01-03,is_close,0
62501,GOOG,2025-01-03,final_signal,0
62502,GOOG,2025-01-07,lstm_pred_t3_close,0.8530113697052002
62503,GOOG,2025-01-07,ts_mixer_t3_close,0.853187620639801
62504,GOOG,2025-01-07,mid_pred_t3_close,0.8530994951725006
62505,GOOG,2025-01-07,pct_pred_close,-0.00013545278248199897
62506,GOOG,2025-01-07,filtered_mid_price_t3,0.8535620272301923
62507,GOOG,2025-01-07,filtered_covariance_t3,0.002
62508,GOOG,2025-01-04,signal,-1
62509,GOOG,2025-01-04,not_trust,0.0000007115008315849991
62510,GOOG,2025-01-08,lstm_pred_t3_close,0.8530113697052002
62511,GOOG,2025-01-08,ts_mixer_t3_close,0.853187620639801
62512,GOOG,2025-01-08,mid_pred_t3_close,0.8530994951725006
62513,GOOG,2025-01-08,pct_pred_close,-0.00010837690593914345
62514,GOOG,2025-01-08,filtered_mid_price_t3,0.8534695208186539
62515,GOOG,2025-01-08,filtered_covariance_t3,0.002
62516,GOOG,2025-01-05,signal,-1
62517,GOOG,2025-01-05,not_trust,0.0000007115008315849991
62518,GOOG,2025-01-09,lstm_pred_t3_close,0.8626221418380737
62519,GOOG,2025-01-09,ts_mixer_t3_close,0.8689922094345093
62520,GOOG,2025-01-09,mid_pred_t3_close,0.8658071756362915
62521,GOOG,2025-01-09,pct_pred_close,0.0028911764314214793
62522,GOOG,2025-01-09,filtered_mid_price_t3,0.8559370517821814
62523,GOOG,2025-01-09,filtered_covariance_t3,0.002
62524,GOOG,2025-01-06,signal,1
62525,GOOG,2025-01-06,not_trust,0.000001263287458641571
62526,GOOG,2025-01-06,is_close,1
62527,GOOG,2025-01-06,final_signal,1
62528,GOOG,2025-01-10,lstm_pred_t3_close,0.8727350234985352
62529,GOOG,2025-01-10,ts_mixer_t3_close,0.865236222743988
62530,GOOG,2025-01-10,mid_pred_t3_close,0.8689856231212616
62531,GOOG,2025-01-10,pct_pred_close,0.0030489558342897943
62532,GOOG,2025-01-10,filtered_mid_price_t3,0.8585467660499975
62533,GOOG,2025-01-10,filtered_covariance_t3,0.002
62534,GOOG,2025-01-07,signal,1
62535,GOOG,2025-01-07,not_trust,0.0000007882147770033043
62536,GOOG,2025-01-07,is_close,0
62537,GOOG,2025-01-07,final_signal,0
62538,GOOG,2025-01-11,lstm_pred_t3_close,0.8786782026290894
62539,GOOG,2025-01-11,ts_mixer_t3_close,0.8487382531166077
62540,GOOG,2025-01-11,mid_pred_t3_close,0.8637082278728485
62541,GOOG,2025-01-11,pct_pred_close,0.0012023717348789566
62542,GOOG,2025-01-11,filtered_mid_price_t3,0.8595790584145677
62543,GOOG,2025-01-11,filtered_covariance_t3,0.002
62544,GOOG,2025-01-08,signal,1
62545,GOOG,2025-01-08,not_trust,0.00000044191375536684063
62546,GOOG,2025-01-08,is_close,0
62547,GOOG,2025-01-08,final_signal,0
62548,GOOG,2025-01-12,lstm_pred_t3_close,0.8786782026290894
62549,GOOG,2025-01-12,ts_mixer_t3_close,0.8487381339073181
62550,GOOG,2025-01-12,mid_pred_t3_close,0.8637081682682037
62551,GOOG,2025-01-12,pct_pred_close,0.0009607283502815842
62552,GOOG,2025-01-12,filtered_mid_price_t3,0.860404880385295
62553,GOOG,2025-01-12,filtered_covariance_t3,0.002
62554,GOOG,2025-01-09,signal,1
62555,GOOG,2025-01-09,not_trust,0.00000044191330061948975
62556,GOOG,2025-01-13,lstm_pred_t3_close,0.8780496120452881
62557,GOOG,2025-01-13,ts_mixer_t3_close,0.8430549502372742
62558,GOOG,2025-01-13,mid_pred_t3_close,0.8605522811412811
62559,GOOG,2025-01-13,pct_pred_close,0.00003426311480705531
62560,GOOG,2025-01-13,filtered_mid_price_t3,0.8604343605364921
62561,GOOG,2025-01-13,filtered_covariance_t3,0.002
62562,GOOG,2025-01-10,signal,1
62563,GOOG,2025-01-10,not_trust,0.0000009155517659564794
62564,GOOG,2025-01-10,is_close,0
62565,GOOG,2025-01-10,final_signal,0
62566,GOOG,2025-01-14,lstm_pred_t3_close,0.8780494928359985
62567,GOOG,2025-01-14,ts_mixer_t3_close,0.8430483937263489
62568,GOOG,2025-01-14,mid_pred_t3_close,0.8605489432811737
62569,GOOG,2025-01-14,pct_pred_close,0.000026633698033607696
62570,GOOG,2025-01-14,filtered_mid_price_t3,0.8604572770854284
62571,GOOG,2025-01-14,filtered_covariance_t3,0.002
62572,GOOG,2025-01-11,signal,1
62573,GOOG,2025-01-11,not_trust,0.0000009157080285149277
62574,GOOG,2025-01-15,lstm_pred_t3_close,0.878049373626709
62575,GOOG,2025-01-15,ts_mixer_t3_close,0.8430476784706116
62576,GOOG,2025-01-15,mid_pred_t3_close,0.8605485260486603
62577,GOOG,2025-01-15,pct_pred_close,0.000021209411707499334
62578,GOOG,2025-01-15,filtered_mid_price_t3,0.8604755268780748
62579,GOOG,2025-01-15,filtered_covariance_t3,0.002
62580,GOOG,2025-01-12,signal,1
62581,GOOG,2025-01-12,not_trust,0.0000009157229214906693
62582,GOOG,2025-01-16,lstm_pred_t3_close,0.8734674453735352
62583,GOOG,2025-01-16,ts_mixer_t3_close,0.8426152467727661
62584,GOOG,2025-01-16,mid_pred_t3_close,0.8580413460731506
62585,GOOG,2025-01-16,pct_pred_close,-0.0005657757202592292
62586,GOOG,2025-01-16,filtered_mid_price_t3,0.8599886907170899
62587,GOOG,2025-01-16,filtered_covariance_t3,0.002
62588,GOOG,2025-01-13,signal,-1
62589,GOOG,2025-01-13,not_trust,0.000007863910468586255
62590,GOOG,2025-01-13,is_close,1
62591,GOOG,2025-01-13,final_signal,-1
62592,GOOG,2025-01-17,lstm_pred_t3_close,0.8673588037490845
62593,GOOG,2025-01-17,ts_mixer_t3_close,0.8335691094398499
62594,GOOG,2025-01-17,mid_pred_t3_close,0.8504639565944672
62595,GOOG,2025-01-17,pct_pred_close,-0.002215083576199315
62596,GOOG,2025-01-17,filtered_mid_price_t3,0.8580837438925654
62597,GOOG,2025-01-17,filtered_covariance_t3,0.002
62598,GOOG,2025-01-14,signal,-1
62599,GOOG,2025-01-14,not_trust,0.00003228056448278949
62600,GOOG,2025-01-14,is_close,0
62601,GOOG,2025-01-14,final_signal,0
62602,GOOG,2025-01-18,lstm_pred_t3_close,0.8690112829208374
62603,GOOG,2025-01-18,ts_mixer_t3_close,0.8619372248649597
62604,GOOG,2025-01-18,mid_pred_t3_close,0.8654742538928986
62605,GOOG,2025-01-18,pct_pred_close,0.0017225614755984205
62606,GOOG,2025-01-18,filtered_mid_price_t3,0.859561845892632
62607,GOOG,2025-01-18,filtered_covariance_t3,0.002
62608,GOOG,2025-01-15,signal,-1
62609,GOOG,2025-01-15,not_trust,0.000002827112666636822
62610,GOOG,2025-01-15,is_close,0
62611,GOOG,2025-01-15,final_signal,0
62612,GOOG,2025-01-19,lstm_pred_t3_close,0.8724466562271118
62613,GOOG,2025-01-19,ts_mixer_t3_close,0.8748873472213745
62614,GOOG,2025-01-19,mid_pred_t3_close,0.8736670017242432
62615,GOOG,2025-01-19,pct_pred_close,0.0032819408862810773
62616,GOOG,2025-01-19,filtered_mid_price_t3,0.8623828770589542
62617,GOOG,2025-01-19,filtered_covariance_t3,0.002
62618,GOOG,2025-01-16,signal,1
62619,GOOG,2025-01-16,not_trust,0.00000033764098361643846
62620,GOOG,2025-01-16,is_close,1
62621,GOOG,2025-01-16,final_signal,1
62622,GOOG,2025-01-20,lstm_pred_t3_close,0.8783296346664429
62623,GOOG,2025-01-20,ts_mixer_t3_close,0.8728000521659851
62624,GOOG,2025-01-20,mid_pred_t3_close,0.875564843416214
62625,GOOG,2025-01-20,pct_pred_close,0.0030571029893856553
62626,GOOG,2025-01-20,filtered_mid_price_t3,0.8650192703304062
62627,GOOG,2025-01-20,filtered_covariance_t3,0.002
62628,GOOG,2025-01-17,signal,1
62629,GOOG,2025-01-17,not_trust,0.0000001487905620933816
62630,GOOG,2025-01-17,is_close,0
62631,GOOG,2025-01-17,final_signal,0
62632,GOOG,2025-01-21,lstm_pred_t3_close,0.8783295154571533
62633,GOOG,2025-01-21,ts_mixer_t3_close,0.8727948069572449
62634,GOOG,2025-01-21,mid_pred_t3_close,0.8755621612071991
62635,GOOG,2025-01-21,pct_pred_close,0.0024376083258274557
62636,GOOG,2025-01-21,filtered_mid_price_t3,0.8671278485057647
62637,GOOG,2025-01-21,filtered_covariance_t3,0.002
62638,GOOG,2025-01-18,signal,1
62639,GOOG,2025-01-18,not_trust,0.00000014882817822581274
62640,GOOG,2025-01-22,lstm_pred_t3_close,0.8783295154571533
62641,GOOG,2025-01-22,ts_mixer_t3_close,0.8727952837944031
62642,GOOG,2025-01-22,mid_pred_t3_close,0.8755623996257782
62643,GOOG,2025-01-22,pct_pred_close,0.0019453996627020755
62644,GOOG,2025-01-22,filtered_mid_price_t3,0.8688147587297674
62645,GOOG,2025-01-22,filtered_covariance_t3,0.002
62646,GOOG,2025-01-19,signal,1
62647,GOOG,2025-01-19,not_trust,0.00000014882603238675074
62648,GOOG,2025-01-23,lstm_pred_t3_close,0.8783296346664429
62649,GOOG,2025-01-23,ts_mixer_t3_close,0.872802197933197
62650,GOOG,2025-01-23,mid_pred_t3_close,0.87556591629982
62651,GOOG,2025-01-23,pct_pred_close,0.0015541074785430191
62652,GOOG,2025-01-23,filtered_mid_price_t3,0.8701649902437779
62653,GOOG,2025-01-23,filtered_covariance_t3,0.002
62654,GOOG,2025-01-20,signal,1
62655,GOOG,2025-01-20,not_trust,0.0000001487749585749043
62656,GOOG,2025-01-24,lstm_pred_t3_close,0.8858948945999146
62657,GOOG,2025-01-24,ts_mixer_t3_close,0.8844168782234192
62658,GOOG,2025-01-24,mid_pred_t3_close,0.8851558864116669
62659,GOOG,2025-01-24,pct_pred_close,0.0034455296032283138
62660,GOOG,2025-01-24,filtered_mid_price_t3,0.8731631694773557
62661,GOOG,2025-01-24,filtered_covariance_t3,0.002
62662,GOOG,2025-01-21,signal,1
62663,GOOG,2025-01-21,not_trust,0.00000013003089804897172
62664,GOOG,2025-01-21,is_close,0
62665,GOOG,2025-01-21,final_signal,0
62666,GOOG,2025-01-25,lstm_pred_t3_close,0.8923345804214478
62667,GOOG,2025-01-25,ts_mixer_t3_close,0.8883160352706909
62668,GOOG,2025-01-25,mid_pred_t3_close,0.8903253078460693
62669,GOOG,2025-01-25,pct_pred_close,0.003931026632510476
62670,GOOG,2025-01-25,filtered_mid_price_t3,0.8765955971510985
62671,GOOG,2025-01-25,filtered_covariance_t3,0.002
62672,GOOG,2025-01-22,signal,1
62673,GOOG,2025-01-22,not_trust,0.00000015978508827174664
62674,GOOG,2025-01-22,is_close,0
62675,GOOG,2025-01-22,final_signal,0
62676,GOOG,2025-01-26,lstm_pred_t3_close,0.8967363834381104
62677,GOOG,2025-01-26,ts_mixer_t3_close,0.8905372023582458
62678,GOOG,2025-01-26,mid_pred_t3_close,0.8936367928981781
62679,GOOG,2025-01-26,pct_pred_close,0.0038880404607239054
62680,GOOG,2025-01-26,filtered_mid_price_t3,0.8800038363005144
62681,GOOG,2025-01-26,filtered_covariance_t3,0.002
62682,GOOG,2025-01-23,signal,1
62683,GOOG,2025-01-23,not_trust,0.0000002435892270113982
62684,GOOG,2025-01-23,is_close,0
62685,GOOG,2025-01-23,final_signal,0
62686,GOOG,2025-01-27,lstm_pred_t3_close,0.9022750854492188
62687,GOOG,2025-01-27,ts_mixer_t3_close,0.9256219863891602
62688,GOOG,2025-01-27,mid_pred_t3_close,0.9139485359191895
62689,GOOG,2025-01-27,pct_pred_close,0.007714670827203759
62690,GOOG,2025-01-27,filtered_mid_price_t3,0.8867927762242493
62691,GOOG,2025-01-27,filtered_covariance_t3,0.002
62692,GOOG,2025-01-24,signal,1
62693,GOOG,2025-01-24,not_trust,0.0000002532204916860792
62694,GOOG,2025-01-24,is_close,0
62695,GOOG,2025-01-24,final_signal,0
62696,GOOG,2025-01-28,lstm_pred_t3_close,0.9022749662399292
62697,GOOG,2025-01-28,ts_mixer_t3_close,0.925611674785614
62698,GOOG,2025-01-28,mid_pred_t3_close,0.9139433205127716
62699,GOOG,2025-01-28,pct_pred_close,0.0061233120107547015
62700,GOOG,2025-01-28,filtered_mid_price_t3,0.8922228850819538
62701,GOOG,2025-01-28,filtered_covariance_t3,0.002
62702,GOOG,2025-01-25,signal,1
62703,GOOG,2025-01-25,not_trust,0.0000002535360863475944
62704,GOOG,2025-01-29,lstm_pred_t3_close,0.9022749662399292
62705,GOOG,2025-01-29,ts_mixer_t3_close,0.9256105422973633
62706,GOOG,2025-01-29,mid_pred_t3_close,0.9139427542686462
62707,GOOG,2025-01-29,pct_pred_close,0.00486870927653859
62708,GOOG,2025-01-29,filtered_mid_price_t3,0.8965668589192923
62709,GOOG,2025-01-29,filtered_covariance_t3,0.002
62710,GOOG,2025-01-26,signal,1
62711,GOOG,2025-01-26,not_trust,0.0000002535670375891641
62712,GOOG,2025-01-30,lstm_pred_t3_close,0.8980401754379272
62713,GOOG,2025-01-30,ts_mixer_t3_close,0.9185076951980591
62714,GOOG,2025-01-30,mid_pred_t3_close,0.9082739353179932
62715,GOOG,2025-01-30,pct_pred_close,0.002611534495667723
62716,GOOG,2025-01-30,filtered_mid_price_t3,0.8989082741990325
62717,GOOG,2025-01-30,filtered_covariance_t3,0.002
62718,GOOG,2025-01-27,signal,1
62719,GOOG,2025-01-27,not_trust,0.00000034746730648294033
62720,GOOG,2025-01-27,is_close,0
62721,GOOG,2025-01-27,final_signal,0
62722,GOOG,2025-01-31,lstm_pred_t3_close,0.8928320407867432
62723,GOOG,2025-01-31,ts_mixer_t3_close,0.9188147187232971
62724,GOOG,2025-01-31,mid_pred_t3_close,0.9058233797550201
62725,GOOG,2025-01-31,pct_pred_close,0.0015385564366173106
62726,GOOG,2025-01-31,filtered_mid_price_t3,0.90029129531023
62727,GOOG,2025-01-31,filtered_covariance_t3,0.002
62728,GOOG,2025-01-28,signal,1
62729,GOOG,2025-01-28,not_trust,0.00000041635200886958046
62730,GOOG,2025-01-28,is_close,0
62731,GOOG,2025-01-28,final_signal,0
62732,GOOG,2025-02-01,lstm_pred_t3_close,0.889617919921875
62733,GOOG,2025-02-01,ts_mixer_t3_close,0.928992509841919
62734,GOOG,2025-02-01,mid_pred_t3_close,0.909305214881897
62735,GOOG,2025-02-01,pct_pred_close,0.0020024451238442754
62736,GOOG,2025-02-01,filtered_mid_price_t3,0.9020940792245634
62737,GOOG,2025-02-01,filtered_covariance_t3,0.002
62738,GOOG,2025-01-29,signal,1
62739,GOOG,2025-01-29,not_trust,0.0000006537347871926613
62740,GOOG,2025-01-29,is_close,0
62741,GOOG,2025-01-29,final_signal,0
62742,GOOG,2025-02-02,lstm_pred_t3_close,0.8927567005157471
62743,GOOG,2025-02-02,ts_mixer_t3_close,0.9393075704574585
62744,GOOG,2025-02-02,mid_pred_t3_close,0.9160321354866028
62745,GOOG,2025-02-02,pct_pred_close,0.0030901558014925844
62746,GOOG,2025-02-02,filtered_mid_price_t3,0.9048816904769713
62747,GOOG,2025-02-02,filtered_covariance_t3,0.002
62748,GOOG,2025-01-30,signal,1
62749,GOOG,2025-01-30,not_trust,0.0000007786240416862711
62750,GOOG,2025-01-30,is_close,0
62751,GOOG,2025-01-30,final_signal,0
62752,GOOG,2025-02-03,lstm_pred_t3_close,0.9017268419265747
62753,GOOG,2025-02-03,ts_mixer_t3_close,0.9410427808761597
62754,GOOG,2025-02-03,mid_pred_t3_close,0.9213848114013672
62755,GOOG,2025-02-03,pct_pred_close,0.003647575389816329
62756,GOOG,2025-02-03,filtered_mid_price_t3,0.9081823146618505
62757,GOOG,2025-02-03,filtered_covariance_t3,0.002
62758,GOOG,2025-01-31,signal,1
62759,GOOG,2025-01-31,not_trust,0.0000009120440722654166
62760,GOOG,2025-01-31,is_close,0
62761,GOOG,2025-01-31,final_signal,0
62762,GOOG,2025-02-04,lstm_pred_t3_close,0.9017268419265747
62763,GOOG,2025-02-04,ts_mixer_t3_close,0.9410409331321716
62764,GOOG,2025-02-04,mid_pred_t3_close,0.9213838875293732
62765,GOOG,2025-02-04,pct_pred_close,0.002907251694818171
62766,GOOG,2025-02-04,filtered_mid_price_t3,0.9108226292353551
62767,GOOG,2025-02-04,filtered_covariance_t3,0.002
62768,GOOG,2025-02-01,signal,1
62769,GOOG,2025-02-01,not_trust,0.0000009122668416239321
62770,GOOG,2025-02-05,lstm_pred_t3_close,0.9017268419265747
62771,GOOG,2025-02-05,ts_mixer_t3_close,0.9410292506217957
62772,GOOG,2025-02-05,mid_pred_t3_close,0.9213780462741852
62773,GOOG,2025-02-05,pct_pred_close,0.0023177766340064226
62774,GOOG,2025-02-05,filtered_mid_price_t3,0.9129337126431211
62775,GOOG,2025-02-05,filtered_covariance_t3,0.002
62776,GOOG,2025-02-02,signal,1
62777,GOOG,2025-02-02,not_trust,0.0000009136720677815902
62778,GOOG,2025-02-06,lstm_pred_t3_close,0.9083070755004883
62779,GOOG,2025-02-06,ts_mixer_t3_close,0.9375070929527283
62780,GOOG,2025-02-06,mid_pred_t3_close,0.9229070842266083
62781,GOOG,2025-02-06,pct_pred_close,0.0021849059675126347
62782,GOOG,2025-02-06,filtered_mid_price_t3,0.9149283869598185
62783,GOOG,2025-02-06,filtered_covariance_t3,0.002
62784,GOOG,2025-02-03,signal,1
62785,GOOG,2025-02-03,not_trust,0.000012115850950067397
62786,GOOG,2025-02-03,is_close,0
62787,GOOG,2025-02-03,final_signal,0
62788,GOOG,2025-02-07,lstm_pred_t3_close,0.9159344434738159
62789,GOOG,2025-02-07,ts_mixer_t3_close,0.9407420754432678
62790,GOOG,2025-02-07,mid_pred_t3_close,0.9283382594585419
62791,GOOG,2025-02-07,pct_pred_close,0.002931349095699779
62792,GOOG,2025-02-07,filtered_mid_price_t3,0.9176103614595632
62793,GOOG,2025-02-07,filtered_covariance_t3,0.002
62794,GOOG,2025-02-04,signal,1
62795,GOOG,2025-02-04,not_trust,0.48113980889320374
62796,GOOG,2025-02-04,is_close,0
62797,GOOG,2025-02-04,final_signal,0
62798,GOOG,2025-02-08,lstm_pred_t3_close,0.9073168039321899
62799,GOOG,2025-02-08,ts_mixer_t3_close,0.9116333723068237
62800,GOOG,2025-02-08,mid_pred_t3_close,0.9094750881195068
62801,GOOG,2025-02-08,pct_pred_close,-0.00177314330389999
62802,GOOG,2025-02-08,filtered_mid_price_t3,0.9159833067915519
62803,GOOG,2025-02-08,filtered_covariance_t3,0.002
62804,GOOG,2025-02-05,signal,1
62805,GOOG,2025-02-05,not_trust,0.24990978837013245
62806,GOOG,2025-02-05,is_close,0
62807,GOOG,2025-02-05,final_signal,0
62808,GOOG,2025-02-09,lstm_pred_t3_close,0.890947699546814
62809,GOOG,2025-02-09,ts_mixer_t3_close,0.9081907868385315
62810,GOOG,2025-02-09,mid_pred_t3_close,0.8995692431926727
62811,GOOG,2025-02-09,pct_pred_close,-0.00358392199446805
62812,GOOG,2025-02-09,filtered_mid_price_t3,0.9127004940717761
62813,GOOG,2025-02-09,filtered_covariance_t3,0.002
62814,GOOG,2025-02-06,signal,-1
62815,GOOG,2025-02-06,not_trust,0.6510253548622131
62816,GOOG,2025-02-06,is_close,1
62817,GOOG,2025-02-06,final_signal,0
62818,GOOG,2025-02-10,lstm_pred_t3_close,0.8665329217910767
62819,GOOG,2025-02-10,ts_mixer_t3_close,0.8970367312431335
62820,GOOG,2025-02-10,mid_pred_t3_close,0.8817848265171051
62821,GOOG,2025-02-10,pct_pred_close,-0.006774548223754983
62822,GOOG,2025-02-10,filtered_mid_price_t3,0.9065173605608419
62823,GOOG,2025-02-10,filtered_covariance_t3,0.002
62824,GOOG,2025-02-07,signal,-1
62825,GOOG,2025-02-07,not_trust,0.02747415564954281
62826,GOOG,2025-02-07,is_close,0
62827,GOOG,2025-02-07,final_signal,-1
62828,GOOG,2025-02-11,lstm_pred_t3_close,0.8665329217910767
62829,GOOG,2025-02-11,ts_mixer_t3_close,0.8970425724983215
62830,GOOG,2025-02-11,mid_pred_t3_close,0.8817877471446991
62831,GOOG,2025-02-11,pct_pred_close,-0.00545596024787506
62832,GOOG,2025-02-11,filtered_mid_price_t3,0.9015714378776133
62833,GOOG,2025-02-11,filtered_covariance_t3,0.002
62834,GOOG,2025-02-08,signal,-1
62835,GOOG,2025-02-08,not_trust,0.027438225224614143
62836,GOOG,2025-02-12,lstm_pred_t3_close,0.8665329217910767
62837,GOOG,2025-02-12,ts_mixer_t3_close,0.8970458507537842
62838,GOOG,2025-02-12,mid_pred_t3_close,0.8817893862724304
62839,GOOG,2025-02-12,pct_pred_close,-0.004388349225381769
62840,GOOG,2025-02-12,filtered_mid_price_t3,0.8976150275565767
62841,GOOG,2025-02-12,filtered_covariance_t3,0.002
62842,GOOG,2025-02-09,signal,-1
62843,GOOG,2025-02-09,not_trust,0.02741878665983677
62844,GOOG,2025-02-13,lstm_pred_t3_close,0.8451734781265259
62845,GOOG,2025-02-13,ts_mixer_t3_close,0.8745753169059753
62846,GOOG,2025-02-13,mid_pred_t3_close,0.8598743975162506
62847,GOOG,2025-02-13,pct_pred_close,-0.008409090508001154
62848,GOOG,2025-02-13,filtered_mid_price_t3,0.8900669015485115
62849,GOOG,2025-02-13,filtered_covariance_t3,0.002
62850,GOOG,2025-02-10,signal,-1
62851,GOOG,2025-02-10,not_trust,0.0003646732948254794
62852,GOOG,2025-02-10,is_close,0
62853,GOOG,2025-02-10,final_signal,0
62854,GOOG,2025-02-14,lstm_pred_t3_close,0.8287074565887451
62855,GOOG,2025-02-14,ts_mixer_t3_close,0.8534509539604187
62856,GOOG,2025-02-14,mid_pred_t3_close,0.8410792052745819
62857,GOOG,2025-02-14,pct_pred_close,-0.011007643625148196
62858,GOOG,2025-02-14,filtered_mid_price_t3,0.8802693622937257
62859,GOOG,2025-02-14,filtered_covariance_t3,0.002
62860,GOOG,2025-02-11,signal,-1
62861,GOOG,2025-02-11,not_trust,0.000019006321963388473
62862,GOOG,2025-02-11,is_close,0
62863,GOOG,2025-02-11,final_signal,0
62864,GOOG,2025-02-15,lstm_pred_t3_close,0.815872311592102
62865,GOOG,2025-02-15,ts_mixer_t3_close,0.8373674750328064
62866,GOOG,2025-02-15,mid_pred_t3_close,0.8266198933124542
62867,GOOG,2025-02-15,pct_pred_close,-0.012189330057217203
62868,GOOG,2025-02-15,filtered_mid_price_t3,0.8695394684974713
62869,GOOG,2025-02-15,filtered_covariance_t3,0.002
62870,GOOG,2025-02-12,signal,-1
62871,GOOG,2025-02-12,not_trust,0.000003755086709134048
62872,GOOG,2025-02-12,is_close,0
62873,GOOG,2025-02-12,final_signal,0
62874,GOOG,2025-02-16,lstm_pred_t3_close,0.8094276189804077
62875,GOOG,2025-02-16,ts_mixer_t3_close,0.8046494722366333
62876,GOOG,2025-02-16,mid_pred_t3_close,0.8070385456085205
62877,GOOG,2025-02-16,pct_pred_close,-0.014375637944750141
62878,GOOG,2025-02-16,filtered_mid_price_t3,0.8570392839196812
62879,GOOG,2025-02-16,filtered_covariance_t3,0.002
62880,GOOG,2025-02-13,signal,-1
62881,GOOG,2025-02-13,not_trust,0.0000014091442608332727
62882,GOOG,2025-02-13,is_close,0
62883,GOOG,2025-02-13,final_signal,0
62884,GOOG,2025-02-17,lstm_pred_t3_close,0.8059036731719971
62885,GOOG,2025-02-17,ts_mixer_t3_close,0.8022888898849487
62886,GOOG,2025-02-17,mid_pred_t3_close,0.8040962815284729
62887,GOOG,2025-02-17,pct_pred_close,-0.012354860129414958
62888,GOOG,2025-02-17,filtered_mid_price_t3,0.8464506834414396
62889,GOOG,2025-02-17,filtered_covariance_t3,0.002
62890,GOOG,2025-02-14,signal,-1
62891,GOOG,2025-02-14,not_trust,0.000004781413281307323
62892,GOOG,2025-02-14,is_close,0
62893,GOOG,2025-02-14,final_signal,0
62894,GOOG,2025-02-18,lstm_pred_t3_close,0.8059037923812866
62895,GOOG,2025-02-18,ts_mixer_t3_close,0.8022899031639099
62896,GOOG,2025-02-18,mid_pred_t3_close,0.8040968477725983
62897,GOOG,2025-02-18,pct_pred_close,-0.010007395941046932
62898,GOOG,2025-02-18,filtered_mid_price_t3,0.8379799163076713
62899,GOOG,2025-02-18,filtered_covariance_t3,0.002
62900,GOOG,2025-02-15,signal,-1
62901,GOOG,2025-02-15,not_trust,0.0000047812263801461086
62902,GOOG,2025-02-19,lstm_pred_t3_close,0.8059037923812866
62903,GOOG,2025-02-19,ts_mixer_t3_close,0.8022914528846741
62904,GOOG,2025-02-19,mid_pred_t3_close,0.8040976226329803
62905,GOOG,2025-02-19,pct_pred_close,-0.00808666007748343
62906,GOOG,2025-02-19,filtered_mid_price_t3,0.8312034575727332
62907,GOOG,2025-02-19,filtered_covariance_t3,0.002
62908,GOOG,2025-02-16,signal,-1
62909,GOOG,2025-02-16,not_trust,0.000004780952622240875
62910,GOOG,2025-02-20,lstm_pred_t3_close,0.8059039115905762
62911,GOOG,2025-02-20,ts_mixer_t3_close,0.8022953867912292
62912,GOOG,2025-02-20,mid_pred_t3_close,0.8040996491909027
62913,GOOG,2025-02-20,pct_pred_close,-0.006521582203466394
62914,GOOG,2025-02-20,filtered_mid_price_t3,0.8257826958963671
62915,GOOG,2025-02-20,filtered_covariance_t3,0.002
62916,GOOG,2025-02-17,signal,-1
62917,GOOG,2025-02-17,not_trust,0.000004780264134751633
62918,GOOG,2025-02-21,lstm_pred_t3_close,0.8029376268386841
62919,GOOG,2025-02-21,ts_mixer_t3_close,0.7896729707717896
62920,GOOG,2025-02-21,mid_pred_t3_close,0.7963052988052368
62921,GOOG,2025-02-21,pct_pred_close,-0.007139262480944459
62922,GOOG,2025-02-21,filtered_mid_price_t3,0.819887216478141
62923,GOOG,2025-02-21,filtered_covariance_t3,0.002
62924,GOOG,2025-02-18,signal,-1
62925,GOOG,2025-02-18,not_trust,0.0006278352229855955
62926,GOOG,2025-02-18,is_close,0
62927,GOOG,2025-02-18,final_signal,0
62928,GOOG,2025-02-22,lstm_pred_t3_close,0.801156759262085
62929,GOOG,2025-02-22,ts_mixer_t3_close,0.7872620224952698
62930,GOOG,2025-02-22,mid_pred_t3_close,0.7942093908786774
62931,GOOG,2025-02-22,pct_pred_close,-0.006263745813665446
62932,GOOG,2025-02-22,filtered_mid_price_t3,0.8147516513582482
62933,GOOG,2025-02-22,filtered_covariance_t3,0.002
62934,GOOG,2025-02-19,signal,-1
62935,GOOG,2025-02-19,not_trust,0.1734100729227066
62936,GOOG,2025-02-19,is_close,0
62937,GOOG,2025-02-19,final_signal,0
62938,GOOG,2025-02-23,lstm_pred_t3_close,0.8016289472579956
62939,GOOG,2025-02-23,ts_mixer_t3_close,0.7844944596290588
62940,GOOG,2025-02-23,mid_pred_t3_close,0.7930617034435272
62941,GOOG,2025-02-23,pct_pred_close,-0.005324309040322221
62942,GOOG,2025-02-23,filtered_mid_price_t3,0.810413661775304
62943,GOOG,2025-02-23,filtered_covariance_t3,0.002
62944,GOOG,2025-02-20,signal,-1
62945,GOOG,2025-02-20,not_trust,0.005628935992717743
62946,GOOG,2025-02-20,is_close,0
62947,GOOG,2025-02-20,final_signal,0
62948,GOOG,2025-02-24,lstm_pred_t3_close,0.7965340614318848
62949,GOOG,2025-02-24,ts_mixer_t3_close,0.7735546231269836
62950,GOOG,2025-02-24,mid_pred_t3_close,0.7850443422794342
62951,GOOG,2025-02-24,pct_pred_close,-0.0062608321385637655
62952,GOOG,2025-02-24,filtered_mid_price_t3,0.8053397978761301
62953,GOOG,2025-02-24,filtered_covariance_t3,0.002
62954,GOOG,2025-02-21,signal,-1
62955,GOOG,2025-02-21,not_trust,0.000026952126063406467
62956,GOOG,2025-02-21,is_close,0
62957,GOOG,2025-02-21,final_signal,0
62958,GOOG,2025-02-25,lstm_pred_t3_close,0.7965340614318848
62959,GOOG,2025-02-25,ts_mixer_t3_close,0.7735527753829956
62960,GOOG,2025-02-25,mid_pred_t3_close,0.7850434184074402
62961,GOOG,2025-02-25,pct_pred_close,-0.005040451129378262
62962,GOOG,2025-02-25,filtered_mid_price_t3,0.8012805219823921
62963,GOOG,2025-02-25,filtered_covariance_t3,0.002
62964,GOOG,2025-02-22,signal,-1
62965,GOOG,2025-02-22,not_trust,0.000026850382710108534
62966,GOOG,2025-02-26,lstm_pred_t3_close,0.7965340614318848
62967,GOOG,2025-02-26,ts_mixer_t3_close,0.7735545635223389
62968,GOOG,2025-02-26,mid_pred_t3_close,0.7850443124771118
62969,GOOG,2025-02-26,pct_pred_close,-0.0040525656271068475
62970,GOOG,2025-02-26,filtered_mid_price_t3,0.798033280081336
62971,GOOG,2025-02-26,filtered_covariance_t3,0.002
62972,GOOG,2025-02-23,signal,-1
62973,GOOG,2025-02-23,not_trust,0.000026949992388836108
62974,GOOG,2025-02-27,lstm_pred_t3_close,0.7894015312194824
62975,GOOG,2025-02-27,ts_mixer_t3_close,0.7645121216773987
62976,GOOG,2025-02-27,mid_pred_t3_close,0.7769568264484406
62977,GOOG,2025-02-27,pct_pred_close,-0.005282098919670979
62978,GOOG,2025-02-27,filtered_mid_price_t3,0.7938179893547569
62979,GOOG,2025-02-27,filtered_covariance_t3,0.002
62980,GOOG,2025-02-24,signal,-1
62981,GOOG,2025-02-24,not_trust,0.000041233703086618334
62982,GOOG,2025-02-24,is_close,0
62983,GOOG,2025-02-24,final_signal,0
62984,GOOG,2025-02-28,lstm_pred_t3_close,0.7769365310668945
62985,GOOG,2025-02-28,ts_mixer_t3_close,0.7301637530326843
62986,GOOG,2025-02-28,mid_pred_t3_close,0.7535501420497894
62987,GOOG,2025-02-28,pct_pred_close,-0.010145360232437756
62988,GOOG,2025-02-28,filtered_mid_price_t3,0.7857644198937634
62989,GOOG,2025-02-28,filtered_covariance_t3,0.002
62990,GOOG,2025-02-25,signal,-1
62991,GOOG,2025-02-25,not_trust,0.000012806110134988558
62992,GOOG,2025-02-25,is_close,0
62993,GOOG,2025-02-25,final_signal,0
62994,GOOG,2025-03-01,lstm_pred_t3_close,0.7603213787078857
62995,GOOG,2025-03-01,ts_mixer_t3_close,0.7231362462043762
62996,GOOG,2025-03-01,mid_pred_t3_close,0.741728812456131
62997,GOOG,2025-03-01,pct_pred_close,-0.011208348538760802
62998,GOOG,2025-03-01,filtered_mid_price_t3,0.776957298406237
62999,GOOG,2025-03-01,filtered_covariance_t3,0.002
63000,GOOG,2025-02-26,signal,-1
63001,GOOG,2025-02-26,not_trust,0.000005492562650033506
63002,GOOG,2025-02-26,is_close,0
63003,GOOG,2025-02-26,final_signal,0
63004,GOOG,2025-03-02,lstm_pred_t3_close,0.739020586013794
63005,GOOG,2025-03-02,ts_mixer_t3_close,0.6966478824615479
63006,GOOG,2025-03-02,mid_pred_t3_close,0.7178342342376709
63007,GOOG,2025-03-02,pct_pred_close,-0.015219128333009872
63008,GOOG,2025-03-02,filtered_mid_price_t3,0.7651326855725238
63009,GOOG,2025-03-02,filtered_covariance_t3,0.002
63010,GOOG,2025-02-27,signal,-1
63011,GOOG,2025-02-27,not_trust,0.0000025853346414805856
63012,GOOG,2025-02-27,is_close,0
63013,GOOG,2025-02-27,final_signal,0
63014,GOOG,2025-03-03,lstm_pred_t3_close,0.7209875583648682
63015,GOOG,2025-03-03,ts_mixer_t3_close,0.676035463809967
63016,GOOG,2025-03-03,mid_pred_t3_close,0.6985115110874176
63017,GOOG,2025-03-03,pct_pred_close,-0.01741428009581265
63018,GOOG,2025-03-03,filtered_mid_price_t3,0.7518084506755025
63019,GOOG,2025-03-03,filtered_covariance_t3,0.002
63020,GOOG,2025-02-28,signal,-1
63021,GOOG,2025-02-28,not_trust,0.0000013526546354114544
63022,GOOG,2025-02-28,is_close,0
63023,GOOG,2025-02-28,final_signal,0
63024,GOOG,2025-03-04,lstm_pred_t3_close,0.7209872007369995
63025,GOOG,2025-03-04,ts_mixer_t3_close,0.6760290861129761
63026,GOOG,2025-03-04,mid_pred_t3_close,0.6985081434249878
63027,GOOG,2025-03-04,pct_pred_close,-0.014179225360561983
63028,GOOG,2025-03-04,filtered_mid_price_t3,0.7411483892253996
63029,GOOG,2025-03-04,filtered_covariance_t3,0.002
63030,GOOG,2025-03-01,signal,-1
63031,GOOG,2025-03-01,not_trust,0.0000013555370514950482
63032,GOOG,2025-03-05,lstm_pred_t3_close,0.7209872007369995
63033,GOOG,2025-03-05,ts_mixer_t3_close,0.6760290861129761
63034,GOOG,2025-03-05,mid_pred_t3_close,0.6985081434249878
63035,GOOG,2025-03-05,pct_pred_close,-0.011506534027545123
63036,GOOG,2025-03-05,filtered_mid_price_t3,0.7326203400653173
63037,GOOG,2025-03-05,filtered_covariance_t3,0.002
63038,GOOG,2025-03-02,signal,-1
63039,GOOG,2025-03-02,not_trust,0.0000013555370514950482
63040,GOOG,2025-03-06,lstm_pred_t3_close,0.7040659189224243
63041,GOOG,2025-03-06,ts_mixer_t3_close,0.6774665713310242
63042,GOOG,2025-03-06,mid_pred_t3_close,0.6907662451267242
63043,GOOG,2025-03-06,pct_pred_close,-0.01142586211430101
63044,GOOG,2025-03-06,filtered_mid_price_t3,0.7242495210775987
63045,GOOG,2025-03-06,filtered_covariance_t3,0.002
63046,GOOG,2025-03-03,signal,-1
63047,GOOG,2025-03-03,not_trust,0.0000008490564482599439
63048,GOOG,2025-03-03,is_close,0
63049,GOOG,2025-03-03,final_signal,0
63050,GOOG,2025-03-07,lstm_pred_t3_close,0.6965322494506836
63051,GOOG,2025-03-07,ts_mixer_t3_close,0.6775404810905457
63052,GOOG,2025-03-07,mid_pred_t3_close,0.6870363652706146
63053,GOOG,2025-03-07,pct_pred_close,-0.010276335634054678
63054,GOOG,2025-03-07,filtered_mid_price_t3,0.7168068899162019
63055,GOOG,2025-03-07,filtered_covariance_t3,0.002
63056,GOOG,2025-03-04,signal,-1
63057,GOOG,2025-03-04,not_trust,0.0000006714490154990926
63058,GOOG,2025-03-04,is_close,0
63059,GOOG,2025-03-04,final_signal,0
63060,GOOG,2025-03-08,lstm_pred_t3_close,0.6983896493911743
63061,GOOG,2025-03-08,ts_mixer_t3_close,0.694721519947052
63062,GOOG,2025-03-08,mid_pred_t3_close,0.6965555846691132
63063,GOOG,2025-03-08,pct_pred_close,-0.0056504214822645496
63064,GOOG,2025-03-08,filtered_mid_price_t3,0.7127566288667841
63065,GOOG,2025-03-08,filtered_covariance_t3,0.002
63066,GOOG,2025-03-05,signal,-1
63067,GOOG,2025-03-05,not_trust,0.0000007437501494678145
63068,GOOG,2025-03-05,is_close,0
63069,GOOG,2025-03-05,final_signal,0
63070,GOOG,2025-03-09,lstm_pred_t3_close,0.7034051418304443
63071,GOOG,2025-03-09,ts_mixer_t3_close,0.7045750021934509
63072,GOOG,2025-03-09,mid_pred_t3_close,0.7039900720119476
63073,GOOG,2025-03-09,pct_pred_close,-0.0024599018794885814
63074,GOOG,2025-03-09,filtered_mid_price_t3,0.7110033174958168
63075,GOOG,2025-03-09,filtered_covariance_t3,0.002
63076,GOOG,2025-03-06,signal,-1
63077,GOOG,2025-03-06,not_trust,0.000001740461925692216
63078,GOOG,2025-03-06,is_close,0
63079,GOOG,2025-03-06,final_signal,0
63080,GOOG,2025-03-10,lstm_pred_t3_close,0.7113667726516724
63081,GOOG,2025-03-10,ts_mixer_t3_close,0.7227297425270081
63082,GOOG,2025-03-10,mid_pred_t3_close,0.7170482575893402
63083,GOOG,2025-03-10,pct_pred_close,0.001700397155617828
63084,GOOG,2025-03-10,filtered_mid_price_t3,0.7122123055145215
63085,GOOG,2025-03-10,filtered_covariance_t3,0.002
63086,GOOG,2025-03-07,signal,-1
63087,GOOG,2025-03-07,not_trust,0.000014908423509041313
63088,GOOG,2025-03-07,is_close,0
63089,GOOG,2025-03-07,final_signal,0
63090,GOOG,2025-03-11,lstm_pred_t3_close,0.7113667726516724
63091,GOOG,2025-03-11,ts_mixer_t3_close,0.7227297425270081
63092,GOOG,2025-03-11,mid_pred_t3_close,0.7170482575893402
63093,GOOG,2025-03-11,pct_pred_close,0.0013580085705834752
63094,GOOG,2025-03-11,filtered_mid_price_t3,0.7131794959294853
63095,GOOG,2025-03-11,filtered_covariance_t3,0.002
63096,GOOG,2025-03-08,signal,1
63097,GOOG,2025-03-08,not_trust,0.000014908423509041313
63098,GOOG,2025-03-12,lstm_pred_t3_close,0.7113667726516724
63099,GOOG,2025-03-12,ts_mixer_t3_close,0.7227297425270081
63100,GOOG,2025-03-12,mid_pred_t3_close,0.7170482575893402
63101,GOOG,2025-03-12,pct_pred_close,0.001084933507465098
63102,GOOG,2025-03-12,filtered_mid_price_t3,0.7139532482614562
63103,GOOG,2025-03-12,filtered_covariance_t3,0.002
63104,GOOG,2025-03-09,signal,1
63105,GOOG,2025-03-09,not_trust,0.000014908423509041313
63106,GOOG,2025-03-13,lstm_pred_t3_close,0.7086719274520874
63107,GOOG,2025-03-13,ts_mixer_t3_close,0.7090317606925964
63108,GOOG,2025-03-13,mid_pred_t3_close,0.7088518440723419
63109,GOOG,2025-03-13,pct_pred_close,-0.0014290583316307996
63110,GOOG,2025-03-13,filtered_mid_price_t3,0.7129329674236333
63111,GOOG,2025-03-13,filtered_covariance_t3,0.002
63112,GOOG,2025-03-10,signal,1
63113,GOOG,2025-03-10,not_trust,0.007811500690877438
63114,GOOG,2025-03-10,is_close,1
63115,GOOG,2025-03-10,final_signal,1
63116,GOOG,2025-03-14,lstm_pred_t3_close,0.6980435848236084
63117,GOOG,2025-03-14,ts_mixer_t3_close,0.6995006203651428
63118,GOOG,2025-03-14,mid_pred_t3_close,0.6987721025943756
63119,GOOG,2025-03-14,pct_pred_close,-0.003972565578060407
63120,GOOG,2025-03-14,filtered_mid_price_t3,0.7101007944577817
63121,GOOG,2025-03-14,filtered_covariance_t3,0.002
63122,GOOG,2025-03-11,signal,-1
63123,GOOG,2025-03-11,not_trust,0.9864053130149841
63124,GOOG,2025-03-11,is_close,1
63125,GOOG,2025-03-11,final_signal,0
63126,GOOG,2025-03-15,lstm_pred_t3_close,0.6904134750366211
63127,GOOG,2025-03-15,ts_mixer_t3_close,0.7181589603424072
63128,GOOG,2025-03-15,mid_pred_t3_close,0.7042862176895142
63129,GOOG,2025-03-15,pct_pred_close,-0.001637676457666148
63130,GOOG,2025-03-15,filtered_mid_price_t3,0.7089378791041282
63131,GOOG,2025-03-15,filtered_covariance_t3,0.002
63132,GOOG,2025-03-12,signal,-1
63133,GOOG,2025-03-12,not_trust,0.0031531010754406452
63134,GOOG,2025-03-12,is_close,0
63135,GOOG,2025-03-12,final_signal,-1
63136,GOOG,2025-03-16,lstm_pred_t3_close,0.6815973520278931
63137,GOOG,2025-03-16,ts_mixer_t3_close,0.7249581813812256
63138,GOOG,2025-03-16,mid_pred_t3_close,0.7032777667045593
63139,GOOG,2025-03-16,pct_pred_close,-0.0015967865637878543
63140,GOOG,2025-03-16,filtered_mid_price_t3,0.7078058566242145
63141,GOOG,2025-03-16,filtered_covariance_t3,0.002
63142,GOOG,2025-03-13,signal,-1
63143,GOOG,2025-03-13,not_trust,0.0003005338367074728
63144,GOOG,2025-03-13,is_close,0
63145,GOOG,2025-03-13,final_signal,0
63146,GOOG,2025-03-17,lstm_pred_t3_close,0.6768463850021362
63147,GOOG,2025-03-17,ts_mixer_t3_close,0.7245331406593323
63148,GOOG,2025-03-17,mid_pred_t3_close,0.7006897628307343
63149,GOOG,2025-03-17,pct_pred_close,-0.002010747361548901
63150,GOOG,2025-03-17,filtered_mid_price_t3,0.7063826378655185
63151,GOOG,2025-03-17,filtered_covariance_t3,0.002
63152,GOOG,2025-03-14,signal,-1
63153,GOOG,2025-03-14,not_trust,0.000014125944289844483
63154,GOOG,2025-03-14,is_close,0
63155,GOOG,2025-03-14,final_signal,0
63156,GOOG,2025-03-18,lstm_pred_t3_close,0.6768463850021362
63157,GOOG,2025-03-18,ts_mixer_t3_close,0.7245331406593323
63158,GOOG,2025-03-18,mid_pred_t3_close,0.7006897628307343
63159,GOOG,2025-03-18,pct_pred_close,-0.0016118388900344994
63160,GOOG,2025-03-18,filtered_mid_price_t3,0.7052440628585617
63161,GOOG,2025-03-18,filtered_covariance_t3,0.002
63162,GOOG,2025-03-15,signal,-1
63163,GOOG,2025-03-15,not_trust,0.000014125944289844483
63164,GOOG,2025-03-19,lstm_pred_t3_close,0.6768463850021362
63165,GOOG,2025-03-19,ts_mixer_t3_close,0.7245331406593323
63166,GOOG,2025-03-19,mid_pred_t3_close,0.7006897628307343
63167,GOOG,2025-03-19,pct_pred_close,-0.0012915528871998189
63168,GOOG,2025-03-19,filtered_mid_price_t3,0.7043332028529962
63169,GOOG,2025-03-19,filtered_covariance_t3,0.002
63170,GOOG,2025-03-16,signal,-1
63171,GOOG,2025-03-16,not_trust,0.000014125944289844483
63172,GOOG,2025-03-20,lstm_pred_t3_close,0.6743341684341431
63173,GOOG,2025-03-20,ts_mixer_t3_close,0.7257035374641418
63174,GOOG,2025-03-20,mid_pred_t3_close,0.7000188529491425
63175,GOOG,2025-03-20,pct_pred_close,-0.001225087752892545
63176,GOOG,2025-03-20,filtered_mid_price_t3,0.7034703328722254
63177,GOOG,2025-03-20,filtered_covariance_t3,0.002
63178,GOOG,2025-03-17,signal,-1
63179,GOOG,2025-03-17,not_trust,0.000003466525640760665
63180,GOOG,2025-03-17,is_close,0
63181,GOOG,2025-03-17,final_signal,0
63182,GOOG,2025-03-21,lstm_pred_t3_close,0.6661285161972046
63183,GOOG,2025-03-21,ts_mixer_t3_close,0.6965774893760681
63184,GOOG,2025-03-21,mid_pred_t3_close,0.6813530027866364
63185,GOOG,2025-03-21,pct_pred_close,-0.006288063348822565
63186,GOOG,2025-03-21,filtered_mid_price_t3,0.6990468668551075
63187,GOOG,2025-03-21,filtered_covariance_t3,0.002
63188,GOOG,2025-03-18,signal,-1
63189,GOOG,2025-03-18,not_trust,0.000004846982847084291
63190,GOOG,2025-03-18,is_close,0
63191,GOOG,2025-03-18,final_signal,0
63192,GOOG,2025-03-22,lstm_pred_t3_close,0.6603027582168579
63193,GOOG,2025-03-22,ts_mixer_t3_close,0.6834384799003601
63194,GOOG,2025-03-22,mid_pred_t3_close,0.671870619058609
63195,GOOG,2025-03-22,pct_pred_close,-0.007775229125554926
63196,GOOG,2025-03-22,filtered_mid_price_t3,0.6936116172958078
63197,GOOG,2025-03-22,filtered_covariance_t3,0.002
63198,GOOG,2025-03-19,signal,-1
63199,GOOG,2025-03-19,not_trust,0.00009477435378357768
63200,GOOG,2025-03-19,is_close,0
63201,GOOG,2025-03-19,final_signal,0
63202,GOOG,2025-03-23,lstm_pred_t3_close,0.655624508857727
63203,GOOG,2025-03-23,ts_mixer_t3_close,0.6720904111862183
63204,GOOG,2025-03-23,mid_pred_t3_close,0.6638574600219727
63205,GOOG,2025-03-23,pct_pred_close,-0.008579486424935655
63206,GOOG,2025-03-23,filtered_mid_price_t3,0.6876607858410407
63207,GOOG,2025-03-23,filtered_covariance_t3,0.002
63208,GOOG,2025-03-20,signal,-1
63209,GOOG,2025-03-20,not_trust,0.5366102457046509
63210,GOOG,2025-03-20,is_close,0
63211,GOOG,2025-03-20,final_signal,0
63212,GOOG,2025-03-24,lstm_pred_t3_close,0.6531813144683838
63213,GOOG,2025-03-24,ts_mixer_t3_close,0.6589778661727905
63214,GOOG,2025-03-24,mid_pred_t3_close,0.6560795903205872
63215,GOOG,2025-03-24,pct_pred_close,-0.009185108754406705
63216,GOOG,2025-03-24,filtered_mid_price_t3,0.68134454673695
63217,GOOG,2025-03-24,filtered_covariance_t3,0.002
63218,GOOG,2025-03-21,signal,-1
63219,GOOG,2025-03-21,not_trust,0.16316568851470947
63220,GOOG,2025-03-21,is_close,0
63221,GOOG,2025-03-21,final_signal,0
63222,GOOG,2025-03-25,lstm_pred_t3_close,0.6531813144683838
63223,GOOG,2025-03-25,ts_mixer_t3_close,0.6589778661727905
63224,GOOG,2025-03-25,mid_pred_t3_close,0.6560795903205872
63225,GOOG,2025-03-25,pct_pred_close,-0.007416205659048675
63226,GOOG,2025-03-25,filtered_mid_price_t3,0.6762915554536775
63227,GOOG,2025-03-25,filtered_covariance_t3,0.002
63228,GOOG,2025-03-22,signal,-1
63229,GOOG,2025-03-22,not_trust,0.16316568851470947
63230,GOOG,2025-03-26,lstm_pred_t3_close,0.6531813144683838
63231,GOOG,2025-03-26,ts_mixer_t3_close,0.6589778661727905
63232,GOOG,2025-03-26,mid_pred_t3_close,0.6560795903205872
63233,GOOG,2025-03-26,pct_pred_close,-0.005977293364111659
63234,GOOG,2025-03-26,filtered_mid_price_t3,0.6722491624270595
63235,GOOG,2025-03-26,filtered_covariance_t3,0.002
63236,GOOG,2025-03-23,signal,-1
63237,GOOG,2025-03-23,not_trust,0.16316568851470947
63238,GOOG,2025-03-27,lstm_pred_t3_close,0.6589654684066772
63239,GOOG,2025-03-27,ts_mixer_t3_close,0.6803851127624512
63240,GOOG,2025-03-27,mid_pred_t3_close,0.6696752905845642
63241,GOOG,2025-03-27,pct_pred_close,-0.0007657493638824115
63242,GOOG,2025-03-27,filtered_mid_price_t3,0.6717343880585604
63243,GOOG,2025-03-27,filtered_covariance_t3,0.002
63244,GOOG,2025-03-24,signal,-1
63245,GOOG,2025-03-24,not_trust,0.0001912091247504577
63246,GOOG,2025-03-24,is_close,0
63247,GOOG,2025-03-24,final_signal,0
63248,GOOG,2025-03-28,lstm_pred_t3_close,0.672402024269104
63249,GOOG,2025-03-28,ts_mixer_t3_close,0.700681746006012
63250,GOOG,2025-03-28,mid_pred_t3_close,0.686541885137558
63251,GOOG,2025-03-28,pct_pred_close,0.004408735756939255
63252,GOOG,2025-03-28,filtered_mid_price_t3,0.6746958874743599
63253,GOOG,2025-03-28,filtered_covariance_t3,0.002
63254,GOOG,2025-03-25,signal,-1
63255,GOOG,2025-03-25,not_trust,0.00003635050234152004
63256,GOOG,2025-03-25,is_close,0
63257,GOOG,2025-03-25,final_signal,0
63258,GOOG,2025-03-29,lstm_pred_t3_close,0.6780894994735718
63259,GOOG,2025-03-29,ts_mixer_t3_close,0.7029083967208862
63260,GOOG,2025-03-29,mid_pred_t3_close,0.690498948097229
63261,GOOG,2025-03-29,pct_pred_close,0.004684498873122254
63262,GOOG,2025-03-29,filtered_mid_price_t3,0.6778564995989338
63263,GOOG,2025-03-29,filtered_covariance_t3,0.002
63264,GOOG,2025-03-26,signal,1
63265,GOOG,2025-03-26,not_trust,0.000004571093995764386
63266,GOOG,2025-03-26,is_close,1
63267,GOOG,2025-03-26,final_signal,1
63268,GOOG,2025-03-30,lstm_pred_t3_close,0.6740533113479614
63269,GOOG,2025-03-30,ts_mixer_t3_close,0.6947340369224548
63270,GOOG,2025-03-30,mid_pred_t3_close,0.6843936741352081
63271,GOOG,2025-03-30,pct_pred_close,0.0019287783004638753
63272,GOOG,2025-03-30,filtered_mid_price_t3,0.6791639345061886
63273,GOOG,2025-03-30,filtered_covariance_t3,0.002
63274,GOOG,2025-03-27,signal,1
63275,GOOG,2025-03-27,not_trust,0.000001669773155299481
63276,GOOG,2025-03-27,is_close,0
63277,GOOG,2025-03-27,final_signal,0
63278,GOOG,2025-03-31,lstm_pred_t3_close,0.6531440019607544
63279,GOOG,2025-03-31,ts_mixer_t3_close,0.6604539752006531
63280,GOOG,2025-03-31,mid_pred_t3_close,0.6567989885807037
63281,GOOG,2025-03-31,pct_pred_close,-0.006586022840493185
63282,GOOG,2025-03-31,filtered_mid_price_t3,0.6746909453210916
63283,GOOG,2025-03-31,filtered_covariance_t3,0.002
63284,GOOG,2025-03-28,signal,-1
63285,GOOG,2025-03-28,not_trust,0.000004636957783077378
63286,GOOG,2025-03-28,is_close,1
63287,GOOG,2025-03-28,final_signal,-1
63288,GOOG,2025-04-01,lstm_pred_t3_close,0.6531440019607544
63289,GOOG,2025-04-01,ts_mixer_t3_close,0.6604539752006531
63290,GOOG,2025-04-01,mid_pred_t3_close,0.6567989885807037
63291,GOOG,2025-04-01,pct_pred_close,-0.005303748883682723
63292,GOOG,2025-04-01,filtered_mid_price_t3,0.6711125539730141
63293,GOOG,2025-04-01,filtered_covariance_t3,0.002
63294,GOOG,2025-03-29,signal,-1
63295,GOOG,2025-03-29,not_trust,0.000004636957783077378
63296,GOOG,2025-04-02,lstm_pred_t3_close,0.6531440019607544
63297,GOOG,2025-04-02,ts_mixer_t3_close,0.6604539752006531
63298,GOOG,2025-04-02,mid_pred_t3_close,0.6567989885807037
63299,GOOG,2025-04-02,pct_pred_close,-0.00426562289963838
63300,GOOG,2025-04-02,filtered_mid_price_t3,0.668249840894552
63301,GOOG,2025-04-02,filtered_covariance_t3,0.002
63302,GOOG,2025-03-30,signal,-1
63303,GOOG,2025-03-30,not_trust,0.000004636957783077378
63304,GOOG,2025-04-03,lstm_pred_t3_close,0.6271969079971313
63305,GOOG,2025-04-03,ts_mixer_t3_close,0.64447420835495
63306,GOOG,2025-04-03,mid_pred_t3_close,0.6358355581760406
63307,GOOG,2025-04-03,pct_pred_close,-0.009701246669993991
63308,GOOG,2025-04-03,filtered_mid_price_t3,0.6617669843508497
63309,GOOG,2025-04-03,filtered_covariance_t3,0.002
63310,GOOG,2025-03-31,signal,-1
63311,GOOG,2025-03-31,not_trust,0.0000443770331912674
63312,GOOG,2025-03-31,is_close,0
63313,GOOG,2025-03-31,final_signal,0
63314,GOOG,2025-04-04,lstm_pred_t3_close,0.60964035987854
63315,GOOG,2025-04-04,ts_mixer_t3_close,0.6466436386108398
63316,GOOG,2025-04-04,mid_pred_t3_close,0.6281419992446899
63317,GOOG,2025-04-04,pct_pred_close,-0.010162182732383899
63318,GOOG,2025-04-04,filtered_mid_price_t3,0.6550419873296177
63319,GOOG,2025-04-04,filtered_covariance_t3,0.002
63320,GOOG,2025-04-01,signal,-1
63321,GOOG,2025-04-01,not_trust,0.000018931068552774377
63322,GOOG,2025-04-01,is_close,0
63323,GOOG,2025-04-01,final_signal,0
63324,GOOG,2025-04-05,lstm_pred_t3_close,0.6000237464904785
63325,GOOG,2025-04-05,ts_mixer_t3_close,0.6476326584815979
63326,GOOG,2025-04-05,mid_pred_t3_close,0.6238282024860382
63327,GOOG,2025-04-05,pct_pred_close,-0.009530315749934577
63328,GOOG,2025-04-05,filtered_mid_price_t3,0.6487992303609018
63329,GOOG,2025-04-05,filtered_covariance_t3,0.002
63330,GOOG,2025-04-02,signal,-1
63331,GOOG,2025-04-02,not_trust,0.000004440845714270836
63332,GOOG,2025-04-02,is_close,0
63333,GOOG,2025-04-02,final_signal,0
63334,GOOG,2025-04-06,lstm_pred_t3_close,0.5869168043136597
63335,GOOG,2025-04-06,ts_mixer_t3_close,0.6049962639808655
63336,GOOG,2025-04-06,mid_pred_t3_close,0.5959565341472626
63337,GOOG,2025-04-06,pct_pred_close,-0.016289383137598604
63338,GOOG,2025-04-06,filtered_mid_price_t3,0.638230691118174
63339,GOOG,2025-04-06,filtered_covariance_t3,0.002
63340,GOOG,2025-04-03,signal,-1
63341,GOOG,2025-04-03,not_trust,0.0000017894155917019816
63342,GOOG,2025-04-03,is_close,0
63343,GOOG,2025-04-03,final_signal,0
63344,GOOG,2025-04-07,lstm_pred_t3_close,0.5662088394165039
63345,GOOG,2025-04-07,ts_mixer_t3_close,0.5542234778404236
63346,GOOG,2025-04-07,mid_pred_t3_close,0.5602161586284637
63347,GOOG,2025-04-07,pct_pred_close,-0.024447126587732577
63348,GOOG,2025-04-07,filtered_mid_price_t3,0.6226277846202319
63349,GOOG,2025-04-07,filtered_covariance_t3,0.002
63350,GOOG,2025-04-04,signal,-1
63351,GOOG,2025-04-04,not_trust,0.0000010846936220332282
63352,GOOG,2025-04-04,is_close,0
63353,GOOG,2025-04-04,final_signal,0
63354,GOOG,2025-04-08,lstm_pred_t3_close,0.566208004951477
63355,GOOG,2025-04-08,ts_mixer_t3_close,0.5542197823524475
63356,GOOG,2025-04-08,mid_pred_t3_close,0.5602138936519623
63357,GOOG,2025-04-08,pct_pred_close,-0.020048540238639927
63358,GOOG,2025-04-08,filtered_mid_price_t3,0.610145006426578
63359,GOOG,2025-04-08,filtered_covariance_t3,0.002
63360,GOOG,2025-04-05,signal,-1
63361,GOOG,2025-04-05,not_trust,0.0000010843594964171643
63362,GOOG,2025-04-09,lstm_pred_t3_close,0.566208004951477
63363,GOOG,2025-04-09,ts_mixer_t3_close,0.5542197823524475
63364,GOOG,2025-04-09,mid_pred_t3_close,0.5602138936519623
63365,GOOG,2025-04-09,pct_pred_close,-0.016366965966679255
63366,GOOG,2025-04-09,filtered_mid_price_t3,0.6001587838716549
63367,GOOG,2025-04-09,filtered_covariance_t3,0.002
63368,GOOG,2025-04-06,signal,-1
63369,GOOG,2025-04-06,not_trust,0.0000010843594964171643
63370,GOOG,2025-04-10,lstm_pred_t3_close,0.566208004951477
63371,GOOG,2025-04-10,ts_mixer_t3_close,0.5542197823524475
63372,GOOG,2025-04-10,mid_pred_t3_close,0.5602138936519623
63373,GOOG,2025-04-10,pct_pred_close,-0.013311440669752752
63374,GOOG,2025-04-10,filtered_mid_price_t3,0.5921698058277164
63375,GOOG,2025-04-10,filtered_covariance_t3,0.002
63376,GOOG,2025-04-07,signal,-1
63377,GOOG,2025-04-07,not_trust,0.0000010843594964171643
63378,GOOG,2025-04-11,lstm_pred_t3_close,0.5662082433700562
63379,GOOG,2025-04-11,ts_mixer_t3_close,0.5542210936546326
63380,GOOG,2025-04-11,mid_pred_t3_close,0.5602146685123444
63381,GOOG,2025-04-11,pct_pred_close,-0.010792558823800933
63382,GOOG,2025-04-11,filtered_mid_price_t3,0.585778778364642
63383,GOOG,2025-04-11,filtered_covariance_t3,0.002
63384,GOOG,2025-04-08,signal,-1
63385,GOOG,2025-04-08,not_trust,0.0000010844743201232632
63386,GOOG,2025-04-12,lstm_pred_t3_close,0.5662076473236084
63387,GOOG,2025-04-12,ts_mixer_t3_close,0.5542184114456177
63388,GOOG,2025-04-12,mid_pred_t3_close,0.560213029384613
63389,GOOG,2025-04-12,pct_pred_close,-0.008728806820691711
63390,GOOG,2025-04-12,filtered_mid_price_t3,0.5806656285686362
63391,GOOG,2025-04-12,filtered_covariance_t3,0.002
63392,GOOG,2025-04-09,signal,-1
63393,GOOG,2025-04-09,not_trust,0.0000010842271649380564
63394,GOOG,2025-04-13,lstm_pred_t3_close,0.566207766532898
63395,GOOG,2025-04-13,ts_mixer_t3_close,0.5542184710502625
63396,GOOG,2025-04-13,mid_pred_t3_close,0.5602131187915802
63397,GOOG,2025-04-13,pct_pred_close,-0.007044505054474143
63398,GOOG,2025-04-13,filtered_mid_price_t3,0.5765751266132251
63399,GOOG,2025-04-13,filtered_covariance_t3,0.002
63400,GOOG,2025-04-10,signal,-1
63401,GOOG,2025-04-10,not_trust,0.000001084237510440289
63402,GOOG,2025-04-14,lstm_pred_t3_close,0.5662081241607666
63403,GOOG,2025-04-14,ts_mixer_t3_close,0.5542201399803162
63404,GOOG,2025-04-14,mid_pred_t3_close,0.5602141320705414
63405,GOOG,2025-04-14,pct_pred_close,-0.005675234253959992
63406,GOOG,2025-04-14,filtered_mid_price_t3,0.5733029277046884
63407,GOOG,2025-04-14,filtered_covariance_t3,0.002
63408,GOOG,2025-04-11,signal,-1
63409,GOOG,2025-04-11,not_trust,0.0000010843854170161649
63410,GOOG,2025-04-15,lstm_pred_t3_close,0.5662432909011841
63411,GOOG,2025-04-15,ts_mixer_t3_close,0.5801065564155579
63412,GOOG,2025-04-15,mid_pred_t3_close,0
63413,GOOG,2025-04-15,pct_pred_close,0
63414,GOOG,2025-04-15,filtered_mid_price_t3,0
63415,GOOG,2025-04-15,filtered_covariance_t3,0.0004761904761904762
63416,GOOG,2025-04-12,signal,0
63417,GOOG,2025-04-12,not_trust,1
